IncidentID,AgencyORI,AgencyName,IncidentStatusDesc,County,RdwyNumber,Street,RoadwayName,StreetSfx,StreetDir,IntersectionRdwy,IntersectionRdwyName,BetweenStRdwy1,BetweenStRdwyName1,BetweenStRdwy2,BetweenStRdwyName2,Latitude,Longitude,Milepoint,CollisionDate,CollisionTime,UnitsInvolved,MotorVehiclesInvolved,NumberKilled,NumberInjured,Weather,RdwyConditionCode,HitandRun,DirAnalysisCode,MannerofCollision,RdwyCharacter,LightCondition,RampFromRdwyId,RampToRdwyId,AcceptedDate,IsSecondaryCollision,OwnerBadge,IncidentStatus,
26656406,0561800,HERITAGE CREEK POLICE DEPT,Accepted,JEFFERSON,,8215,OLD BOUNDARY,RD,,,,,,,,38.142325842,-85.607398950,0.317,5/3/2020 12:00:00 AM,0340,1,1,0,0,,,True,RAN OFF ROADWAY (1 VEHICLE WITH/EARTH EMBANKMENT/DITCH),SINGLE VEHICLE,STRAIGHT & GRADE,,,,5/4/2020 7:13:12 AM,False,1265,Accepted,
26657217,0568000,LOUISVILLE METRO POLICE DEPT,Accepted,JEFFERSON,,3728,BONAVENTURE,BLVD,,,,,,,,38.122544523,-85.695410004,0.327,5/3/2020 12:00:00 AM,0509,2,2,0,0,CLEAR,DRY,False,1 VEHICLE PARKED POSITION (NOT PARKING LOT/DRIVEWAY),ANGLE,STRAIGHT & LEVEL,DARK (UNKNOWN ROADWAY LIGHTING),,,5/4/2020 9:44:59 AM,False,5248,Accepted,
26657235,0568000,LOUISVILLE METRO POLICE DEPT,Accepted,JEFFERSON,I 0264,,I264 W,,,I 0065,I65 W EXIT12 RAMP TO I65 S,,,,,38.190264371,-85.729405072,12.099,5/3/2020 12:00:00 AM,1409,2,2,0,0,CLEAR,DRY,False,SIDESWIPE-SAME DIRECTION,SIDESWIPE-SAME DIRECTION,CURVE & GRADE,DAYLIGHT,,,5/4/2020 9:45:54 AM,False,5045,Accepted,
26657236,0568000,LOUISVILLE METRO POLICE DEPT,Accepted,JEFFERSON,,,MELLWOOD,AVE,,,,,,,,38.269925263,-85.702842181,1.003,5/3/2020 12:00:00 AM,1730,2,2,0,0,CLEAR,DRY,False,1 VEHICLE ENTERING/LEAVING ENTRANCE,ANGLE,STRAIGHT & GRADE,DAYLIGHT,,,5/4/2020 9:45:57 AM,False,7023,Accepted,
26657242,0568000,LOUISVILLE METRO POLICE DEPT,Accepted,JEFFERSON,KY0022,9800,BROWNSBORO,RD,,,,,,,,38.313158420,-85.566782511,4.483,5/3/2020 12:00:00 AM,1819,1,1,0,0,RAINING,WET,False,COLLISION WITH FIXED OBJECT NON - INTERSECTION - FIRST EVENT COLLISION 09 - 32 EXCLUDING 16,SINGLE VEHICLE,STRAIGHT & LEVEL,DAYLIGHT,,,5/4/2020 9:46:08 AM,False,2489,Accepted,
26657225,0568000,LOUISVILLE METRO POLICE DEPT,Accepted,JEFFERSON,KY1931,,GREENWOOD,RD,,,COLUMBINE,,,,,38.144498638,-85.864211001,1.802,5/3/2020 12:00:00 AM,0814,1,1,0,2,CLEAR,DRY,False,NON-COLLISION OBJECT COLLISION,SINGLE VEHICLE,STRAIGHT & LEVEL,DAYLIGHT,,,5/4/2020 9:45:37 AM,False,2311,Accepted,
26668740,0568000,LOUISVILLE METRO POLICE DEPT,Accepted,JEFFERSON,I 0265,,I265 E,,,I 0265,I265 E EXIT17 OFF RAMP TO US31E,,,,,38.138366714,-85.592784327,16.732,5/3/2020 12:00:00 AM,2336,2,2,0,0,CLEAR,DRY,True,OTHER INTERSECTION COLLISIONS,REAR END,STRAIGHT & LEVEL,DARK-HWY LIGHTED/OFF,,,5/7/2020 9:14:50 AM,False,7315,Accepted,
26697001,0568000,LOUISVILLE METRO POLICE DEPT,Accepted,JEFFERSON,KY0841,,GENE SNYDER,FWY,,,,,,,,38.113754974,-85.795631283,4.935,5/2/2020 12:00:00 AM,1240,2,2,0,2,CLEAR,DRY,False,REAR END IN TRAFFIC LANES BOTH VEHICLES MOVING,REAR END,STRAIGHT & LEVEL,DAYLIGHT,,,5/15/2020 8:19:25 AM,True,7840,Accepted,
26684711,0568000,LOUISVILLE METRO POLICE DEPT,Accepted,JEFFERSON,,,20TH,ST,N,,COLUMBIA,,,,,38.261553511,-85.782657232,0.395,5/2/2020 12:00:00 AM,0113,1,1,0,0,CLEAR,DRY,True,COLLISION WITH FIXED OBJECT IN INTERSECTION - FIRST EVENT COLLISION 09 - 32,SINGLE VEHICLE,STRAIGHT & LEVEL,DARK-HWY LIGHTED/ON,,,5/12/2020 8:34:23 AM,False,7190,Accepted,
27036900,0568000,LOUISVILLE METRO POLICE DEPT,Accepted,JEFFERSON,KY1747,,FERN VALLEY,RD,,KY2052,SHEPHERDSVILLE,,,,,38.156287952,-85.659803083,3.963,5/2/2020 12:00:00 AM,0315,2,2,0,0,CLEAR,DRY,True,OTHER INTERSECTION COLLISIONS,REAR END,STRAIGHT & LEVEL,DARK-HWY LIGHTED/ON,,,8/4/2020 10:30:24 AM,False,5189,Accepted,
26657227,0568000,LOUISVILLE METRO POLICE DEPT,Accepted,JEFFERSON,KY0864,,POPLAR LEVEL,RD,,,,,INDIAN,,VALLA,38.171655703,-85.684903145,9.219,5/2/2020 12:00:00 AM,1849,2,2,0,0,CLEAR,DRY,False,SIDESWIPE COLLISION - SAME DIRECTION,SIDESWIPE-SAME DIRECTION,STRAIGHT & LEVEL,DAYLIGHT,,,5/4/2020 9:45:40 AM,False,7448,Accepted,
26657253,0568000,LOUISVILLE METRO POLICE DEPT,Accepted,JEFFERSON,US0150,,BROADWAY,,W,US0031W,22ND,,,,,38.249219380,-85.788192051,0.741,5/2/2020 12:00:00 AM,1859,2,2,0,0,CLEAR,DRY,False,OTHER INTERSECTION COLLISIONS,REAR END,STRAIGHT & LEVEL,DAYLIGHT,,,5/4/2020 9:46:39 AM,False,7253,Accepted,
26657251,0568000,LOUISVILLE METRO POLICE DEPT,Accepted,JEFFERSON,US0150,,22ND,ST,N,,GILLIGAN,,,,,38.266091967,-85.783931313,0.234,5/2/2020 12:00:00 AM,1928,2,2,0,0,CLEAR,DRY,False,OTHER INTERSECTION COLLISIONS,REAR END,STRAIGHT & LEVEL,DAYLIGHT,,,5/4/2020 9:46:31 AM,False,5158,Accepted,
26657252,0568000,LOUISVILLE METRO POLICE DEPT,Accepted,JEFFERSON,,,41ST,ST,N,,MAIN,,,,,38.265145125,-85.815860637,0.479,5/2/2020 12:00:00 AM,2048,2,2,0,0,CLEAR,DRY,True,COLLISION WITH PARKED VEHICLE,ANGLE,STRAIGHT & LEVEL,DARK-HWY LIGHTED/ON,,,5/4/2020 9:46:35 AM,False,5164,Accepted,
26657218,0568000,LOUISVILLE METRO POLICE DEPT,Accepted,JEFFERSON,KY0864,,POPLAR LEVEL,RD,,,PRODUCE,,,,,38.179187558,-85.691901189,9.917,5/2/2020 12:00:00 AM,2350,2,2,0,3,CLEAR,DRY,True,OPPOSING LEFT TURN,OPPOSING LEFT TURN,STRAIGHT & LEVEL,DARK-HWY LIGHTED/ON,,,5/4/2020 9:45:03 AM,False,5189,Accepted,
26657194,0568000,LOUISVILLE METRO POLICE DEPT,Accepted,JEFFERSON,KY1020,,NATIONAL,TPKE,,KY1065,OUTER,,,,,38.126988308,-85.749072412,3.667,5/2/2020 12:00:00 AM,0630,2,2,0,2,CLEAR,DRY,False,ANGLE COLLISION - OTHER,ANGLE,STRAIGHT & LEVEL,DAYLIGHT,,,5/4/2020 9:43:28 AM,False,5220,Accepted,
26657200,0568000,LOUISVILLE METRO POLICE DEPT,Accepted,JEFFERSON,I 0064,,I64 W,,,,,,,,,38.239587230,-85.675657594,9.332,5/2/2020 12:00:00 AM,1044,1,1,0,1,CLEAR,DRY,False,RAN OFF ROADWAY (1 VEHICLE WITH/EARTH EMBANKMENT/DITCH),SINGLE VEHICLE,CURVE & HILLCREST,DAYLIGHT,,,5/4/2020 9:43:50 AM,False,7840,Accepted,
26657201,0568000,LOUISVILLE METRO POLICE DEPT,Accepted,JEFFERSON,US0060,1928,FRANKFORT,AVE,,,,,,,,38.253981864,-85.698656642,1.229,5/2/2020 12:00:00 AM,1405,2,2,0,1,CLEAR,DRY,False,1 VEHICLE PARKED POSITION (NOT PARKING LOT/DRIVEWAY),REAR END,STRAIGHT & LEVEL,DAYLIGHT,,,5/4/2020 9:43:54 AM,False,2738,Accepted,
26657208,0568000,LOUISVILLE METRO POLICE DEPT,Accepted,JEFFERSON,,,GREENWOOD,RD,,KY1230,CANE RUN,,,,,38.147534404,-85.896174509,0.002,5/2/2020 12:00:00 AM,1944,2,2,0,1,CLEAR,DRY,False,ANGLE COLLISION - OTHER,ANGLE,STRAIGHT & LEVEL,DAYLIGHT,,,5/4/2020 9:44:15 AM,False,5048,Accepted,
26657209,0568000,LOUISVILLE METRO POLICE DEPT,Accepted,JEFFERSON,,,RIVER,RD,,,,,,,,38.263020031,-85.731724445,0.880,5/2/2020 12:00:00 AM,2238,3,3,0,0,CLEAR,DRY,False,1 VEHICLE PARKED POSITION (NOT PARKING LOT/DRIVEWAY),REAR END,STRAIGHT & LEVEL,DARK-HWY NOT LIGHTED,,,5/4/2020 9:44:21 AM,False,7863,Accepted,
26657210,0568000,LOUISVILLE METRO POLICE DEPT,Accepted,JEFFERSON,US0031E,,BARDSTOWN,RD,,,,,RANDOM,,DEL MARIA,38.170644315,-85.607728084,7.430,5/2/2020 12:00:00 AM,1855,2,2,0,2,CLEAR,DRY,True,OTHER ROADWAY OR MID-BLOCK COLLISION,OPPOSING LEFT TURN,STRAIGHT & LEVEL,DAYLIGHT,,,5/4/2020 9:44:27 AM,False,5288,Accepted,
26657211,0568000,LOUISVILLE METRO POLICE DEPT,Accepted,JEFFERSON,,3433,POWELL,AVE,,,,,,,,38.198406350,-85.790087725,0.222,5/2/2020 12:00:00 AM,2343,5,5,0,0,CLEAR,DRY,False,1 VEHICLE PARKED POSITION (NOT PARKING LOT/DRIVEWAY),REAR END,STRAIGHT & LEVEL,DARK-HWY LIGHTED/ON,,,5/4/2020 9:44:31 AM,False,5175,Accepted,
26655440,0561000,JEFFERSONTOWN POLICE DEPT,Accepted,JEFFERSON,,,WATTERSON,TRL,,,SAN MARCOS,,,,,38.183446190,-85.592475135,1.855,5/2/2020 12:00:00 AM,1508,2,2,0,0,CLEAR,DRY,False,OTHER INTERSECTION COLLISIONS,REAR END,STRAIGHT & LEVEL,DAYLIGHT,,,5/3/2020 10:55:18 PM,False,8316,Accepted,
26658955,0568000,LOUISVILLE METRO POLICE DEPT,Accepted,JEFFERSON,KY0061,,PRESTON,HWY,,,GILMORE,,,,,38.174644314,-85.712746712,6.880,5/2/2020 12:00:00 AM,1719,2,2,0,0,CLEAR,DRY,False,OTHER INTERSECTION COLLISIONS,REAR END,STRAIGHT & LEVEL,DAYLIGHT,,,5/4/2020 3:55:49 PM,False,5027,Accepted,
26658958,0568000,LOUISVILLE METRO POLICE DEPT,Accepted,JEFFERSON,KY1065,,OUTER,LOOP,,,,,,,,38.127054392,-85.748769278,2.527,5/2/2020 12:00:00 AM,0930,2,2,0,0,CLEAR,DRY,True,REAR END IN TRAFFIC LANES BOTH VEHICLES MOVING,REAR END,STRAIGHT & LEVEL,DAYLIGHT,,,5/4/2020 3:55:57 PM,False,7252,Accepted,
26657223,0568000,LOUISVILLE METRO POLICE DEPT,Accepted,JEFFERSON,US0031W,,DIXIE,HWY,,,BARRETT,,,,,38.102954879,-85.869679125,8.273,5/2/2020 12:00:00 AM,1834,2,2,0,1,CLEAR,DRY,False,OPPOSING LEFT TURN,OPPOSING LEFT TURN,STRAIGHT & LEVEL,DAYLIGHT,,,5/4/2020 9:45:26 AM,False,7496,Accepted,
26657229,0568000,LOUISVILLE METRO POLICE DEPT,Accepted,JEFFERSON,I 0264,,I264 W,,,,,I 0264,I264 W EXIT16 ON RAMP FROM US31E,I 0264,I264 W EXIT15A OFF RAMP TO KY1703 N,38.203428369,-85.684689509,14.763,5/2/2020 12:00:00 AM,1700,2,2,0,1,CLEAR,DRY,False,SIDESWIPE COLLISION - SAME DIRECTION,SIDESWIPE-SAME DIRECTION,STRAIGHT & LEVEL,DAYLIGHT,,,5/4/2020 9:45:44 AM,False,7793,Accepted,
26657238,0568000,LOUISVILLE METRO POLICE DEPT,Accepted,JEFFERSON,KY1747,,HURSTBOURNE,PKWY,,,HAMES,,,,,38.166586685,-85.606377485,7.321,5/2/2020 12:00:00 AM,1159,2,2,0,0,CLEAR,DRY,False,ANGLE COLLISION - OTHER,ANGLE,STRAIGHT & LEVEL,DAYLIGHT,,,5/4/2020 9:46:01 AM,False,7484,Accepted,
26657198,0568000,LOUISVILLE METRO POLICE DEPT,Accepted,JEFFERSON,KY1865,,NEW CUT,RD,,,,,,,,38.162731872,-85.779486404,3.852,5/2/2020 12:00:00 AM,1130,2,2,0,2,CLEAR,DRY,False,1 VEHICLE ENTERING/LEAVING ENTRANCE,ANGLE,STRAIGHT & LEVEL,DAYLIGHT,,,5/4/2020 9:43:43 AM,False,7053,Accepted,
26657204,0568000,LOUISVILLE METRO POLICE DEPT,Accepted,JEFFERSON,US0031W,,22ND,ST,S,,HOWARD,,,,,38.245645944,-85.788830836,19.310,5/2/2020 12:00:00 AM,1830,2,2,0,0,CLEAR,DRY,False,SIDESWIPE-SAME DIRECTION,SIDESWIPE-SAME DIRECTION,STRAIGHT & LEVEL,DAYLIGHT,,,5/4/2020 9:44:03 AM,False,5179,Accepted,
26657199,0568000,LOUISVILLE METRO POLICE DEPT,Accepted,JEFFERSON,I 0064,,I64 W,,,I 0064,I64 W EXIT19B RAMP TO I265 N,,,,,38.222738286,-85.499846340,19.181,5/2/2020 12:00:00 AM,1230,1,1,0,1,CLEAR,DRY,False,COLLISION WITH FIXED OBJECT IN INTERSECTION - FIRST EVENT COLLISION 09 - 32,SINGLE VEHICLE,STRAIGHT & LEVEL,DAYLIGHT,,,5/4/2020 9:43:47 AM,False,6334,Accepted,
26657216,0568000,LOUISVILLE METRO POLICE DEPT,Accepted,JEFFERSON,,3131,BROADWAY,,W,,,,32ND,,HAZEL,38.249821493,-85.805531744,0.944,5/2/2020 12:00:00 AM,2111,1,1,0,1,CLEAR,DRY,False,OCCUPANT FELL FROM MOVING VEHICLE,SINGLE VEHICLE,STRAIGHT & LEVEL,DARK-HWY LIGHTED/ON,,,5/4/2020 9:44:54 AM,False,5021,Accepted,
26657206,0568000,LOUISVILLE METRO POLICE DEPT,Accepted,JEFFERSON,I 0071,,I71 N,,,I 0071,I71 N EXIT2 ON RAMP FROM  ZORN AVE,,,,,38.282770339,-85.684575983,2.722,5/2/2020 12:00:00 AM,0830,1,1,0,0,CLEAR,DRY,False,OTHER INTERSECTION COLLISIONS,SINGLE VEHICLE,STRAIGHT & LEVEL,DAYLIGHT,,,5/4/2020 9:44:11 AM,False,5240,Accepted,
26657212,0568000,LOUISVILLE METRO POLICE DEPT,Accepted,JEFFERSON,I 0071,MILE 3,I71 N,,,,,,,,,38.285356258,-85.680552814,3.023,5/2/2020 12:00:00 AM,2100,8,8,0,3,CLEAR,DRY,False,OTHER ROADWAY OR MID-BLOCK COLLISION,REAR TO REAR,STRAIGHT & LEVEL,DAYLIGHT,,,5/4/2020 9:44:36 AM,False,5243,Accepted,
26657257,0568000,LOUISVILLE METRO POLICE DEPT,Accepted,JEFFERSON,KY0841,,GENE SNYDER,FWY,,,,,,,,38.119323613,-85.782521254,5.756,5/2/2020 12:00:00 AM,1213,1,1,0,1,CLEAR,DRY,False,COLLISION WITH FIXED OBJECT NON - INTERSECTION - FIRST EVENT COLLISION 09 - 32 EXCLUDING 16,SINGLE VEHICLE,STRAIGHT & GRADE,DAYLIGHT,,,5/4/2020 9:46:54 AM,False,7772,Accepted,
26668721,0568000,LOUISVILLE METRO POLICE DEPT,Accepted,JEFFERSON,KY1934,,CANE RUN,RD,,,,,FARNSLEY,,RONALD,38.202065960,-85.833631472,9.463,5/2/2020 12:00:00 AM,1437,2,2,0,1,CLEAR,DRY,False,REAR END IN TRAFFIC LANES BOTH VEHICLES MOVING,REAR END,STRAIGHT & LEVEL,DAYLIGHT,,,5/7/2020 9:13:26 AM,False,7381,Accepted,
26668738,0568000,LOUISVILLE METRO POLICE DEPT,Accepted,JEFFERSON,I 0264,,I264 W,,,,,,,,,38.190081672,-85.758945163,10.570,5/2/2020 12:00:00 AM,2358,2,2,0,0,CLEAR,DRY,True,REAR END IN TRAFFIC LANES BOTH VEHICLES MOVING,REAR END,STRAIGHT & LEVEL,DUSK,,,5/7/2020 9:14:43 AM,False,7400,Accepted,
26668739,0568000,LOUISVILLE METRO POLICE DEPT,Accepted,JEFFERSON,I 0264,,I264 W,,,,,,,,,38.190145890,-85.765538236,10.211,5/2/2020 12:00:00 AM,2358,2,2,0,1,CLEAR,DRY,True,REAR END IN TRAFFIC LANES BOTH VEHICLES MOVING,REAR END,STRAIGHT & LEVEL,DUSK,,,5/7/2020 9:14:46 AM,True,7400,Accepted,
26653528,0561000,JEFFERSONTOWN POLICE DEPT,Accepted,JEFFERSON,,8901,DEL CRISTO,DR,,,,,,,,38.186885512,-85.590458250,0.010,5/1/2020 12:00:00 AM,1415,1,1,0,0,CLEAR,DRY,True,COLLISION WITH FIXED OBJECT NON - INTERSECTION - FIRST EVENT COLLISION 09 - 32 EXCLUDING 16,SINGLE VEHICLE,STRAIGHT & LEVEL,DAYLIGHT,,,5/2/2020 10:56:27 PM,False,8316,Accepted,
26657191,0568000,LOUISVILLE METRO POLICE DEPT,Accepted,JEFFERSON,KY1703,,NEWBURG,RD,,,,,,,,38.201895010,-85.688747717,2.244,5/1/2020 12:00:00 AM,2009,2,2,0,0,CLEAR,DRY,True,OTHER ROADWAY OR MID-BLOCK COLLISION,OPPOSING LEFT TURN,STRAIGHT & LEVEL,DAYLIGHT,,,5/4/2020 9:43:20 AM,False,5250,Accepted,
26657180,0568000,LOUISVILLE METRO POLICE DEPT,Accepted,JEFFERSON,,,PRESTON CROSSING,BLVD,,,,,,,,38.106247348,-85.669897345,0.169,5/1/2020 12:00:00 AM,1200,2,2,0,0,CLEAR,DRY,False,OTHER ROADWAY OR MID-BLOCK COLLISION,OPPOSING LEFT TURN,STRAIGHT & HILLCREST,DAYLIGHT,,,5/4/2020 9:42:21 AM,False,7955,Accepted,
26657181,0568000,LOUISVILLE METRO POLICE DEPT,Accepted,JEFFERSON,KY0061,,PRESTON,HWY,,,,,,,,38.135549176,-85.685146653,3.745,5/1/2020 12:00:00 AM,0447,1,1,1,2,CLEAR,DRY,False,COLLISION WITH FIXED OBJECT NON - INTERSECTION - FIRST EVENT COLLISION 09 - 32 EXCLUDING 16,SINGLE VEHICLE,STRAIGHT & LEVEL,DARK-HWY NOT LIGHTED,,,5/4/2020 9:42:44 AM,False,6886,Accepted,
26657187,0568000,LOUISVILLE METRO POLICE DEPT,Accepted,JEFFERSON,,,HALE,AVE,,,16TH,,,,,38.237637113,-85.780817217,0.141,5/1/2020 12:00:00 AM,1823,3,3,0,2,CLEAR,DRY,True,ANGLE COLLISION - OTHER,ANGLE,STRAIGHT & LEVEL,DAYLIGHT,,,5/4/2020 9:43:05 AM,False,5179,Accepted,
26657190,0568000,LOUISVILLE METRO POLICE DEPT,Accepted,JEFFERSON,,228,SHAWNEE,TER,S,,,,,,,38.263447225,-85.822509064,0.236,5/1/2020 12:00:00 AM,2317,3,3,0,0,CLEAR,DRY,False,1 VEHICLE PARKED POSITION (NOT PARKING LOT/DRIVEWAY),ANGLE,STRAIGHT & LEVEL,DARK-HWY LIGHTED/ON,,,5/4/2020 9:43:16 AM,False,7481,Accepted,
26657196,0568000,LOUISVILLE METRO POLICE DEPT,Accepted,JEFFERSON,US0150,,BROADWAY,,W,,8TH,,,,,38.246705595,-85.765019439,2.016,5/1/2020 12:00:00 AM,1531,2,2,0,0,CLEAR,DRY,True,ANGLE COLLISION - OTHER,ANGLE,STRAIGHT & LEVEL,DAYLIGHT,,,5/4/2020 9:43:35 AM,False,5187,Accepted,
26689187,0568000,LOUISVILLE METRO POLICE DEPT,Accepted,JEFFERSON,,,7TH,ST,S,,BRECKINRIDGE,,,,,38.242641582,-85.764030623,1.756,5/1/2020 12:00:00 AM,1724,2,2,0,1,CLEAR,DRY,False,ANGLE COLLISION - OTHER,ANGLE,STRAIGHT & LEVEL,DAYLIGHT,,,5/13/2020 10:11:46 AM,False,7132,Accepted,
26657202,0568000,LOUISVILLE METRO POLICE DEPT,Accepted,JEFFERSON,KY1931,5604,GREENWOOD,RD,,,,,,,,38.144386831,-85.859956765,2.035,5/1/2020 12:00:00 AM,1934,1,1,0,2,CLEAR,DRY,False,OCCUPANT FELL FROM MOVING VEHICLE,SINGLE VEHICLE,STRAIGHT & LEVEL,DAYLIGHT,,,5/4/2020 9:43:59 AM,False,5212,Accepted,
26649162,0568000,LOUISVILLE METRO POLICE DEPT,Accepted,JEFFERSON,I 0065,,I65 S,,,,,,,,,38.221106668,-85.751473698,133.525,5/1/2020 12:00:00 AM,0001,1,1,0,0,CLOUDY,DRY,False,OTHER ROADWAY OR MID-BLOCK COLLISION,SINGLE VEHICLE,STRAIGHT & LEVEL,DARK-HWY LIGHTED/ON,,,5/1/2020 6:57:43 AM,False,5037,Accepted,
26657219,0568000,LOUISVILLE METRO POLICE DEPT,Accepted,JEFFERSON,,,BRECKINRIDGE,ST,E,,,,,,,38.241342221,-85.754122861,1.600,5/1/2020 12:00:00 AM,1400,2,2,0,1,CLEAR,DRY,True,1 VEHICLE ENTERING/LEAVING ENTRANCE,ANGLE,STRAIGHT & LEVEL,DAYLIGHT,,,5/4/2020 9:45:13 AM,True,5258,Accepted,
26657184,0568000,LOUISVILLE METRO POLICE DEPT,Accepted,JEFFERSON,KY1865,,TAYLOR,BLVD,,,,,,,,38.181782999,-85.783578529,5.189,5/1/2020 12:00:00 AM,1720,2,2,0,1,CLEAR,DRY,False,1 VEHICLE ENTERING/LEAVING ENTRANCE,ANGLE,STRAIGHT & LEVEL,DAYLIGHT,,,5/4/2020 9:42:52 AM,False,7204,Accepted,
26657185,0568000,LOUISVILLE METRO POLICE DEPT,Accepted,JEFFERSON,,,AIR COMMERCE,DR,,,TRANSGLOBAL,,,,,38.127700854,-85.717406218,0.538,5/1/2020 12:00:00 AM,1652,2,2,0,1,CLEAR,DRY,False,OPPOSING LEFT TURN,OPPOSING LEFT TURN,STRAIGHT & LEVEL,DAYLIGHT,,,5/4/2020 9:42:56 AM,False,7669,Accepted,
26657186,0568000,LOUISVILLE METRO POLICE DEPT,Accepted,JEFFERSON,KY0864,1200,LOGAN,ST,,,,,,,,38.233146533,-85.739981686,14.611,5/1/2020 12:00:00 AM,1705,3,3,0,0,CLEAR,DRY,True,COLLISION IN PARKING LOT,BACKING,STRAIGHT & LEVEL,DAYLIGHT,,,5/4/2020 9:43:01 AM,False,7407,Accepted,
26658797,0560600,WEST BUECHEL POLICE DEPT.,Accepted,JEFFERSON,KY1703,,KY1703 CONNECTOR FROM CR1002G,,,KY1703,NEWBURG,,,,,38.188206218,-85.669462677,0.153,5/1/2020 12:00:00 AM,1415,2,2,0,0,CLEAR,DRY,False,OTHER INTERSECTION COLLISIONS,REAR END,CURVE & GRADE,DAYLIGHT,,,5/4/2020 3:04:46 PM,False,1272,Accepted,
26657195,0568000,LOUISVILLE METRO POLICE DEPT,Accepted,JEFFERSON,,2003,TERRIL,LN,,,,,,,,38.204832923,-85.677699709,0.100,5/1/2020 12:00:00 AM,,1,1,0,0,CLEAR,DRY,True,COLLISION WITH FIXED OBJECT NON - INTERSECTION - FIRST EVENT COLLISION 09 - 32 EXCLUDING 16,SINGLE VEHICLE,STRAIGHT & LEVEL,DAYLIGHT,,,5/4/2020 9:43:32 AM,False,7283,Accepted,
26657220,0568000,LOUISVILLE METRO POLICE DEPT,Accepted,JEFFERSON,,,HILL,ST,W,,25TH,,,,,38.229963264,-85.797075780,2.213,5/1/2020 12:00:00 AM,2005,2,2,0,3,CLEAR,DRY,False,ANGLE COLLISION - OTHER,ANGLE,STRAIGHT & LEVEL,DAYLIGHT,,,5/4/2020 9:45:20 AM,False,7393,Accepted,
26683029,0560400,SHIVELY POLICE DEPARTMENT,Accepted,JEFFERSON,I 0264,,I264 W,,,,,,,,,38.207053558,-85.827829409,5.213,5/1/2020 12:00:00 AM,1459,2,2,0,1,CLEAR,DRY,False,SIDESWIPE COLLISION - SAME DIRECTION,SIDESWIPE-SAME DIRECTION,STRAIGHT & LEVEL,DAYLIGHT,,,5/11/2020 8:04:05 PM,False,7106,Accepted,
26790451,0568000,LOUISVILLE METRO POLICE DEPT,Accepted,JEFFERSON,I 0065,,,,,,,,,,,38.233919267,-85.750753926,0.011,4/30/2020 12:00:00 AM,1238,2,2,0,0,CLEAR,DRY,False,OTHER RAMP RELATED COLLISIONS NOT LISTED ABOVE,SIDESWIPE-SAME DIRECTION,CURVE & LEVEL,DAYLIGHT,I 0065,E SAINT CATHERINE ST,6/10/2020 8:08:55 AM,False,8278,Accepted,
26658963,0568000,LOUISVILLE METRO POLICE DEPT,Accepted,JEFFERSON,US0042,,BROWNSBORO,RD,,,,,LIGHTFOOT,,MOCKINGBIRD GARDENS,38.263908420,-85.673114832,3.474,4/30/2020 12:00:00 AM,1721,2,2,0,1,CLEAR,DRY,False,1 VEHICLE ENTERING/LEAVING ENTRANCE,ANGLE,STRAIGHT & LEVEL,DAYLIGHT,,,5/4/2020 3:56:28 PM,False,2673,Accepted,
26649156,0568000,LOUISVILLE METRO POLICE DEPT,Accepted,JEFFERSON,KY3082,2928,BANK,ST,,,,,,,,38.271216123,-85.796200481,0.774,4/30/2020 12:00:00 AM,1345,2,2,0,0,CLOUDY,WET,False,OTHER COLLISIONS ON SHOULDER,SIDESWIPE-SAME DIRECTION,STRAIGHT & LEVEL,DAYLIGHT,,,5/1/2020 6:57:22 AM,False,7345,Accepted,
26657183,0568000,LOUISVILLE METRO POLICE DEPT,Accepted,JEFFERSON,,,41ST,ST,S,,BROADWAY,,,,,38.250309633,-85.819948911,1.012,4/30/2020 12:00:00 AM,2126,2,1,1,0,CLEAR,DRY,True,COLLISION WITH PEDESTRIAN IN INTERSECTION,SINGLE VEHICLE,STRAIGHT & LEVEL,DARK-HWY LIGHTED/ON,,,5/4/2020 9:42:48 AM,False,7772,Accepted,
26649153,0568000,LOUISVILLE METRO POLICE DEPT,Accepted,JEFFERSON,KY0155,,TAYLORSVILLE,RD,,I 0265,I265 E EXIT23 OFF RAMP TO KY155,,,,,38.188998089,-85.507972234,6.002,4/30/2020 12:00:00 AM,1400,3,3,0,0,CLOUDY,WET,True,OTHER INTERSECTION COLLISIONS,REAR END,,DAYLIGHT,,,5/1/2020 6:57:09 AM,False,2308,Accepted,
26649161,0568000,LOUISVILLE METRO POLICE DEPT,Accepted,JEFFERSON,KY1447,10403,WESTPORT,RD,,,,,,,,38.293857224,-85.559190330,6.037,4/30/2020 12:00:00 AM,1330,2,2,0,0,RAINING,WET,False,1 VEHICLE ENTERING/LEAVING ENTRANCE,ANGLE,STRAIGHT & GRADE,DAYLIGHT,,,5/1/2020 6:57:40 AM,False,7349,Accepted,