IncidentID,AgencyORI,AgencyName,IncidentStatusDesc,County,RdwyNumber,Street,RoadwayName,StreetSfx,StreetDir,IntersectionRdwy,IntersectionRdwyName,BetweenStRdwy1,BetweenStRdwyName1,BetweenStRdwy2,BetweenStRdwyName2,Latitude,Longitude,Milepoint,CollisionDate,CollisionTime,UnitsInvolved,MotorVehiclesInvolved,NumberKilled,NumberInjured,Weather,RdwyConditionCode,HitandRun,DirAnalysisCode,MannerofCollision,RdwyCharacter,LightCondition,RampFromRdwyId,RampToRdwyId,AcceptedDate,IsSecondaryCollision,OwnerBadge,IncidentStatus,
26636185,0568000,LOUISVILLE METRO POLICE DEPT,Accepted,JEFFERSON,KY0061,,JACKSON,ST,S,,WOODBINE,,,,,38.229103234,-85.748343576,11.157,4/26/2020 12:00:00 AM,0326,2,2,0,0,RAINING,WET,True,HEAD-ON COLLISION,HEAD ON,CURVE & LEVEL,DARK-HWY LIGHTED/ON,,,4/27/2020 11:35:11 AM,False,5249,Accepted,
26636186,0568000,LOUISVILLE METRO POLICE DEPT,Accepted,JEFFERSON,KY0061,1222,PRESTON,ST,S,,,,,,,38.233161895,-85.749644763,11.382,4/26/2020 12:00:00 AM,0024,2,2,0,0,RAINING,WET,True,1 VEHICLE PARKED POSITION (NOT PARKING LOT/DRIVEWAY),SIDESWIPE-SAME DIRECTION,STRAIGHT & LEVEL,DARK-HWY LIGHTED/ON,,,4/27/2020 11:35:15 AM,False,5037,Accepted,
26636211,0568000,LOUISVILLE METRO POLICE DEPT,Accepted,JEFFERSON,,,DUNCAN,ST,,,25TH,,,,,38.263253554,-85.791908843,0.822,4/26/2020 12:00:00 AM,2120,2,2,0,0,CLEAR,DRY,True,ANGLE COLLISION - OTHER,ANGLE,STRAIGHT & LEVEL,OTHER,,,4/27/2020 11:36:35 AM,False,7173,Accepted,
26636196,0568000,LOUISVILLE METRO POLICE DEPT,Accepted,JEFFERSON,,,MUHAMMAD ALI,BLVD,W,,PLACE BLANC,,,,,38.252551888,-85.770445257,0.984,4/26/2020 12:00:00 AM,1512,2,2,0,2,CLOUDY,DRY,False,ANGLE COLLISION - OTHER,ANGLE,STRAIGHT & LEVEL,DAYLIGHT,,,4/27/2020 11:35:46 AM,False,5105,Accepted,
26636203,0568000,LOUISVILLE METRO POLICE DEPT,Accepted,JEFFERSON,,8415,FERNDALE,RD,,,,,,,,38.155692316,-85.603933744,0.767,4/26/2020 12:00:00 AM,1317,1,1,0,0,RAINING,WET,False,COLLISION WITH FIXED OBJECT NON - INTERSECTION - FIRST EVENT COLLISION 09 - 32 EXCLUDING 16,SINGLE VEHICLE,STRAIGHT & LEVEL,DAYLIGHT,,,4/27/2020 11:36:06 AM,False,7812,Accepted,
26636204,0568000,LOUISVILLE METRO POLICE DEPT,Accepted,JEFFERSON,US0150,,BROADWAY,,W,,,,,,,38.247796099,-85.773111536,1.569,4/26/2020 12:00:00 AM,1514,1,1,0,0,CLOUDY,DRY,False,COLLISION WITH FIXED OBJECT NON - INTERSECTION - FIRST EVENT COLLISION 09 - 32 EXCLUDING 16,SINGLE VEHICLE,STRAIGHT & LEVEL,DAYLIGHT,,,4/27/2020 11:36:09 AM,False,5151,Accepted,
26649149,0568000,LOUISVILLE METRO POLICE DEPT,Accepted,JEFFERSON,I 0065,,I65 N,,,,,,,,,38.206748320,-85.748516077,132.405,4/26/2020 12:00:00 AM,1530,2,2,0,3,CLOUDY,DRY,False,OTHER ROADWAY OR MID-BLOCK COLLISION,REAR END,CURVE & GRADE,DAYLIGHT,,,5/1/2020 6:56:55 AM,False,7628,Accepted,
26636208,0568000,LOUISVILLE METRO POLICE DEPT,Accepted,JEFFERSON,I 0064,,I64 E,,,,,,,,,38.223757475,-85.580188753,14.959,4/26/2020 12:00:00 AM,0043,2,2,0,4,RAINING,WET,False,HEAD-ON COLLISION,HEAD ON,STRAIGHT & GRADE,DARK-HWY NOT LIGHTED,,,4/27/2020 11:36:24 AM,False,5222,Accepted,
26636213,0568000,LOUISVILLE METRO POLICE DEPT,Accepted,JEFFERSON,KY1931,,7TH ST,RD,,,BERNHEIM,,,,,38.219726992,-85.777767962,10.458,4/26/2020 12:00:00 AM,2012,2,2,0,0,CLEAR,DRY,False,ANGLE COLLISION - OTHER,ANGLE,STRAIGHT & LEVEL,DAYLIGHT,,,4/27/2020 11:36:38 AM,False,7321,Accepted,
26636181,0568000,LOUISVILLE METRO POLICE DEPT,Accepted,JEFFERSON,I 0265,,I265 S,,,I 0064,I265 S EXIT25A RAMP TO I64 E,,,,,38.222762945,-85.505727060,25.448,4/26/2020 12:00:00 AM,0030,2,2,0,4,RAINING,WET,False,OTHER INTERSECTION COLLISIONS,REAR END,STRAIGHT & LEVEL,DARK-HWY LIGHTED/ON,,,4/27/2020 11:34:56 AM,False,7408,Accepted,
26636183,0568000,LOUISVILLE METRO POLICE DEPT,Accepted,JEFFERSON,KY1065,,OUTER,LOOP,,,,,,,,38.137353036,-85.629323090,9.203,4/26/2020 12:00:00 AM,0201,1,1,0,0,RAINING,WET,False,OTHER COLLISIONS ON SHOULDER,SINGLE VEHICLE,STRAIGHT & GRADE,DARK-HWY NOT LIGHTED,,,4/27/2020 11:35:04 AM,False,7106,Accepted,
26636189,0568000,LOUISVILLE METRO POLICE DEPT,Accepted,JEFFERSON,US0031W,,22ND,ST,S,,HILL,,,,,38.228899995,-85.792850865,18.158,4/26/2020 12:00:00 AM,0401,2,2,0,0,RAINING,WET,False,ANGLE COLLISION - OTHER,ANGLE,STRAIGHT & LEVEL,DARK-HWY LIGHTED/ON,,,4/27/2020 11:35:23 AM,False,5239,Accepted,
26636199,0568000,LOUISVILLE METRO POLICE DEPT,Accepted,JEFFERSON,I 0065,,I65 N,,,,,,,,,38.206666576,-85.746916557,132.311,4/26/2020 12:00:00 AM,1245,1,1,0,0,RAINING,WET,False,COLLISION WITH FIXED OBJECT NON - INTERSECTION - FIRST EVENT COLLISION 09 - 32 EXCLUDING 16,SINGLE VEHICLE,STRAIGHT & LEVEL,DAYLIGHT,,,4/27/2020 11:35:55 AM,False,5233,Accepted,
26636205,0568000,LOUISVILLE METRO POLICE DEPT,Accepted,JEFFERSON,,,PATTON,CT,,,13TH,,,,,38.225012636,-85.778043096,0.234,4/26/2020 12:00:00 AM,1609,3,2,0,1,CLOUDY,DRY,False,SIDESWIPE-SAME DIRECTION,SIDESWIPE-SAME DIRECTION,STRAIGHT & HILLCREST,DAYLIGHT,,,4/27/2020 11:36:12 AM,False,5253,Accepted,
26636200,0568000,LOUISVILLE METRO POLICE DEPT,Accepted,JEFFERSON,KY2801,,FLORENCE,AVE,W,,,KY1020,SOUTHERN,,3RD,38.191161539,-85.765784794,0.211,4/26/2020 12:00:00 AM,0651,2,2,0,0,RAINING,WET,True,HEAD-ON COLLISION,HEAD ON,STRAIGHT & LEVEL,DAWN,,,4/27/2020 11:35:59 AM,False,7207,Accepted,
27644750,0568000,LOUISVILLE METRO POLICE DEPT,Accepted,JEFFERSON,KY1865,,TAYLOR,BLVD,,,,,,,,38.184406622,-85.783930816,5.375,4/26/2020 12:00:00 AM,1242,2,2,0,1,RAINING,WET,True,1 VEHICLE ENTERING/LEAVING ENTRANCE,ANGLE,STRAIGHT & LEVEL,DAYLIGHT,,,1/7/2021 11:16:23 AM,False,7667,Accepted,
26649163,0568000,LOUISVILLE METRO POLICE DEPT,Accepted,JEFFERSON,KY3217,,37TH,ST,N,KY3082,BANK,,,,,38.272139879,-85.807923378,0.152,4/26/2020 12:00:00 AM,2300,2,2,0,0,CLEAR,DRY,False,COLLISION IN PARKING LOT,BACKING,STRAIGHT & LEVEL,DARK-HWY LIGHTED/ON,,,5/1/2020 6:57:46 AM,False,7416,Accepted,
26680040,0568000,LOUISVILLE METRO POLICE DEPT,Accepted,JEFFERSON,I 0264,,,,,,,,,,,38.238204044,-85.815673660,0.202,4/25/2020 12:00:00 AM,1950,2,2,0,0,RAINING,WET,False,OTHER RAMP RELATED COLLISIONS NOT LISTED ABOVE,REAR END,STRAIGHT & GRADE,DARK-HWY LIGHTED/ON,I 0264,DUMESNIL ST,5/11/2020 8:30:21 AM,False,5181,Accepted,
26697021,0568000,LOUISVILLE METRO POLICE DEPT,Accepted,JEFFERSON,KY1020,,SOUTHERN,PKWY,,,WINN,,,,,38.199016716,-85.766788087,9.012,4/25/2020 12:00:00 AM,1852,2,2,0,0,RAINING,WET,True,SIDESWIPE-SAME DIRECTION,SIDESWIPE-SAME DIRECTION,STRAIGHT & LEVEL,DARK-HWY LIGHTED/ON,,,5/15/2020 8:20:45 AM,False,7462,Accepted,
26636206,0568000,LOUISVILLE METRO POLICE DEPT,Accepted,JEFFERSON,,2705,ROCKFORD,LN,,,,,,,,38.183872258,-85.854185371,0.044,4/25/2020 12:00:00 AM,2139,2,2,0,0,RAINING,WET,False,1 VEHICLE ENTERING/LEAVING ENTRANCE,ANGLE,CURVE & LEVEL,DARK-HWY LIGHTED/ON,,,4/27/2020 11:36:16 AM,False,5263,Accepted,
26636182,0568000,LOUISVILLE METRO POLICE DEPT,Accepted,JEFFERSON,,,38TH,ST,N,,,,,,,38.271934890,-85.810631254,0.002,4/25/2020 12:00:00 AM,2307,2,2,0,0,RAINING,WET,False,1 VEHICLE ENTERING/LEAVING ENTRANCE,ANGLE,STRAIGHT & LEVEL,DARK-HWY LIGHTED/ON,,,4/27/2020 11:35:00 AM,False,5216,Accepted,
26636175,0568000,LOUISVILLE METRO POLICE DEPT,Accepted,JEFFERSON,KY1934,3845,CANE RUN,RD,,,,,,,,38.215059917,-85.818430109,10.682,4/25/2020 12:00:00 AM,0727,1,1,0,1,CLEAR,DRY,False,COLLISION WITH FIXED OBJECT NON - INTERSECTION - FIRST EVENT COLLISION 09 - 32 EXCLUDING 16,SINGLE VEHICLE,STRAIGHT & LEVEL,DAYLIGHT,,,4/27/2020 11:34:33 AM,False,5161,Accepted,
26636191,0568000,LOUISVILLE METRO POLICE DEPT,Accepted,JEFFERSON,,,CHAMBERLAIN,LN,,,WOLF PEN BRANCH,,,,,38.321416712,-85.570902780,4.682,4/25/2020 12:00:00 AM,0025,1,1,0,0,CLEAR,DRY,True,COLLISION WITH FIXED OBJECT IN INTERSECTION - FIRST EVENT COLLISION 09 - 32,SINGLE VEHICLE,STRAIGHT & LEVEL,DARK-HWY LIGHTED/OFF,,,4/27/2020 11:35:32 AM,False,5056,Accepted,
26636174,0568000,LOUISVILLE METRO POLICE DEPT,Accepted,JEFFERSON,,,MARKET,ST,W,,26TH,,,,,38.259555818,-85.793691266,0.396,4/25/2020 12:00:00 AM,1609,2,2,0,0,RAINING,WET,True,REAR END - ONE VEHICLE TURNING LEFT,REAR END,STRAIGHT & LEVEL,DAYLIGHT,,,4/27/2020 11:34:28 AM,False,7345,Accepted,
26636180,0568000,LOUISVILLE METRO POLICE DEPT,Accepted,JEFFERSON,KY1931,,7TH ST,RD,,,BERNHEIM,,,,,38.219752268,-85.777748704,10.460,4/25/2020 12:00:00 AM,2018,1,1,0,1,RAINING,WATER (STANDING OR MOVING),False,COLLISION WITH FIXED OBJECT IN INTERSECTION - FIRST EVENT COLLISION 09 - 32,SINGLE VEHICLE,STRAIGHT & LEVEL,DUSK,,,4/27/2020 11:34:52 AM,False,7437,Accepted,
26636164,0568000,LOUISVILLE METRO POLICE DEPT,Accepted,JEFFERSON,KY1020,,SOUTHERN,PKWY,,,ASHLAND,,,,,38.185228925,-85.767444507,8.076,4/25/2020 12:00:00 AM,0221,1,1,0,0,CLEAR,DRY,False,COLLISION WITH FIXED OBJECT IN INTERSECTION - FIRST EVENT COLLISION 09 - 32,SINGLE VEHICLE,STRAIGHT & LEVEL,DARK (UNKNOWN ROADWAY LIGHTING),,,4/27/2020 11:33:49 AM,False,5284,Accepted,
26636165,0568000,LOUISVILLE METRO POLICE DEPT,Accepted,JEFFERSON,,,BROADWAY,,W,US0031W,22ND,,,,,38.249276482,-85.788229883,0.004,4/25/2020 12:00:00 AM,0400,1,1,0,1,CLEAR,DRY,False,OTHER INTERSECTION COLLISIONS,SINGLE VEHICLE,STRAIGHT & LEVEL,DARK-HWY LIGHTED/ON,,,4/27/2020 11:33:53 AM,False,5047,Accepted,
26636166,0568000,LOUISVILLE METRO POLICE DEPT,Accepted,JEFFERSON,,,6TH,ST,S,,OAK,,,,,38.235329673,-85.763654099,1.509,4/25/2020 12:00:00 AM,0044,2,2,0,0,CLEAR,DRY,False,ANGLE COLLISION - OTHER,ANGLE,STRAIGHT & LEVEL,DARK-HWY LIGHTED/ON,,,4/27/2020 11:33:56 AM,False,5230,Accepted,
26636171,0568000,LOUISVILLE METRO POLICE DEPT,Accepted,JEFFERSON,US0031W,,DIXIE,HWY,,,,,,,,38.143460351,-85.839702268,11.688,4/25/2020 12:00:00 AM,0910,3,3,0,1,CLOUDY,DRY,False,REAR END IN TRAFFIC LANES BOTH VEHICLES MOVING,REAR END,STRAIGHT & LEVEL,DAYLIGHT,,,4/27/2020 11:34:16 AM,False,7234,Accepted,
26636172,0568000,LOUISVILLE METRO POLICE DEPT,Accepted,JEFFERSON,,,LARCHMONT,AVE,,,,,COLORADO,,LINDBERGH,38.211847249,-85.781850431,0.503,4/25/2020 12:00:00 AM,1404,2,2,0,0,RAINING,WET,False,SIDESWIPE COLLISION - OPPOSITE DIRECTION,SIDESWIPE-OPPOSITE DIRECTION,STRAIGHT & LEVEL,DAYLIGHT,,,4/27/2020 11:34:21 AM,False,2927,Accepted,
26636223,0568000,LOUISVILLE METRO POLICE DEPT,Accepted,JEFFERSON,,,CHESTNUT,ST,E,,1ST,,,,,38.248403559,-85.752959165,0.002,4/25/2020 12:00:00 AM,1510,2,2,0,1,RAINING,WET,False,ANGLE COLLISION - OTHER,ANGLE,STRAIGHT & LEVEL,DAYLIGHT,,,4/27/2020 11:37:36 AM,False,7058,Accepted,
26636184,0568000,LOUISVILLE METRO POLICE DEPT,Accepted,JEFFERSON,,,DEERING,RD,,,CHARIOT RUN,,,,,38.104434093,-85.861358287,0.086,4/25/2020 12:00:00 AM,0150,1,1,0,0,CLEAR,DRY,False,COLLISION WITH FIXED OBJECT IN INTERSECTION - FIRST EVENT COLLISION 09 - 32,SINGLE VEHICLE,STRAIGHT & LEVEL,DARK (UNKNOWN ROADWAY LIGHTING),,,4/27/2020 11:35:08 AM,False,5266,Accepted,
26636187,0568000,LOUISVILLE METRO POLICE DEPT,Accepted,JEFFERSON,,,MARGEE,DR,,KY1934,CANE RUN,,,,,38.192581953,-85.846186532,0.005,4/25/2020 12:00:00 AM,2048,2,2,0,4,RAINING,WET,False,OPPOSING LEFT TURN,OPPOSING LEFT TURN,STRAIGHT & LEVEL,DARK-HWY LIGHTED/ON,,,4/27/2020 11:35:19 AM,False,5265,Accepted,
26636193,0568000,LOUISVILLE METRO POLICE DEPT,Accepted,JEFFERSON,I 0264,,I264 W,,,,,,,,,38.211956851,-85.824582264,4.802,4/25/2020 12:00:00 AM,1829,1,1,0,2,RAINING,WET,False,COLLISION WITH FIXED OBJECT NON - INTERSECTION - FIRST EVENT COLLISION 09 - 32 EXCLUDING 16,SINGLE VEHICLE,CURVE & LEVEL,DAWN,,,4/27/2020 11:35:35 AM,False,5280,Accepted,
26636195,0568000,LOUISVILLE METRO POLICE DEPT,Accepted,JEFFERSON,I 0071,,I71 N,,,,,,,,,38.325214352,-85.550605968,10.959,4/25/2020 12:00:00 AM,1809,1,1,0,0,RAINING,WET,False,OTHER COLLISIONS ON SHOULDER,SINGLE VEHICLE,STRAIGHT & LEVEL,DAYLIGHT,,,4/27/2020 11:35:43 AM,False,7751,Accepted,
26636167,0568000,LOUISVILLE METRO POLICE DEPT,Accepted,JEFFERSON,,3226,GRAND,AVE,,,,,,,,38.240852788,-85.807818882,,4/25/2020 12:00:00 AM,0102,1,1,0,1,CLEAR,DRY,False,COLLISION WITH FIXED OBJECT NON - INTERSECTION - FIRST EVENT COLLISION 09 - 32 EXCLUDING 16,SINGLE VEHICLE,STRAIGHT & LEVEL,DARK-HWY LIGHTED/ON,,,4/27/2020 11:34:01 AM,False,7948,Accepted,
26636168,0568000,LOUISVILLE METRO POLICE DEPT,Accepted,JEFFERSON,,508,4TH,ST,S,,,,,,,38.250023915,-85.758079845,0.462,4/25/2020 12:00:00 AM,0815,1,1,0,0,CLEAR,DRY,False,COLLISION IN PARKING LOT,SINGLE VEHICLE,STRAIGHT & GRADE,DAYLIGHT,,,4/27/2020 11:34:04 AM,False,7937,Accepted,
26636176,0568000,LOUISVILLE METRO POLICE DEPT,Accepted,JEFFERSON,,,WINTER,AVE,,,BARRET,,,,,38.235704090,-85.727640419,0.289,4/25/2020 12:00:00 AM,1615,2,2,0,0,CLOUDY,WET,False,OPPOSING LEFT TURN,OPPOSING LEFT TURN,STRAIGHT & LEVEL,DAYLIGHT,,,4/27/2020 11:34:38 AM,False,5020,Accepted,
26636177,0568000,LOUISVILLE METRO POLICE DEPT,Accepted,JEFFERSON,,1329,28TH,ST,S,,,,,,,38.235063154,-85.800425172,1.806,4/25/2020 12:00:00 AM,1900,2,2,0,2,RAINING,WET,False,1 VEHICLE PARKED POSITION (NOT PARKING LOT/DRIVEWAY),ANGLE,STRAIGHT & LEVEL,DAYLIGHT,,,4/27/2020 11:34:42 AM,False,7343,Accepted,
26636178,0568000,LOUISVILLE METRO POLICE DEPT,Accepted,JEFFERSON,KY0061,,PRESTON,HWY,,I 0265,I265 W EXIT12 OFF RAMP TO KY61 S,,,,,38.111738504,-85.675337049,1.991,4/25/2020 12:00:00 AM,1824,2,2,0,0,CLOUDY,DRY,False,ANGLE COLLISION - ONE VEHICLE TURNING LEFT,ANGLE,STRAIGHT & LEVEL,DAYLIGHT,,,4/27/2020 11:34:46 AM,False,7586,Accepted,
26636153,0568000,LOUISVILLE METRO POLICE DEPT,Accepted,JEFFERSON,KY1747,,FERN VALLEY,RD,,,,,,,,38.155983979,-85.651590514,4.420,4/24/2020 12:00:00 AM,1239,2,2,0,0,CLOUDY,DRY,False,1 VEHICLE ENTERING/LEAVING ENTRANCE,ANGLE,STRAIGHT & LEVEL,DAYLIGHT,,,4/27/2020 11:33:14 AM,False,2547,Accepted,
26636154,0568000,LOUISVILLE METRO POLICE DEPT,Accepted,JEFFERSON,I 0071,,I71 S,,,,,,,,,38.290408737,-85.643845748,5.230,4/24/2020 12:00:00 AM,0646,1,1,0,1,CLOUDY,WET,False,RAN OFF ROADWAY (1 VEHICLE WITH/EARTH EMBANKMENT/DITCH),SINGLE VEHICLE,CURVE & GRADE,DARK-HWY LIGHTED/OFF,,,4/27/2020 11:33:18 AM,False,2395,Accepted,
26636161,0568000,LOUISVILLE METRO POLICE DEPT,Accepted,JEFFERSON,KY1450,,BLUE LICK,RD,,,OLD SCHOOL HOUSE,,,,,38.102566725,-85.693664166,1.192,4/24/2020 12:00:00 AM,1944,1,1,0,1,CLEAR,DRY,False,OTHER INTERSECTION COLLISIONS,SINGLE VEHICLE,CURVE & LEVEL,DAYLIGHT,,,4/27/2020 11:33:41 AM,False,7474,Accepted,
26636159,0568000,LOUISVILLE METRO POLICE DEPT,Accepted,JEFFERSON,US0031W,,DIXIE,HWY,,,FLINTLOCK,,,,,38.160738301,-85.832360164,12.781,4/24/2020 12:00:00 AM,1804,2,2,0,2,CLOUDY,DRY,False,OTHER INTERSECTION COLLISIONS,REAR END,STRAIGHT & LEVEL,DAYLIGHT,,,4/27/2020 11:33:37 AM,False,7356,Accepted,
26636169,0568000,LOUISVILLE METRO POLICE DEPT,Accepted,JEFFERSON,,,45TH,ST,S,,GRAND,,,,,38.243877796,-85.827799329,0.459,4/24/2020 12:00:00 AM,1013,2,2,0,1,CLEAR,DRY,True,ANGLE COLLISION - OTHER,ANGLE,STRAIGHT & LEVEL,DAYLIGHT,,,4/27/2020 11:34:08 AM,False,7329,Accepted,
26646830,0568000,LOUISVILLE METRO POLICE DEPT,Accepted,JEFFERSON,I 0071,,I71 S,,,I 0071,I71 S EXIT5 RAMP TO I264 W,,,,,38.290440649,-85.643920878,5.226,4/24/2020 12:00:00 AM,0646,1,1,0,0,CLOUDY,WET,False,COLLISION WITH FIXED OBJECT IN INTERSECTION - FIRST EVENT COLLISION 09 - 32,SINGLE VEHICLE,CURVE & GRADE,DARK-HWY LIGHTED/ON,,,4/30/2020 12:05:36 PM,True,7720,Accepted,
26636201,0568000,LOUISVILLE METRO POLICE DEPT,Accepted,JEFFERSON,KY1230,,LOWER RIVER,RD,,,MOORMAN,,,,,38.096011428,-85.893214150,2.466,4/24/2020 12:00:00 AM,1854,2,2,0,2,CLEAR,DRY,False,ANGLE COLLISION - OTHER,ANGLE,STRAIGHT & LEVEL,DAYLIGHT,,,4/27/2020 11:36:02 AM,False,7373,Accepted,
26645393,0568000,LOUISVILLE METRO POLICE DEPT,Accepted,JEFFERSON,I 0264,,,,,,,,,,,38.187113368,-85.785252519,0.091,4/24/2020 12:00:00 AM,1700,2,2,0,1,CLOUDY,WET,False,OTHER RAMP RELATED COLLISIONS NOT LISTED ABOVE,ANGLE,CURVE & GRADE,DAYLIGHT,KY1865,I 0264,4/30/2020 8:06:01 AM,False,5289,Accepted,
26732018,0568000,LOUISVILLE METRO POLICE DEPT,Accepted,JEFFERSON,,616,ST CATHERINE,ST,W,,,,,,,38.237550540,-85.762768919,0.432,4/24/2020 12:00:00 AM,0643,3,3,0,0,CLEAR,DRY,False,1 VEHICLE PARKED POSITION (NOT PARKING LOT/DRIVEWAY),BACKING,STRAIGHT & LEVEL,DAYLIGHT,,,5/25/2020 8:59:34 AM,False,5186,Accepted,
26636190,0568000,LOUISVILLE METRO POLICE DEPT,Accepted,JEFFERSON,,4104,BRIDGEWOOD,CT,,,,,,,,38.302253965,-85.540642666,0.030,4/24/2020 12:00:00 AM,2251,2,2,0,0,CLEAR,DRY,False,COLLISION IN PARKING LOT,ANGLE,STRAIGHT & LEVEL,DARK-HWY LIGHTED/ON,,,4/27/2020 11:35:28 AM,False,5056,Accepted,
26636216,0568000,LOUISVILLE METRO POLICE DEPT,Accepted,JEFFERSON,,,ETLEY,AVE,,US0060A,GRINSTEAD,,,,,38.244310352,-85.704297139,0.019,4/24/2020 12:00:00 AM,2040,2,2,0,0,CLEAR,DRY,False,OTHER INTERSECTION COLLISIONS,REAR END,STRAIGHT & LEVEL,DARK-HWY LIGHTED/OFF,,,4/27/2020 11:36:45 AM,False,5152,Accepted,
26645392,0568000,LOUISVILLE METRO POLICE DEPT,Accepted,JEFFERSON,KY1934,,CANE RUN,RD,,,,KY2049,CRUMS,,HARTLAGE,38.199902537,-85.836728352,9.236,4/24/2020 12:00:00 AM,1554,2,1,0,1,CLEAR,DRY,True,COLLISION WITH BICYCLIST NON INTERSECTION,SINGLE VEHICLE,STRAIGHT & LEVEL,DAYLIGHT,,,4/30/2020 8:05:56 AM,False,7467,Accepted,
26636173,0568000,LOUISVILLE METRO POLICE DEPT,Accepted,JEFFERSON,,,15TH,ST,S,,CHESTNUT,,,,,38.250984837,-85.776117388,1.771,4/24/2020 12:00:00 AM,2235,2,2,0,1,CLEAR,DRY,False,ANGLE COLLISION - OTHER,ANGLE,STRAIGHT & LEVEL,DARK-HWY LIGHTED/ON,,,4/27/2020 11:34:25 AM,False,5162,Accepted,
26636156,0568000,LOUISVILLE METRO POLICE DEPT,Accepted,JEFFERSON,US0060A,,TAYLOR,BLVD,,,,,,,,38.202069051,-85.781419033,1.888,4/24/2020 12:00:00 AM,1705,2,2,0,2,CLOUDY,DRY,False,1 VEHICLE ENTERING/LEAVING ENTRANCE,ANGLE,STRAIGHT & LEVEL,DAYLIGHT,,,4/27/2020 11:33:26 AM,False,7977,Accepted,
26636157,0568000,LOUISVILLE METRO POLICE DEPT,Accepted,JEFFERSON,KY0146,,LA GRANGE,RD,,,,,REAMERS,,SADDLECREEK,38.296707294,-85.506315851,8.224,4/24/2020 12:00:00 AM,0711,1,1,0,0,CLOUDY,WET,False,OTHER ROADWAY OR MID-BLOCK COLLISION,SINGLE VEHICLE,STRAIGHT & LEVEL,DAWN,,,4/27/2020 11:33:29 AM,False,7751,Accepted,
26636158,0568000,LOUISVILLE METRO POLICE DEPT,Accepted,JEFFERSON,,3001,GOOSE CREEK,RD,,,,,,,,38.292800092,-85.583281392,0.786,4/24/2020 12:00:00 AM,0753,1,1,0,1,CLOUDY,DRY,False,COLLISION WITH FIXED OBJECT NON - INTERSECTION - FIRST EVENT COLLISION 09 - 32 EXCLUDING 16,SINGLE VEHICLE,CURVE & HILLCREST,DAYLIGHT,,,4/27/2020 11:33:33 AM,False,7751,Accepted,
26636155,0568000,LOUISVILLE METRO POLICE DEPT,Accepted,JEFFERSON,,,34TH,ST,S,,GARLAND,,,,,38.245546240,-85.809185349,1.177,4/24/2020 12:00:00 AM,1545,2,2,0,0,CLEAR,DRY,False,OTHER INTERSECTION COLLISIONS,REAR END,STRAIGHT & LEVEL,DAYLIGHT,,,4/27/2020 11:33:21 AM,False,7923,Accepted,
26668742,0568000,LOUISVILLE METRO POLICE DEPT,Accepted,JEFFERSON,,,BROOK,ST,N,US0031E,MAIN,,,,,38.256113417,-85.750034174,0.016,4/24/2020 12:00:00 AM,0700,2,2,0,0,CLEAR,DRY,False,ANGLE COLLISION - OTHER,ANGLE,STRAIGHT & LEVEL,DAYLIGHT,,,5/7/2020 9:14:58 AM,False,5271,Accepted,
26664857,0568000,LOUISVILLE METRO POLICE DEPT,Accepted,JEFFERSON,I 0065,,I65 S,,,,,,,,,38.227925410,-85.751567412,134.000,4/23/2020 12:00:00 AM,1408,2,2,0,0,RAINING,WET,False,SIDESWIPE COLLISION - SAME DIRECTION,SIDESWIPE-SAME DIRECTION,STRAIGHT & LEVEL,DAYLIGHT,,,5/6/2020 8:39:45 AM,False,2142,Accepted,
26707321,0568000,LOUISVILLE METRO POLICE DEPT,Accepted,JEFFERSON,KY3082,,BANK,ST,,,,CS1029A,26TH,CS1044A,25TH,38.268669590,-85.789166265,1.198,4/23/2020 12:00:00 AM,1822,2,2,0,0,CLOUDY,WET,False,SIDESWIPE COLLISION - SAME DIRECTION,SIDESWIPE-SAME DIRECTION,STRAIGHT & LEVEL,DAYLIGHT,,,5/18/2020 3:01:17 PM,False,7940,Accepted,