IncidentID,AgencyORI,AgencyName,IncidentStatusDesc,County,RdwyNumber,Street,RoadwayName,StreetSfx,StreetDir,IntersectionRdwy,IntersectionRdwyName,BetweenStRdwy1,BetweenStRdwyName1,BetweenStRdwy2,BetweenStRdwyName2,Latitude,Longitude,Milepoint,CollisionDate,CollisionTime,UnitsInvolved,MotorVehiclesInvolved,NumberKilled,NumberInjured,Weather,RdwyConditionCode,HitandRun,DirAnalysisCode,MannerofCollision,RdwyCharacter,LightCondition,RampFromRdwyId,RampToRdwyId,AcceptedDate,IsSecondaryCollision,OwnerBadge,IncidentStatus,
26629194,0568000,LOUISVILLE METRO POLICE DEPT,Accepted,JEFFERSON,,1506,CLARA,AVE,,,,,,,,38.199819154,-85.785433678,0.152,4/23/2020 12:00:00 AM,1620,4,4,0,0,RAINING,WET,True,1 VEHICLE PARKED POSITION (NOT PARKING LOT/DRIVEWAY),HEAD ON,STRAIGHT & LEVEL,DAYLIGHT,,,4/24/2020 8:22:35 AM,False,7433,Accepted,
26629195,0568000,LOUISVILLE METRO POLICE DEPT,Accepted,JEFFERSON,US0031W,,DIXIE,HWY,,,,,DIXIE GARDEN,,BROWNS PARK,38.099519263,-85.871640760,8.013,4/23/2020 12:00:00 AM,1727,2,2,0,0,RAINING,WET,False,1 VEHICLE ENTERING/LEAVING ENTRANCE,ANGLE,STRAIGHT & LEVEL,DAYLIGHT,,,4/24/2020 8:22:40 AM,False,7073,Accepted,
26626087,0568000,LOUISVILLE METRO POLICE DEPT,Accepted,JEFFERSON,,,FERNVIEW,DR,,,,,,,,38.147461038,-85.595407993,0.034,4/23/2020 12:00:00 AM,0238,1,1,0,1,CLOUDY,DRY,False,COLLISION WITH FIXED OBJECT NON - INTERSECTION - FIRST EVENT COLLISION 09 - 32 EXCLUDING 16,SINGLE VEHICLE,STRAIGHT & LEVEL,DARK (UNKNOWN ROADWAY LIGHTING),,,4/23/2020 8:16:39 AM,False,7449,Accepted,
26629187,0568000,LOUISVILLE METRO POLICE DEPT,Accepted,JEFFERSON,,,LIBERTY,ST,E,,SHELBY,,,,,38.250471732,-85.738544459,0.765,4/23/2020 12:00:00 AM,1515,2,2,0,1,RAINING,WET,False,ANGLE COLLISION - OTHER,ANGLE,STRAIGHT & LEVEL,DAYLIGHT,,,4/24/2020 8:21:46 AM,False,2855,Accepted,
26629196,0568000,LOUISVILLE METRO POLICE DEPT,Accepted,JEFFERSON,KY1450,,BLUE LICK,RD,,,OLD SCHOOL HOUSE,,,,,38.102555020,-85.693679282,1.191,4/23/2020 12:00:00 AM,1734,2,2,0,0,RAINING,WET,False,HEAD-ON COLLISION,HEAD ON,CURVE & LEVEL,DAYLIGHT,,,4/24/2020 8:22:43 AM,False,7354,Accepted,
26629197,0568000,LOUISVILLE METRO POLICE DEPT,Accepted,JEFFERSON,I 0065,,I65 N,,,,,,,,,38.202917772,-85.737689467,131.738,4/23/2020 12:00:00 AM,0930,2,2,0,1,RAINING,WET,False,REAR END IN TRAFFIC LANES BOTH VEHICLES MOVING,REAR END,CURVE & LEVEL,DAYLIGHT,,,4/24/2020 8:22:50 AM,False,7398,Accepted,
26629203,0568000,LOUISVILLE METRO POLICE DEPT,Accepted,JEFFERSON,,,7TH,ST,S,,DAVIES,,,,,38.224273240,-85.771034081,0.451,4/23/2020 12:00:00 AM,1704,3,3,0,0,RAINING,WET,False,SIDESWIPE-SAME DIRECTION,SIDESWIPE-SAME DIRECTION,STRAIGHT & GRADE,DAYLIGHT,,,4/24/2020 8:23:13 AM,False,7422,Accepted,
26629204,0568000,LOUISVILLE METRO POLICE DEPT,Accepted,JEFFERSON,KY2051,,ROCKFORD,LN,,,TEANECK,,,,,38.179918425,-85.851428054,1.619,4/23/2020 12:00:00 AM,1111,2,2,0,0,RAINING,WET,False,OTHER INTERSECTION COLLISIONS,REAR END,STRAIGHT & LEVEL,DAYLIGHT,,,4/24/2020 8:23:23 AM,False,7483,Accepted,
26629205,0568000,LOUISVILLE METRO POLICE DEPT,Accepted,JEFFERSON,,,WATTERSON,TRL,,KY1747,HURSTBOURNE,,,,,38.183532145,-85.606428794,1.079,4/23/2020 12:00:00 AM,2121,2,2,0,0,CLEAR,WET,False,OTHER INTERSECTION COLLISIONS,REAR END,STRAIGHT & GRADE,DARK (UNKNOWN ROADWAY LIGHTING),,,4/24/2020 8:23:27 AM,False,7492,Accepted,
26629188,0568000,LOUISVILLE METRO POLICE DEPT,Accepted,JEFFERSON,,,DIXIE,HWY,,,GARLAND,,,,,38.243690309,-85.784273072,0.381,4/23/2020 12:00:00 AM,1630,2,2,0,0,CLOUDY,WET,False,OPPOSITE DIRECTION - BOTH VEHICLES GOING STRAIGHT AHEAD,SIDESWIPE-OPPOSITE DIRECTION,STRAIGHT & LEVEL,DAYLIGHT,,,4/24/2020 8:21:52 AM,False,5190,Accepted,
26629189,0568000,LOUISVILLE METRO POLICE DEPT,Accepted,JEFFERSON,KY1865,,TAYLOR,BLVD,,,,,BICKNELL,,CARRICO,38.183608143,-85.783831042,5.320,4/23/2020 12:00:00 AM,1535,3,3,0,2,RAINING,WET,False,REAR END IN TRAFFIC LANES BOTH VEHICLES MOVING,REAR END,STRAIGHT & LEVEL,DAYLIGHT,,,4/24/2020 8:21:56 AM,False,7978,Accepted,
26657197,0568000,LOUISVILLE METRO POLICE DEPT,Accepted,JEFFERSON,KY0907,,SOUTHSIDE,DR,,,,,,,,38.152632818,-85.765584305,7.031,4/23/2020 12:00:00 AM,1826,2,2,0,0,RAINING,WET,False,SIDESWIPE COLLISION - SAME DIRECTION,SIDESWIPE-SAME DIRECTION,STRAIGHT & LEVEL,DAYLIGHT,,,5/4/2020 9:43:39 AM,False,7053,Accepted,
26661602,0568000,LOUISVILLE METRO POLICE DEPT,Accepted,JEFFERSON,,6114,SIX MILE,LN,,,,,KLONDIKE,,GLEN OAK,38.199143553,-85.643456716,0.573,4/23/2020 12:00:00 AM,1840,2,1,0,1,RAINING,WET,True,SIDESWIPE COLLISION - OPPOSITE DIRECTION,SIDESWIPE-OPPOSITE DIRECTION,CURVE & LEVEL,DAYLIGHT,,,5/5/2020 10:25:00 AM,False,5247,Accepted,
26684697,0568000,LOUISVILLE METRO POLICE DEPT,Accepted,JEFFERSON,KY1934,,GREENBELT,HWY,,,LOGISTICS,,,,,38.165353574,-85.878432598,5.850,4/23/2020 12:00:00 AM,1639,1,1,1,0,RAINING,WET,False,NON-COLLISION OBJECT COLLISION,SINGLE VEHICLE,STRAIGHT & LEVEL,DAYLIGHT,,,5/12/2020 8:33:36 AM,False,2142,Accepted,
26636218,0568000,LOUISVILLE METRO POLICE DEPT,Accepted,JEFFERSON,US0150,,BROADWAY,,E,,HANCOCK,,,,,38.244981568,-85.743559070,3.188,4/23/2020 12:00:00 AM,1910,2,2,0,1,CLOUDY,WET,True,ANGLE COLLISION - OTHER,ANGLE,STRAIGHT & LEVEL,DUSK,,,4/27/2020 11:36:52 AM,False,2855,Accepted,
26629208,0568000,LOUISVILLE METRO POLICE DEPT,Accepted,JEFFERSON,I 0065,,,,,,,,,,,38.208549845,-85.752453121,0.005,4/23/2020 12:00:00 AM,1206,1,1,0,0,RAINING,WET,False,COLLISION WITH FIXED OBJECT IN GORE,SINGLE VEHICLE,CURVE & GRADE,DAYLIGHT,I 0065,CRITTENDEN DR,4/24/2020 8:23:40 AM,False,7772,Accepted,
26632248,0560300,ST. MATTHEWS POLICE DEPARTMENT,Accepted,JEFFERSON,I 0264,,,,,,,,,,,38.249843314,-85.620729855,0.328,4/23/2020 12:00:00 AM,1548,1,1,0,0,RAINING,WET,True,OTHER RAMP RELATED COLLISIONS NOT LISTED ABOVE,SINGLE VEHICLE,CURVE & GRADE,DAYLIGHT,I 0264,US0060,4/25/2020 5:07:01 PM,False,9195,Accepted,
26629198,0568000,LOUISVILLE METRO POLICE DEPT,Accepted,JEFFERSON,,7102,WATTERSON,TRL,S,,,,,,,38.146726449,-85.615512557,2.655,4/23/2020 12:00:00 AM,1718,1,1,0,0,RAINING,WET,False,OTHER ROADWAY OR MID-BLOCK COLLISION,SINGLE VEHICLE,CURVE & LEVEL,DAYLIGHT,,,4/24/2020 8:22:56 AM,False,5005,Accepted,
26629183,0568000,LOUISVILLE METRO POLICE DEPT,Accepted,JEFFERSON,I 0065,,I65 S,,,,,,,,,38.167926588,-85.720927189,129.020,4/23/2020 12:00:00 AM,0856,2,2,0,1,RAINING,WET,False,OTHER COLLISIONS ON SHOULDER,ANGLE,STRAIGHT & LEVEL,DAYLIGHT,,,4/24/2020 8:21:29 AM,False,4693,Accepted,
26629200,0568000,LOUISVILLE METRO POLICE DEPT,Accepted,JEFFERSON,KY0155,,TAYLORSVILLE,RD,,,,,,,,38.190093496,-85.502248229,5.680,4/23/2020 12:00:00 AM,1919,2,2,0,0,RAINING,WET,False,1 VEHICLE ENTERING/LEAVING ENTRANCE,ANGLE,STRAIGHT & HILLCREST,DAYLIGHT,,,4/24/2020 8:23:07 AM,False,7698,Accepted,
26629207,0568000,LOUISVILLE METRO POLICE DEPT,Accepted,JEFFERSON,,,HILL,ST,W,US0031W,22ND,,,,,38.229045151,-85.793340996,2.004,4/22/2020 12:00:00 AM,2147,3,3,0,0,CLEAR,DRY,False,COLLISION WITH PARKED VEHICLE,SIDESWIPE-SAME DIRECTION,STRAIGHT & LEVEL,DARK-HWY LIGHTED/ON,,,4/24/2020 8:23:35 AM,False,5039,Accepted,
26629185,0568000,LOUISVILLE METRO POLICE DEPT,Accepted,JEFFERSON,,,CHESTNUT,ST,W,US0031W,DR W J HODGE,,,,,38.252057301,-85.786044228,0.817,4/22/2020 12:00:00 AM,1031,2,2,0,0,CLEAR,DRY,False,ANGLE COLLISION - OTHER,ANGLE,STRAIGHT & LEVEL,DAYLIGHT,,,4/24/2020 8:21:38 AM,False,7805,Accepted,
26626041,0568000,LOUISVILLE METRO POLICE DEPT,Accepted,JEFFERSON,,2856,HIKES,LN,,,,,,,,38.209162156,-85.643891652,1.991,4/22/2020 12:00:00 AM,2032,1,1,0,1,CLEAR,DRY,False,OTHER ROADWAY OR MID-BLOCK COLLISION,SINGLE VEHICLE,CURVE & LEVEL,DARK-HWY LIGHTED/ON,,,4/23/2020 8:16:04 AM,False,5288,Accepted,
26626075,0568000,LOUISVILLE METRO POLICE DEPT,Accepted,JEFFERSON,KY1934,,CANE RUN,RD,,,ROCKFORD,,,,,38.183789713,-85.855218536,7.725,4/22/2020 12:00:00 AM,2011,3,3,0,1,CLEAR,DRY,False,OTHER INTERSECTION COLLISIONS,REAR END,STRAIGHT & LEVEL,DAYLIGHT,,,4/23/2020 8:16:25 AM,False,5273,Accepted,
26626092,0568000,LOUISVILLE METRO POLICE DEPT,Accepted,JEFFERSON,,,LAMPTON,ST,,,,,,,,38.241860425,-85.745403668,0.137,4/22/2020 12:00:00 AM,1954,1,1,0,1,CLEAR,DRY,False,COLLISION WITH FIXED OBJECT NON - INTERSECTION - FIRST EVENT COLLISION 09 - 32 EXCLUDING 16,SINGLE VEHICLE,STRAIGHT & LEVEL,DAYLIGHT,,,4/23/2020 8:16:45 AM,False,5287,Accepted,
26623869,0568000,LOUISVILLE METRO POLICE DEPT,Accepted,JEFFERSON,,,CENTRAL,AVE,,,9TH,,,,,38.205852492,-85.773053215,0.853,4/22/2020 12:00:00 AM,0850,3,3,0,0,CLEAR,DRY,False,OTHER INTERSECTION COLLISIONS,REAR TO REAR,STRAIGHT & LEVEL,DAYLIGHT,,,4/22/2020 11:46:20 AM,False,7872,Accepted,
26626031,0568000,LOUISVILLE METRO POLICE DEPT,Accepted,JEFFERSON,KY2049,,CRUMS,LN,,,FREEMAN,,,,,38.196835165,-85.831590440,0.330,4/22/2020 12:00:00 AM,1517,2,2,0,3,CLEAR,DRY,False,HEAD-ON COLLISION,HEAD ON,STRAIGHT & LEVEL,DAYLIGHT,,,4/23/2020 8:14:30 AM,False,7420,Accepted,
26626032,0568000,LOUISVILLE METRO POLICE DEPT,Accepted,JEFFERSON,I 0264,,I264 W,,,,,,,,,38.205283016,-85.681014922,15.000,4/22/2020 12:00:00 AM,1116,2,2,0,0,CLOUDY,DRY,False,REAR END IN TRAFFIC LANES BOTH VEHICLES MOVING,REAR END,CURVE & LEVEL,DAYLIGHT,,,4/23/2020 8:14:51 AM,False,2217,Accepted,
26641885,0560400,SHIVELY POLICE DEPARTMENT,Accepted,JEFFERSON,I 0264,,I264 E,,,,,I 0264,I264 E EXIT5 ON RAMP FROM KY1934,I 0264,I264 E EXIT8B OFF RAMP TO US31W S,38.189385791,-85.830227453,6.462,4/22/2020 12:00:00 AM,2115,1,1,0,1,CLEAR,DRY,False,COLLISION WITH FIXED OBJECT NON - INTERSECTION - FIRST EVENT COLLISION 09 - 32 EXCLUDING 16,SINGLE VEHICLE,CURVE & LEVEL,DARK-HWY LIGHTED/ON,,,4/29/2020 6:41:48 AM,False,7120,Accepted,
26638960,0568000,LOUISVILLE METRO POLICE DEPT,Accepted,JEFFERSON,US0060A,,LEXINGTON,RD,,KY2048,CANNONS,,,,,38.249615223,-85.666929291,9.969,4/22/2020 12:00:00 AM,1501,2,2,0,0,CLEAR,DRY,False,OPPOSING LEFT TURN,OPPOSING LEFT TURN,STRAIGHT & LEVEL,DAYLIGHT,,,4/28/2020 8:05:24 AM,False,7180,Accepted,
26623060,0568000,LOUISVILLE METRO POLICE DEPT,Accepted,JEFFERSON,,,BOLLING,AVE,,,23RD,,,,,38.230361210,-85.794873799,0.567,4/22/2020 12:00:00 AM,0135,2,2,0,2,CLEAR,DRY,False,ANGLE COLLISION - OTHER,ANGLE,STRAIGHT & LEVEL,DARK-HWY LIGHTED/ON,,,4/22/2020 8:13:17 AM,False,7461,Accepted,
26623064,0568000,LOUISVILLE METRO POLICE DEPT,Accepted,JEFFERSON,,,SHEPHERDSVILLE,RD,,,CHARIOT,,,,,38.126580781,-85.664710366,0.968,4/22/2020 12:00:00 AM,0553,2,2,0,1,CLEAR,DRY,False,ANGLE COLLISION - ONE VEHICLE TURNING LEFT,ANGLE,STRAIGHT & LEVEL,DUSK,,,4/22/2020 8:13:50 AM,False,5115,Accepted,
26623863,0568000,LOUISVILLE METRO POLICE DEPT,Accepted,JEFFERSON,,729,GAGEL,AVE,,,,,,,,38.171563146,-85.800451473,1.227,4/22/2020 12:00:00 AM,0627,1,1,0,0,CLEAR,DRY,False,COLLISION WITH FIXED OBJECT NON - INTERSECTION - FIRST EVENT COLLISION 09 - 32 EXCLUDING 16,SINGLE VEHICLE,STRAIGHT & HILLCREST,DAWN,,,4/22/2020 11:46:11 AM,False,5221,Accepted,
26626038,0568000,LOUISVILLE METRO POLICE DEPT,Accepted,JEFFERSON,I 0065,,I65 S,,,,,,,,,38.236764989,-85.752447755,134.626,4/22/2020 12:00:00 AM,2200,2,2,0,0,CLEAR,DRY,True,SIDESWIPE COLLISION - SAME DIRECTION,SIDESWIPE-SAME DIRECTION,STRAIGHT & LEVEL,DARK-HWY LIGHTED/ON,,,4/23/2020 8:15:32 AM,False,5217,Accepted,
26626047,0568000,LOUISVILLE METRO POLICE DEPT,Accepted,JEFFERSON,I 0265,,,,,,,,,,,38.286259415,-85.509463991,0.118,4/22/2020 12:00:00 AM,2007,1,1,0,1,CLEAR,DRY,False,RAN OFF ROADWAY (1 VEHICLE WITH/EARTH EMBANKMENT/DITCH),SINGLE VEHICLE,CURVE & HILLCREST,DAYLIGHT,,,4/23/2020 8:16:09 AM,False,7475,Accepted,
26626028,0568000,LOUISVILLE METRO POLICE DEPT,Accepted,JEFFERSON,US0031W,,DIXIE,HWY,,,,,SAPPENFIELD,,PENDLETON,38.062269826,-85.886522544,5.290,4/22/2020 12:00:00 AM,1218,2,2,0,0,CLEAR,DRY,False,REAR END IN TRAFFIC LANES BOTH VEHICLES MOVING,REAR END,CURVE & LEVEL,DAYLIGHT,,,4/23/2020 8:13:35 AM,False,2098,Accepted,
26626029,0568000,LOUISVILLE METRO POLICE DEPT,Accepted,JEFFERSON,KY2051,3824,CAMP GROUND,RD,,,,,,,,38.213880715,-85.830969153,5.649,4/22/2020 12:00:00 AM,0625,1,1,0,0,CLEAR,DRY,False,COLLISION WITH FIXED OBJECT NON - INTERSECTION - FIRST EVENT COLLISION 09 - 32 EXCLUDING 16,SINGLE VEHICLE,STRAIGHT & LEVEL,DAWN,,,4/23/2020 8:13:52 AM,False,7437,Accepted,
26623879,0568000,LOUISVILLE METRO POLICE DEPT,Accepted,JEFFERSON,KY0022,9909,BROWNSBORO,RD,,,,,,,,38.314437915,-85.564312127,4.653,4/22/2020 12:00:00 AM,0856,1,1,0,0,CLEAR,DRY,False,COLLISION WITH FIXED OBJECT NON - INTERSECTION - FIRST EVENT COLLISION 09 - 32 EXCLUDING 16,SINGLE VEHICLE,STRAIGHT & LEVEL,DAYLIGHT,,,4/22/2020 11:46:33 AM,False,6830,Accepted,
26660880,0568000,LOUISVILLE METRO POLICE DEPT,Accepted,JEFFERSON,KY1865,,TAYLOR,BLVD,,,BICKNELL,,,,,38.183154502,-85.783767689,5.288,4/22/2020 12:00:00 AM,1823,2,2,1,3,CLEAR,DRY,False,HEAD-ON COLLISION,HEAD ON,STRAIGHT & LEVEL,DAYLIGHT,,,5/5/2020 8:01:41 AM,False,2217,Accepted,
26626027,0568000,LOUISVILLE METRO POLICE DEPT,Accepted,JEFFERSON,US0060,,SHELBYVILLE,RD,,,ENGLISH STATION,,,,,38.240554865,-85.493521666,12.579,4/21/2020 12:00:00 AM,0903,2,2,0,0,CLEAR,DRY,False,ANGLE COLLISION - OTHER,ANGLE,STRAIGHT & LEVEL,DAYLIGHT,,,4/23/2020 8:13:20 AM,False,7751,Accepted,
26636207,0568000,LOUISVILLE METRO POLICE DEPT,Accepted,JEFFERSON,US0060A,,TAYLOR,BLVD,,,LONGFIELD,,,,,38.198572058,-85.782766485,1.619,4/21/2020 12:00:00 AM,2053,2,2,0,0,CLEAR,DRY,True,HEAD-ON COLLISION,HEAD ON,STRAIGHT & LEVEL,DARK-HWY LIGHTED/ON,,,4/27/2020 11:36:20 AM,False,5139,Accepted,
26623053,0568000,LOUISVILLE METRO POLICE DEPT,Accepted,JEFFERSON,US0031W,,DR W J HODGE,ST,,,OSAGE,,,,,38.239180881,-85.788275779,18.980,4/21/2020 12:00:00 AM,1822,5,5,0,3,CLEAR,DRY,False,ANGLE COLLISION - OTHER,ANGLE,STRAIGHT & LEVEL,DAYLIGHT,,,4/22/2020 8:11:43 AM,False,7538,Accepted,
26623054,0568000,LOUISVILLE METRO POLICE DEPT,Accepted,JEFFERSON,I 0064,,I64 E,,,,,,,,,38.221595779,-85.474020500,20.640,4/21/2020 12:00:00 AM,1912,2,2,0,1,CLEAR,DRY,False,REAR END IN TRAFFIC LANES BOTH VEHICLES MOVING,REAR END,STRAIGHT & GRADE,DAYLIGHT,,,4/22/2020 8:11:59 AM,False,5228,Accepted,
26623062,0568000,LOUISVILLE METRO POLICE DEPT,Accepted,JEFFERSON,,,11TH,ST,S,,HILL,,,,,38.227274419,-85.773961498,1.757,4/21/2020 12:00:00 AM,2212,2,2,0,1,CLEAR,DRY,False,ANGLE COLLISION - OTHER,ANGLE,STRAIGHT & LEVEL,DARK-HWY LIGHTED/OFF,,,4/22/2020 8:13:31 AM,False,5239,Accepted,
26623063,0568000,LOUISVILLE METRO POLICE DEPT,Accepted,JEFFERSON,KY1865,,NEW CUT,RD,,,,,,,,38.126641202,-85.776026673,1.135,4/21/2020 12:00:00 AM,1934,2,2,0,1,CLEAR,DRY,False,REAR END IN TRAFFIC LANES BOTH VEHICLES MOVING,REAR END,STRAIGHT & LEVEL,DAYLIGHT,,,4/22/2020 8:13:38 AM,False,5170,Accepted,
26622953,0560400,SHIVELY POLICE DEPARTMENT,Accepted,JEFFERSON,I 0264,,I264 W,,,,,,,,,38.186151854,-85.803080277,8.125,4/21/2020 12:00:00 AM,1922,2,2,0,0,CLEAR,DRY,True,1 VEHICLE ENTERING/LEAVING ENTRANCE,ANGLE,STRAIGHT & LEVEL,DAYLIGHT,,,4/22/2020 7:22:28 AM,False,7128,Accepted,
26623044,0568000,LOUISVILLE METRO POLICE DEPT,Accepted,JEFFERSON,I 0064,,,,,,,,,,,38.268630069,-85.782438623,0.166,4/21/2020 12:00:00 AM,1547,2,2,0,2,CLEAR,DRY,True,OTHER RAMP RELATED COLLISIONS NOT LISTED ABOVE,REAR END,STRAIGHT & LEVEL,DAYLIGHT,I 0064,US31W,4/22/2020 8:09:30 AM,False,7937,Accepted,
26623045,0568000,LOUISVILLE METRO POLICE DEPT,Accepted,JEFFERSON,KY0864,6099,FEGENBUSH,LN,,KY1747,FERN VALLEY,,,,,38.161205933,-85.640786190,6.591,4/21/2020 12:00:00 AM,1503,2,2,0,2,CLEAR,DRY,False,ANGLE COLLISION - OTHER,ANGLE,STRAIGHT & LEVEL,DAYLIGHT,,,4/22/2020 8:09:35 AM,False,7799,Accepted,
26623046,0568000,LOUISVILLE METRO POLICE DEPT,Accepted,JEFFERSON,KY1931,,7TH ST,RD,,,,KY2054,ALGONQUIN,,BERNHEIM,38.220006039,-85.777467479,10.514,4/21/2020 12:00:00 AM,1500,2,2,0,0,CLEAR,DRY,False,1 VEHICLE ENTERING/LEAVING ENTRANCE,ANGLE,STRAIGHT & LEVEL,DAYLIGHT,,,4/22/2020 8:09:52 AM,False,7538,Accepted,
26623059,0568000,LOUISVILLE METRO POLICE DEPT,Accepted,JEFFERSON,,,1ST,ST,S,,LIBERTY,,,,,38.252518208,-85.752196876,0.247,4/21/2020 12:00:00 AM,2357,2,2,0,0,CLEAR,DRY,False,ANGLE COLLISION - OTHER,ANGLE,STRAIGHT & LEVEL,DARK-HWY LIGHTED/ON,,,4/22/2020 8:13:10 AM,False,7635,Accepted,
26623056,0568000,LOUISVILLE METRO POLICE DEPT,Accepted,JEFFERSON,US0150,,BROADWAY,,W,US0031W,22ND,,,,,38.249261320,-85.788210461,0.743,4/21/2020 12:00:00 AM,2033,2,2,0,0,CLEAR,DRY,False,OTHER INTERSECTION COLLISIONS,REAR END,STRAIGHT & LEVEL,DARK-HWY LIGHTED/ON,,,4/22/2020 8:12:36 AM,False,5008,Accepted,
26623058,0568000,LOUISVILLE METRO POLICE DEPT,Accepted,JEFFERSON,,,HILL,ST,W,,DIXIE,,,,,38.228296398,-85.790480832,1.841,4/21/2020 12:00:00 AM,2020,2,2,0,2,CLEAR,DRY,False,OPPOSING LEFT TURN,OPPOSING LEFT TURN,STRAIGHT & LEVEL,DAYLIGHT,,,4/22/2020 8:13:02 AM,False,7388,Accepted,
26623850,0568000,LOUISVILLE METRO POLICE DEPT,Accepted,JEFFERSON,,1633,ARLING,AVE,,,,,,,,38.174360141,-85.790290081,0.449,4/21/2020 12:00:00 AM,2237,1,1,0,0,CLEAR,DRY,False,COLLISION WITH FIXED OBJECT NON - INTERSECTION - FIRST EVENT COLLISION 09 - 32 EXCLUDING 16,SINGLE VEHICLE,CURVE & HILLCREST,DARK-HWY LIGHTED/ON,,,4/22/2020 11:45:57 AM,False,5221,Accepted,
26623043,0568000,LOUISVILLE METRO POLICE DEPT,Accepted,JEFFERSON,,118,QUIET CREEK,CT,,,,,,,,38.104935203,-85.697394453,0.055,4/21/2020 12:00:00 AM,1128,3,3,0,0,CLEAR,DRY,False,1 VEHICLE PARKED POSITION (NOT PARKING LOT/DRIVEWAY),HEAD ON,STRAIGHT & LEVEL,DAYLIGHT,,,4/22/2020 8:09:12 AM,False,7799,Accepted,
26623050,0568000,LOUISVILLE METRO POLICE DEPT,Accepted,JEFFERSON,KY1065,175,OUTER,LOOP,,,,,,,,38.126669477,-85.782401407,0.681,4/21/2020 12:00:00 AM,1915,2,2,0,0,CLEAR,DRY,False,SIDESWIPE COLLISION - SAME DIRECTION,SIDESWIPE-SAME DIRECTION,STRAIGHT & LEVEL,DAYLIGHT,,,4/22/2020 8:10:59 AM,False,7373,Accepted,
26621134,0568000,LOUISVILLE METRO POLICE DEPT,Accepted,JEFFERSON,,,SOUTHERN HEIGHTS,AVE,W,,WHEELER,,,,,38.189872743,-85.788698854,0.208,4/21/2020 12:00:00 AM,1200,2,2,0,0,CLEAR,DRY,False,ANGLE COLLISION - OTHER,ANGLE,STRAIGHT & LEVEL,DAYLIGHT,,,4/21/2020 2:07:54 PM,False,7298,Accepted,
26621127,0568000,LOUISVILLE METRO POLICE DEPT,Accepted,JEFFERSON,US0031W,13655,DIXIE,HWY,,,,,,,,38.056948204,-85.889921010,4.877,4/21/2020 12:00:00 AM,0145,1,1,0,1,FOG WITH RAIN,WET,False,OTHER COLLISIONS ON SHOULDER,SINGLE VEHICLE,STRAIGHT & LEVEL,DARK-HWY LIGHTED/ON,,,4/21/2020 2:06:22 PM,False,7295,Accepted,
26621137,0568000,LOUISVILLE METRO POLICE DEPT,Accepted,JEFFERSON,KY1865,4170,TAYLOR,BLVD,,,,,LEHIGH,,BLUEGRASS,38.180385220,-85.783383171,5.087,4/21/2020 12:00:00 AM,1038,2,2,0,0,CLEAR,DRY,False,1 VEHICLE ENTERING/LEAVING ENTRANCE,ANGLE,STRAIGHT & LEVEL,DAYLIGHT,,,4/21/2020 2:08:11 PM,False,7705,Accepted,
26623041,0568000,LOUISVILLE METRO POLICE DEPT,Accepted,JEFFERSON,KY1065,,OUTER,LOOP,,,APPLE VALLEY,,,,,38.137425904,-85.621315517,9.657,4/21/2020 12:00:00 AM,1314,2,2,0,0,CLEAR,DRY,False,OTHER INTERSECTION COLLISIONS,REAR END,STRAIGHT & LEVEL,DAYLIGHT,,,4/22/2020 8:08:50 AM,False,4693,Accepted,
26623042,0568000,LOUISVILLE METRO POLICE DEPT,Accepted,JEFFERSON,US0031E,,BARDSTOWN,RD,,,,KY2860,GRINSTEAD,,HIGHLAND,38.238509096,-85.721164580,15.436,4/21/2020 12:00:00 AM,1310,2,1,0,1,CLEAR,DRY,False,COLLISION WITH FIXED OBJECT NON - INTERSECTION - FIRST EVENT COLLISION 09 - 32 EXCLUDING 16,SINGLE VEHICLE,STRAIGHT & LEVEL,DAYLIGHT,,,4/22/2020 8:09:01 AM,False,2228,Accepted,
26636152,0568000,LOUISVILLE METRO POLICE DEPT,Accepted,JEFFERSON,,,JEFFERSON,ST,W,,,,,,,38.258108243,-85.795535217,2.389,4/21/2020 12:00:00 AM,1810,2,2,0,1,CLEAR,DRY,False,1 VEHICLE PARKED POSITION (NOT PARKING LOT/DRIVEWAY),HEAD ON,STRAIGHT & LEVEL,DAYLIGHT,,,4/27/2020 11:33:10 AM,False,2854,Accepted,
26642181,0568000,LOUISVILLE METRO POLICE DEPT,Accepted,JEFFERSON,,,DEERING,RD,,,WOODRIDGE,,,,,38.091733618,-85.863961112,1.006,4/21/2020 12:00:00 AM,1910,2,2,0,1,CLEAR,DRY,False,ANGLE COLLISION - OTHER,ANGLE,STRAIGHT & LEVEL,DAYLIGHT,,,4/29/2020 8:32:05 AM,False,7174,Accepted,