IncidentID,AgencyORI,AgencyName,IncidentStatusDesc,County,RdwyNumber,Street,RoadwayName,StreetSfx,StreetDir,IntersectionRdwy,IntersectionRdwyName,BetweenStRdwy1,BetweenStRdwyName1,BetweenStRdwy2,BetweenStRdwyName2,Latitude,Longitude,Milepoint,CollisionDate,CollisionTime,UnitsInvolved,MotorVehiclesInvolved,NumberKilled,NumberInjured,Weather,RdwyConditionCode,HitandRun,DirAnalysisCode,MannerofCollision,RdwyCharacter,LightCondition,RampFromRdwyId,RampToRdwyId,AcceptedDate,IsSecondaryCollision,OwnerBadge,IncidentStatus,
26626057,0568000,LOUISVILLE METRO POLICE DEPT,Accepted,JEFFERSON,KY1865,,TAYLOR,BLVD,,,ASHLAND,,,,,38.186657466,-85.783799496,5.531,4/20/2020 12:00:00 AM,0640,2,2,0,0,CLEAR,DRY,False,ANGLE COLLISION - OTHER,ANGLE,STRAIGHT & LEVEL,DAWN,,,4/23/2020 8:16:14 AM,False,5196,Accepted,
26621129,0568000,LOUISVILLE METRO POLICE DEPT,Accepted,JEFFERSON,,,SAUNDERS,AVE,,,,,PAYNE,,BICKEL,38.250835071,-85.703885822,0.092,4/20/2020 12:00:00 AM,1900,2,1,0,1,CLEAR,DRY,True,COLLISION WITH PEDESTRIAN NON - INTERSECTION,SINGLE VEHICLE,STRAIGHT & LEVEL,DAYLIGHT,,,4/21/2020 2:06:27 PM,False,5029,Accepted,
26621078,0568000,LOUISVILLE METRO POLICE DEPT,Accepted,JEFFERSON,KY1934,,GREENBELT,HWY,,,INTERMODAL,,,,,38.157203645,-85.884833026,5.173,4/20/2020 12:00:00 AM,1138,2,2,0,0,CLEAR,DRY,False,OTHER INTERSECTION COLLISIONS,REAR END,STRAIGHT & LEVEL,DAYLIGHT,,,4/21/2020 2:04:43 PM,False,7177,Accepted,
26621121,0568000,LOUISVILLE METRO POLICE DEPT,Accepted,JEFFERSON,,1220,DAHL,RD,,,,,,,,38.174396180,-85.697331194,0.497,4/20/2020 12:00:00 AM,1900,2,2,0,1,CLEAR,DRY,False,1 VEHICLE PARKED POSITION (NOT PARKING LOT/DRIVEWAY),ANGLE,CURVE & GRADE,DAYLIGHT,,,4/21/2020 2:06:04 PM,False,5130,Accepted,
26680042,0568000,LOUISVILLE METRO POLICE DEPT,Accepted,JEFFERSON,KY2054,,ALGONQUIN,PKWY,,,39TH,,,,,38.225793600,-85.821241076,0.067,4/20/2020 12:00:00 AM,2236,2,2,0,2,CLEAR,DRY,False,ANGLE COLLISION - OTHER,ANGLE,STRAIGHT & LEVEL,DARK-HWY LIGHTED/ON,,,5/11/2020 8:30:37 AM,False,7466,Accepted,
26617133,0568000,LOUISVILLE METRO POLICE DEPT,Accepted,JEFFERSON,,8809,PENNSYLVANIA RUN,RD,,,,,,,,38.116903835,-85.629992573,0.662,4/20/2020 12:00:00 AM,0508,1,1,0,1,CLEAR,DRY,False,OTHER ROADWAY OR MID-BLOCK COLLISION,SINGLE VEHICLE,STRAIGHT & LEVEL,DARK-HWY LIGHTED/OFF,,,4/20/2020 10:01:40 AM,False,7829,Accepted,
26623051,0568000,LOUISVILLE METRO POLICE DEPT,Accepted,JEFFERSON,,,26TH,ST,S,,DATE,,,,,38.243635190,-85.795544636,1.185,4/20/2020 12:00:00 AM,1504,1,1,0,0,CLEAR,DRY,False,OTHER INTERSECTION COLLISIONS,SINGLE VEHICLE,STRAIGHT & LEVEL,DAYLIGHT,,,4/22/2020 8:11:08 AM,False,7387,Accepted,
26621081,0568000,LOUISVILLE METRO POLICE DEPT,Accepted,JEFFERSON,US0042,,US42,,,,,,MT RAINIER,KY0022C,SEMINARY,38.294192971,-85.628096974,6.884,4/20/2020 12:00:00 AM,1707,1,1,0,0,CLEAR,DRY,False,COLLISION WITH FIXED OBJECT NON - INTERSECTION - FIRST EVENT COLLISION 09 - 32 EXCLUDING 16,SINGLE VEHICLE,STRAIGHT & HILLCREST,DAYLIGHT,,,4/21/2020 2:05:07 PM,False,7751,Accepted,
26621090,0568000,LOUISVILLE METRO POLICE DEPT,Accepted,JEFFERSON,,,ASHLAND,AVE,W,KY1865,TAYLOR,,,,,38.186644503,-85.783801700,0.993,4/20/2020 12:00:00 AM,1645,2,1,0,0,CLEAR,DRY,False,COLLISION WITH BICYCLE IN INTERSECTION,SINGLE VEHICLE,STRAIGHT & LEVEL,DAYLIGHT,,,4/21/2020 2:05:43 PM,False,7402,Accepted,
26621122,0568000,LOUISVILLE METRO POLICE DEPT,Accepted,JEFFERSON,,,7TH,ST,S,KY2054,ALGONQUIN,,,,,38.220062513,-85.777379592,,4/20/2020 12:00:00 AM,1850,2,2,0,0,CLEAR,DRY,False,ANGLE COLLISION - OTHER,ANGLE,STRAIGHT & LEVEL,DAYLIGHT,,,4/21/2020 2:06:13 PM,False,7184,Accepted,
26621125,0568000,LOUISVILLE METRO POLICE DEPT,Accepted,JEFFERSON,,,CYPRESS,ST,,,BURNETT,,,,,38.232358386,-85.798338297,0.382,4/20/2020 12:00:00 AM,1915,2,2,0,0,CLEAR,DRY,False,ANGLE COLLISION - OTHER,ANGLE,STRAIGHT & LEVEL,DAYLIGHT,,,4/21/2020 2:06:17 PM,False,7466,Accepted,
26621131,0568000,LOUISVILLE METRO POLICE DEPT,Accepted,JEFFERSON,KY0061,2235,SHELBY,ST,S,,,,,,,38.216173653,-85.743396748,10.205,4/20/2020 12:00:00 AM,1925,2,2,0,0,CLEAR,DRY,False,1 VEHICLE PARKED POSITION (NOT PARKING LOT/DRIVEWAY),SIDESWIPE-SAME DIRECTION,STRAIGHT & LEVEL,DAYLIGHT,,,4/21/2020 2:06:33 PM,False,5037,Accepted,
26623052,0568000,LOUISVILLE METRO POLICE DEPT,Accepted,JEFFERSON,,,VIRGINIA,AVE,,,34TH,,,,,38.239023998,-85.810246522,0.765,4/20/2020 12:00:00 AM,1834,2,2,0,0,CLEAR,DRY,False,ANGLE COLLISION - OTHER,ANGLE,STRAIGHT & LEVEL,DAYLIGHT,,,4/22/2020 8:11:22 AM,False,7387,Accepted,
26657262,0568000,LOUISVILLE METRO POLICE DEPT,Accepted,JEFFERSON,,,HANCOCK,ST,S,US0150,BROADWAY,,,,,38.244974582,-85.743580042,0.697,4/20/2020 12:00:00 AM,0633,2,2,0,1,CLEAR,DRY,False,OPPOSING LEFT TURN,OPPOSING LEFT TURN,CURVE & LEVEL,DAWN,,,5/4/2020 9:47:40 AM,False,5254,Accepted,
27144436,0568000,LOUISVILLE METRO POLICE DEPT,Accepted,JEFFERSON,,963,7TH,ST,S,,,,,,,38.237425662,-85.764803631,1.372,4/20/2020 12:00:00 AM,1440,2,2,0,0,CLEAR,DRY,True,1 VEHICLE PARKED POSITION (NOT PARKING LOT/DRIVEWAY),SIDESWIPE-SAME DIRECTION,STRAIGHT & LEVEL,DAYLIGHT,,,8/30/2020 10:59:34 AM,False,7469,Accepted,
26617129,0568000,LOUISVILLE METRO POLICE DEPT,Accepted,JEFFERSON,,,NORENE,LN,,,NAOMI,,,,,38.164715027,-85.682349869,0.459,4/19/2020 12:00:00 AM,1524,2,2,0,0,CLOUDY,DRY,False,ANGLE COLLISION - OTHER,ANGLE,STRAIGHT & LEVEL,DAYLIGHT,,,4/20/2020 10:01:24 AM,False,7451,Accepted,
26626035,0568000,LOUISVILLE METRO POLICE DEPT,Accepted,JEFFERSON,I 0264,,I264 W,,,,,,,,,38.190289018,-85.758314381,10.605,4/19/2020 12:00:00 AM,2230,2,2,0,2,CLEAR,DRY,False,REAR END IN TRAFFIC LANES BOTH VEHICLES MOVING,REAR END,STRAIGHT & LEVEL,DUSK,,,4/23/2020 8:15:23 AM,True,7400,Accepted,
27674227,0568000,LOUISVILLE METRO POLICE DEPT,Accepted,JEFFERSON,US0031E,1574,BARDSTOWN,RD,,,,,ALTA,,BONNYCASTLE,38.231081788,-85.705671127,14.430,4/19/2020 12:00:00 AM,1415,2,2,0,0,CLOUDY,DRY,False,1 VEHICLE PARKED POSITION (NOT PARKING LOT/DRIVEWAY),SIDESWIPE-SAME DIRECTION,STRAIGHT & LEVEL,DAYLIGHT,,,1/15/2021 7:04:58 AM,False,7960,Accepted,
26626033,0568000,LOUISVILLE METRO POLICE DEPT,Accepted,JEFFERSON,I 0264,,I264 W,,,,,,,,,38.190289018,-85.758314381,10.605,4/19/2020 12:00:00 AM,2230,2,2,0,1,CLEAR,DRY,False,REAR END IN TRAFFIC LANES BOTH VEHICLES MOVING,REAR END,STRAIGHT & LEVEL,DUSK,,,4/23/2020 8:15:06 AM,False,7400,Accepted,
26617124,0568000,LOUISVILLE METRO POLICE DEPT,Accepted,JEFFERSON,,3711,RIVER PARK,DR,,,,,,,,38.255141038,-85.813452278,0.702,4/18/2020 12:00:00 AM,0053,3,3,0,0,CLEAR,DRY,True,1 VEHICLE PARKED POSITION (NOT PARKING LOT/DRIVEWAY),HEAD ON,STRAIGHT & LEVEL,DARK-HWY LIGHTED/ON,,,4/20/2020 10:00:30 AM,False,5057,Accepted,
26617126,0568000,LOUISVILLE METRO POLICE DEPT,Accepted,JEFFERSON,US0060A,,TAYLOR,BLVD,,,DRESDEN,,,,,38.196998137,-85.782881206,1.516,4/18/2020 12:00:00 AM,2213,4,4,0,0,CLEAR,DRY,True,OTHER INTERSECTION COLLISIONS,REAR END,,DARK-HWY LIGHTED/ON,,,4/20/2020 10:00:35 AM,False,5252,Accepted,
26617109,0568000,LOUISVILLE METRO POLICE DEPT,Accepted,JEFFERSON,I 0065,,I65 E EXIT12 TRANSIT,,,,,,,,,38.189436322,-85.739348106,0.543,4/18/2020 12:00:00 AM,0029,1,1,0,1,CLEAR,WET,False,OTHER ROADWAY OR MID-BLOCK COLLISION,SINGLE VEHICLE,STRAIGHT & LEVEL,DARK-HWY LIGHTED/ON,,,4/20/2020 9:58:56 AM,False,5252,Accepted,
26617116,0568000,LOUISVILLE METRO POLICE DEPT,Accepted,JEFFERSON,,,4TH,ST,S,,CENTRAL,,,,,38.205149162,-85.765601329,3.585,4/18/2020 12:00:00 AM,1402,2,2,0,0,CLEAR,DRY,False,ANGLE COLLISION - OTHER,ANGLE,STRAIGHT & LEVEL,DAYLIGHT,,,4/20/2020 9:59:55 AM,False,7689,Accepted,
26617117,0568000,LOUISVILLE METRO POLICE DEPT,Accepted,JEFFERSON,,1922,7TH,ST,S,,,,,,,38.220116495,-85.777370923,0.004,4/18/2020 12:00:00 AM,1743,2,2,0,0,CLEAR,DRY,False,COLLISION IN PARKING LOT,BACKING,STRAIGHT & LEVEL,DAYLIGHT,,,4/20/2020 9:59:58 AM,False,7472,Accepted,
26617118,0568000,LOUISVILLE METRO POLICE DEPT,Accepted,JEFFERSON,KY1931,4808,GREENWOOD,RD,,,,,,,,38.143758693,-85.845955876,2.796,4/18/2020 12:00:00 AM,1248,1,1,0,1,CLEAR,DRY,False,OTHER ROADWAY OR MID-BLOCK COLLISION,SINGLE VEHICLE,STRAIGHT & LEVEL,DAYLIGHT,,,4/20/2020 10:00:02 AM,False,7483,Accepted,
26617127,0568000,LOUISVILLE METRO POLICE DEPT,Accepted,JEFFERSON,US0031E,,MAIN,ST,W,US0031W,2ND,,,,,38.256280046,-85.753333521,17.885,4/18/2020 12:00:00 AM,1932,2,2,0,1,CLEAR,DRY,False,ANGLE COLLISION - OTHER,ANGLE,STRAIGHT & LEVEL,DAYLIGHT,,,4/20/2020 10:00:41 AM,False,5168,Accepted,
26623048,0568000,LOUISVILLE METRO POLICE DEPT,Accepted,JEFFERSON,KY1865,,TAYLOR,BLVD,,I 0264,I264 E EXIT9 ON RAMP FROM KY1865 N,,,,,38.186644105,-85.783801605,5.530,4/18/2020 12:00:00 AM,2148,3,3,0,1,CLOUDY,DRY,False,OPPOSING LEFT TURN,OPPOSING LEFT TURN,STRAIGHT & LEVEL,DARK-HWY LIGHTED/ON,,,4/22/2020 8:10:42 AM,False,7628,Accepted,
26668728,0568000,LOUISVILLE METRO POLICE DEPT,Accepted,JEFFERSON,KY0061,,PRESTON,HWY,,,PARK,,,,,38.117820446,-85.677197034,2.463,4/18/2020 12:00:00 AM,1422,2,2,0,0,CLEAR,DRY,False,SIDESWIPE-SAME DIRECTION,SIDESWIPE-SAME DIRECTION,STRAIGHT & HILLCREST,DAYLIGHT,,,5/7/2020 9:14:03 AM,False,7269,Accepted,
26617130,0568000,LOUISVILLE METRO POLICE DEPT,Accepted,JEFFERSON,KY1065,,OUTER,LOOP,,,ROBBS,,,,,38.137871903,-85.665255009,7.231,4/18/2020 12:00:00 AM,1830,2,2,0,0,CLEAR,DRY,False,ANGLE COLLISION - OTHER,ANGLE,STRAIGHT & LEVEL,DAYLIGHT,,,4/20/2020 10:01:29 AM,False,7354,Accepted,
26617156,0568000,LOUISVILLE METRO POLICE DEPT,Accepted,JEFFERSON,,,STRAWBERRY,LN,,,,,,,,38.158910389,-85.763619745,0.079,4/18/2020 12:00:00 AM,1620,2,2,0,1,CLEAR,DRY,False,1 VEHICLE ENTERING/LEAVING ENTRANCE,ANGLE,STRAIGHT & LEVEL,DAYLIGHT,,,4/20/2020 10:04:16 AM,False,7053,Accepted,
26617112,0568000,LOUISVILLE METRO POLICE DEPT,Accepted,JEFFERSON,I 0064,,,,,,,,,,,38.219506167,-85.506257839,0.352,4/18/2020 12:00:00 AM,0357,1,1,0,0,CLEAR,WET,False,COLLISION WITH FIXED OBJECT NOT IN GORE ,SINGLE VEHICLE,CURVE & LEVEL,DARK-HWY LIGHTED/ON,I 0064,I 0265,4/20/2020 9:59:09 AM,False,7440,Accepted,
26617122,0568000,LOUISVILLE METRO POLICE DEPT,Accepted,JEFFERSON,KY1865,,NEW CUT,RD,,,WILDERNESS,,,,,38.153899888,-85.777069232,3.236,4/18/2020 12:00:00 AM,2011,3,3,0,1,CLEAR,DRY,False,OTHER INTERSECTION COLLISIONS,REAR END,STRAIGHT & LEVEL,DAYLIGHT,,,4/20/2020 10:00:19 AM,False,5276,Accepted,
26617114,0568000,LOUISVILLE METRO POLICE DEPT,Accepted,JEFFERSON,KY1703,,NEWBURG,RD,,,DUNDEE,,,,,38.210835873,-85.694683579,2.996,4/18/2020 12:00:00 AM,0810,5,5,0,2,CLEAR,DRY,False,ANGLE COLLISION - OTHER,ANGLE,CURVE & HILLCREST,DAYLIGHT,,,4/20/2020 9:59:18 AM,False,7306,Accepted,
26617119,0568000,LOUISVILLE METRO POLICE DEPT,Accepted,JEFFERSON,KY1819,,BRUSH RUN,RD,,,,,,,,38.123015822,-85.484214396,0.936,4/18/2020 12:00:00 AM,1730,1,1,0,1,CLEAR,DRY,False,RAN OFF ROADWAY (1 VEHICLE WITH/EARTH EMBANKMENT/DITCH),SINGLE VEHICLE,CURVE & LEVEL,DAYLIGHT,,,4/20/2020 10:00:06 AM,False,7698,Accepted,
26617113,0568000,LOUISVILLE METRO POLICE DEPT,Accepted,JEFFERSON,,,WILSON,AVE,,,,,,,,38.234862306,-85.790364658,0.837,4/17/2020 12:00:00 AM,2045,2,2,0,2,RAINING,WET,False,1 VEHICLE ENTERING/LEAVING ENTRANCE,ANGLE,STRAIGHT & LEVEL,DARK-HWY LIGHTED/ON,,,4/20/2020 9:59:13 AM,False,7393,Accepted,
26617088,0568000,LOUISVILLE METRO POLICE DEPT,Accepted,JEFFERSON,,,JENNINGS,LN,,,,,,,,38.184986374,-85.682747755,0.556,4/17/2020 12:00:00 AM,0400,1,1,0,0,CLEAR,DRY,False,OTHER ROADWAY OR MID-BLOCK COLLISION,SINGLE VEHICLE,CURVE & LEVEL,DARK-HWY LIGHTED/ON,,,4/20/2020 9:57:46 AM,False,7371,Accepted,
26617095,0568000,LOUISVILLE METRO POLICE DEPT,Accepted,JEFFERSON,KY1934,,CANE RUN,RD,,KY2054,ALGONQUIN,,,,,38.224231825,-85.809336460,11.491,4/17/2020 12:00:00 AM,1610,2,2,0,1,RAINING,WET,False,OTHER INTERSECTION COLLISIONS,REAR END,STRAIGHT & LEVEL,DAYLIGHT,,,4/20/2020 9:58:02 AM,False,7656,Accepted,
26617103,0568000,LOUISVILLE METRO POLICE DEPT,Accepted,JEFFERSON,,,KENTUCKY,ST,E,KY0061,JACKSON,,,,,38.237564402,-85.746907663,0.426,4/17/2020 12:00:00 AM,1348,2,2,0,0,CLEAR,WET,False,ANGLE COLLISION - OTHER,ANGLE,STRAIGHT & LEVEL,DAYLIGHT,,,4/20/2020 9:58:33 AM,False,7418,Accepted,
26617104,0568000,LOUISVILLE METRO POLICE DEPT,Accepted,JEFFERSON,,,CRUMS,LN,S,,SUNFLOWER,,,,,38.194642676,-85.834700210,0.248,4/17/2020 12:00:00 AM,1920,2,2,0,0,RAINING,WET,False,ANGLE COLLISION - OTHER,ANGLE,CURVE & LEVEL,DAYLIGHT,,,4/20/2020 9:58:37 AM,False,2877,Accepted,
26617105,0568000,LOUISVILLE METRO POLICE DEPT,Accepted,JEFFERSON,KY1747,2711,FERN VALLEY,RD,,,,,,,,38.157202732,-85.713417430,1.030,4/17/2020 12:00:00 AM,2349,2,2,0,0,RAINING,WET,False,,REAR END,CURVE & LEVEL,DARK-HWY LIGHTED/ON,,,4/20/2020 9:58:41 AM,False,7535,Accepted,
26617111,0568000,LOUISVILLE METRO POLICE DEPT,Accepted,JEFFERSON,I 0064,,,,,,,,,,,38.259100245,-85.738673415,0.364,4/17/2020 12:00:00 AM,2200,1,1,0,0,RAINING,WET,False,OTHER RAMP RELATED COLLISIONS NOT LISTED ABOVE,SINGLE VEHICLE,CURVE & LEVEL,DARK-HWY LIGHTED/ON,I 0065,I 0064,4/20/2020 9:59:04 AM,False,5271,Accepted,
26617089,0568000,LOUISVILLE METRO POLICE DEPT,Accepted,JEFFERSON,,,CARLISLE,AVE,,KY1865,TAYLOR,,,,,38.194148791,-85.783158934,0.493,4/17/2020 12:00:00 AM,0611,2,1,0,1,CLEAR,DRY,True,COLLISION WITH PEDESTRIAN IN INTERSECTION,SINGLE VEHICLE,STRAIGHT & LEVEL,DARK-HWY LIGHTED/ON,,,4/20/2020 9:57:50 AM,False,7455,Accepted,
26617097,0568000,LOUISVILLE METRO POLICE DEPT,Accepted,JEFFERSON,,,BROADWAY,,W,,,,,,,38.249874467,-85.807948737,1.069,4/17/2020 12:00:00 AM,1648,2,2,0,1,RAINING,WET,False,SIDESWIPE COLLISION - SAME DIRECTION,SIDESWIPE-SAME DIRECTION,STRAIGHT & LEVEL,DAYLIGHT,,,4/20/2020 9:58:09 AM,False,7460,Accepted,
26617121,0568000,LOUISVILLE METRO POLICE DEPT,Accepted,JEFFERSON,I 0071,,I71 N,,,I 0071,I71 N EXIT2 OFF RAMP TO  ZORN AVE,,,,,38.262257479,-85.723486454,0.059,4/17/2020 12:00:00 AM,1904,1,1,0,0,RAINING,WET,False,COLLISION WITH FIXED OBJECT IN INTERSECTION - FIRST EVENT COLLISION 09 - 32,SINGLE VEHICLE,CURVE & LEVEL,DAYLIGHT,,,4/20/2020 10:00:14 AM,False,5240,Accepted,
26617093,0568000,LOUISVILLE METRO POLICE DEPT,Accepted,JEFFERSON,,,HUDSON,LN,,,,US0031E,BARDSTOWN,,ROMAN,38.165389089,-85.598882249,0.035,4/17/2020 12:00:00 AM,1321,2,2,0,0,CLOUDY,DRY,False,1 VEHICLE ENTERING/LEAVING ENTRANCE,ANGLE,STRAIGHT & LEVEL,DAYLIGHT,,,4/20/2020 9:57:58 AM,False,2017,Accepted,
26617107,0568000,LOUISVILLE METRO POLICE DEPT,Accepted,JEFFERSON,KY1020,,2ND,ST,S,,MAGNOLIA,,,,,38.228768605,-85.758052833,10.913,4/17/2020 12:00:00 AM,2120,3,3,0,1,RAINING,WET,False,ANGLE COLLISION - OTHER,ANGLE,STRAIGHT & LEVEL,DARK-HWY LIGHTED/ON,,,4/20/2020 9:58:45 AM,False,5236,Accepted,
26617108,0568000,LOUISVILLE METRO POLICE DEPT,Accepted,JEFFERSON,I 0064,,,,,,,,,,,38.257785268,-85.740200781,0.241,4/17/2020 12:00:00 AM,2316,1,1,0,0,RAINING,WET,False,OTHER RAMP RELATED COLLISIONS NOT LISTED ABOVE,SINGLE VEHICLE,CURVE & GRADE,DARK-HWY LIGHTED/ON,I 0065,I 0064,4/20/2020 9:58:53 AM,False,7049,Accepted,
26617098,0568000,LOUISVILLE METRO POLICE DEPT,Accepted,JEFFERSON,US0031E,,BARDSTOWN,RD,,,CHEROKEE,,,,,38.234527491,-85.713857363,14.943,4/17/2020 12:00:00 AM,1730,2,2,0,0,RAINING,WET,False,ANGLE COLLISION - OTHER,ANGLE,STRAIGHT & LEVEL,DAYLIGHT,,,4/20/2020 9:58:13 AM,False,2230,Accepted,
26657265,0568000,LOUISVILLE METRO POLICE DEPT,Accepted,JEFFERSON,KY3064,,PORTLAND,AVE,,,26TH,,,,,38.271100255,-85.789970150,0.443,4/17/2020 12:00:00 AM,1606,2,2,0,0,RAINING,WET,False,ANGLE COLLISION - OTHER,ANGLE,STRAIGHT & LEVEL,DAYLIGHT,,,5/4/2020 9:47:44 AM,False,5108,Accepted,
26621145,0568000,LOUISVILLE METRO POLICE DEPT,Accepted,JEFFERSON,US0060A,,TAYLOR,BLVD,,,CLARA,,,,,38.200054852,-85.782606093,1.746,4/17/2020 12:00:00 AM,2308,2,2,0,1,RAINING,WET,False,OPPOSING LEFT TURN,OPPOSING LEFT TURN,STRAIGHT & LEVEL,DARK-HWY LIGHTED/ON,,,4/21/2020 2:10:32 PM,False,2142,Accepted,
26621109,0568000,LOUISVILLE METRO POLICE DEPT,Accepted,JEFFERSON,KY2801,,FLORENCE,AVE,W,KY1020,SOUTHERN,,,,,38.191141965,-85.766708943,0.255,4/17/2020 12:00:00 AM,1637,2,2,0,0,CLOUDY,WET,False,ANGLE COLLISION - ONE VEHICLE TURNING LEFT,ANGLE,STRAIGHT & LEVEL,DAYLIGHT,,,4/21/2020 2:05:58 PM,False,2217,Accepted,
26617123,0568000,LOUISVILLE METRO POLICE DEPT,Accepted,JEFFERSON,KY1020,2820,3RD,ST,S,,,,HEYWOOD,,CENTRAL,38.204428578,-85.763975824,9.486,4/17/2020 12:00:00 AM,0150,2,2,0,1,CLEAR,DRY,False,OTHER ROADWAY OR MID-BLOCK COLLISION,REAR END,STRAIGHT & LEVEL,DUSK,,,4/20/2020 10:00:26 AM,False,7400,Accepted,
26617110,0568000,LOUISVILLE METRO POLICE DEPT,Accepted,JEFFERSON,US0060,,FRANKFORT,AVE,,,EASTOVER,,,,,38.254476939,-85.678038891,2.300,4/17/2020 12:00:00 AM,2222,2,1,0,1,RAINING,WET,False,COLLISION WITH TRAIN,SINGLE VEHICLE,STRAIGHT & LEVEL,DARK-HWY NOT LIGHTED,,,4/20/2020 9:59:00 AM,False,7219,Accepted,
26617115,0568000,LOUISVILLE METRO POLICE DEPT,Accepted,JEFFERSON,,,12TH ST CONN,,,,,,,,,38.249839408,-85.772728887,0.122,4/17/2020 12:00:00 AM,1837,2,2,0,1,RAINING,WET,True,HEAD-ON COLLISION,HEAD ON,CURVE & LEVEL,DAYLIGHT,,,4/20/2020 9:59:23 AM,False,5173,Accepted,
26617100,0568000,LOUISVILLE METRO POLICE DEPT,Accepted,JEFFERSON,,,SHELBY,ST,S,,FORREST,,,,,38.222302694,-85.743297320,0.602,4/17/2020 12:00:00 AM,1319,2,2,0,3,CLOUDY,WET,False,SIDESWIPE-SAME DIRECTION,SIDESWIPE-SAME DIRECTION,STRAIGHT & LEVEL,DAYLIGHT,,,4/20/2020 9:58:21 AM,False,7407,Accepted,
26617132,0568000,LOUISVILLE METRO POLICE DEPT,Accepted,JEFFERSON,,1824,CYPRESS,ST,,,,,,,,38.225734510,-85.799619158,0.846,4/17/2020 12:00:00 AM,1350,2,2,0,0,RAINING,WET,True,1 VEHICLE PARKED POSITION (NOT PARKING LOT/DRIVEWAY),REAR END,STRAIGHT & LEVEL,DAYLIGHT,,,4/20/2020 10:01:36 AM,False,7656,Accepted,
26617102,0568000,LOUISVILLE METRO POLICE DEPT,Accepted,JEFFERSON,KY1020,2520,3RD,ST,S,,,,,,,38.213694634,-85.762308606,9.870,4/17/2020 12:00:00 AM,1211,1,1,0,0,CLOUDY,WET,False,OTHER ROADWAY OR MID-BLOCK COLLISION,SINGLE VEHICLE,STRAIGHT & LEVEL,DAYLIGHT,,,4/20/2020 9:58:29 AM,False,7418,Accepted,
26623049,0568000,LOUISVILLE METRO POLICE DEPT,Accepted,JEFFERSON,I 0071,,I71 N,,,,,,,,,38.268322274,-85.707090920,1.059,4/16/2020 12:00:00 AM,1234,1,1,0,1,CLEAR,DRY,False,OTHER ROADWAY OR MID-BLOCK COLLISION,SINGLE VEHICLE,STRAIGHT & LEVEL,DAYLIGHT,,,4/22/2020 8:10:51 AM,False,7628,Accepted,
26617134,0568000,LOUISVILLE METRO POLICE DEPT,Accepted,JEFFERSON,,3920,NANZ,AVE,,,,KY1932,BRECKENRIDGE,,MERIDIAN,38.250193659,-85.651519757,0.734,4/16/2020 12:00:00 AM,1049,2,2,0,0,CLEAR,DRY,False,SIDESWIPE COLLISION - SAME DIRECTION,SIDESWIPE-SAME DIRECTION,STRAIGHT & LEVEL,DAYLIGHT,,,4/20/2020 10:01:43 AM,False,2673,Accepted,
26617074,0568000,LOUISVILLE METRO POLICE DEPT,Accepted,JEFFERSON,US0031W,,DIXIE,HWY,,,LEWISTON,,,,,38.171235333,-85.826449256,13.516,4/16/2020 12:00:00 AM,0650,2,2,0,0,CLEAR,DRY,False,SIDESWIPE-SAME DIRECTION,SIDESWIPE-SAME DIRECTION,STRAIGHT & LEVEL,DAWN,,,4/20/2020 9:57:10 AM,False,7356,Accepted,
26617083,0568000,LOUISVILLE METRO POLICE DEPT,Accepted,JEFFERSON,US0031E,,MARKET,ST,W,,,,1ST,US0031W,2ND,38.254752603,-85.752320795,17.705,4/16/2020 12:00:00 AM,1650,2,2,0,0,CLEAR,DRY,False,SIDESWIPE COLLISION - SAME DIRECTION,SIDESWIPE-SAME DIRECTION,STRAIGHT & LEVEL,DAYLIGHT,,,4/20/2020 9:57:29 AM,False,2764,Accepted,
26617071,0568000,LOUISVILLE METRO POLICE DEPT,Accepted,JEFFERSON,,,DIXIE,HWY,,,GARLAND,,,,,38.243147856,-85.784430655,0.421,4/16/2020 12:00:00 AM,1427,2,2,0,0,CLEAR,DRY,False,OTHER INTERSECTION COLLISIONS,REAR END,STRAIGHT & LEVEL,DAYLIGHT,,,4/20/2020 9:57:01 AM,False,7923,Accepted,
26617072,0568000,LOUISVILLE METRO POLICE DEPT,Accepted,JEFFERSON,KY1065,,OUTER,LOOP,,KY0061,PRESTON,,,,,38.138464845,-85.686658407,6.055,4/16/2020 12:00:00 AM,1636,2,2,0,3,CLEAR,DRY,False,OPPOSING LEFT TURN,OPPOSING LEFT TURN,STRAIGHT & LEVEL,DAYLIGHT,,,4/20/2020 9:57:05 AM,False,2324,Accepted,