IncidentID,AgencyORI,AgencyName,IncidentStatusDesc,County,RdwyNumber,Street,RoadwayName,StreetSfx,StreetDir,IntersectionRdwy,IntersectionRdwyName,BetweenStRdwy1,BetweenStRdwyName1,BetweenStRdwy2,BetweenStRdwyName2,Latitude,Longitude,Milepoint,CollisionDate,CollisionTime,UnitsInvolved,MotorVehiclesInvolved,NumberKilled,NumberInjured,Weather,RdwyConditionCode,HitandRun,DirAnalysisCode,MannerofCollision,RdwyCharacter,LightCondition,RampFromRdwyId,RampToRdwyId,AcceptedDate,IsSecondaryCollision,OwnerBadge,IncidentStatus,
26617081,0568000,LOUISVILLE METRO POLICE DEPT,Accepted,JEFFERSON,US0031E,,MAIN,ST,E,,FLOYD,,,,,38.255700551,-85.747942729,17.583,4/16/2020 12:00:00 AM,1100,2,2,0,0,CLOUDY,DRY,False,ANGLE COLLISION - OTHER,ANGLE,STRAIGHT & LEVEL,DAYLIGHT,,,4/20/2020 9:57:23 AM,False,2764,Accepted,
26608098,0568000,LOUISVILLE METRO POLICE DEPT,Accepted,JEFFERSON,,810,TIN DOR,WAY,,,,,,,,38.103908363,-85.750605431,0.375,4/16/2020 12:00:00 AM,0629,1,1,0,1,OTHER,WET,False,RAN OFF ROADWAY (1 VEHICLE WITH/EARTH EMBANKMENT/DITCH),SINGLE VEHICLE,STRAIGHT & GRADE,DARK (UNKNOWN ROADWAY LIGHTING),,,4/16/2020 8:21:21 AM,False,5266,Accepted,
26617078,0568000,LOUISVILLE METRO POLICE DEPT,Accepted,JEFFERSON,KY2053,,THIXTON,LN,,,VISTA HILLS,,,,,38.100600870,-85.566759624,7.122,4/16/2020 12:00:00 AM,1753,2,2,0,2,CLEAR,DRY,False,ANGLE COLLISION - OTHER,ANGLE,STRAIGHT & LEVEL,DAYLIGHT,,,4/20/2020 9:57:18 AM,False,2308,Accepted,
26617086,0568000,LOUISVILLE METRO POLICE DEPT,Accepted,JEFFERSON,,,26TH,ST,S,,BROADWAY,,,,,38.249444176,-85.794943712,0.779,4/16/2020 12:00:00 AM,2046,2,2,0,4,CLEAR,DRY,False,ANGLE COLLISION - OTHER,ANGLE,STRAIGHT & LEVEL,DARK-HWY LIGHTED/ON,,,4/20/2020 9:57:38 AM,False,5008,Accepted,
26617087,0568000,LOUISVILLE METRO POLICE DEPT,Accepted,JEFFERSON,,900B,CLAY,ST,S,,CALDWELL,,,,,38.238681353,-85.742609112,1.137,4/16/2020 12:00:00 AM,2010,2,1,0,1,CLEAR,DRY,False,COLLISION WITH BICYCLE IN INTERSECTION,SINGLE VEHICLE,STRAIGHT & LEVEL,DUSK,,,4/20/2020 9:57:42 AM,False,5037,Accepted,
26943635,0568000,LOUISVILLE METRO POLICE DEPT,Accepted,JEFFERSON,KY2054,,ALGONQUIN,PKWY,,,DE SOTO,,,,,38.222950272,-85.789133486,1.822,4/16/2020 12:00:00 AM,2254,2,2,0,1,CLEAR,DRY,True,ANGLE COLLISION - OTHER,ANGLE,STRAIGHT & GRADE,DARK-HWY LIGHTED/ON,,,7/17/2020 8:11:02 AM,False,5232,Accepted,
26684709,0568000,LOUISVILLE METRO POLICE DEPT,Accepted,JEFFERSON,,,8TH,ST,S,,KENTUCKY,,,,,38.240195336,-85.766145032,1.193,4/15/2020 12:00:00 AM,0640,2,2,0,1,CLEAR,DRY,True,ANGLE COLLISION - OTHER,ANGLE,STRAIGHT & LEVEL,DAYLIGHT,,,5/12/2020 8:34:14 AM,False,7344,Accepted,
26697009,0568000,LOUISVILLE METRO POLICE DEPT,Accepted,JEFFERSON,,,MUHAMMAD ALI,BLVD,W,,29TH,,,,,38.255732114,-85.798884085,2.545,4/15/2020 12:00:00 AM,1802,2,2,0,0,CLEAR,DRY,False,ANGLE COLLISION - OTHER,ANGLE,STRAIGHT & LEVEL,DAYLIGHT,,,5/15/2020 8:19:57 AM,False,7969,Accepted,
26605287,0568000,LOUISVILLE METRO POLICE DEPT,Accepted,JEFFERSON,US0060,,FRANKFORT,AVE,,,BIRCHWOOD,,,,,38.254728152,-85.689409375,1.676,4/15/2020 12:00:00 AM,0427,1,1,0,0,CLEAR,DRY,False,COLLISION WITH FIXED OBJECT IN INTERSECTION - FIRST EVENT COLLISION 09 - 32,SINGLE VEHICLE,STRAIGHT & LEVEL,DARK-HWY LIGHTED/ON,,,4/15/2020 8:15:48 AM,False,5240,Accepted,
26608121,0560300,ST. MATTHEWS POLICE DEPARTMENT,Accepted,JEFFERSON,US0060,4169,SHELBYVILLE,RD,,,,,,,,38.251650589,-85.639994023,4.410,4/15/2020 12:00:00 AM,1616,1,1,0,0,CLOUDY,DRY,False,COLLISION IN PARKING LOT,SINGLE VEHICLE,CURVE & GRADE,DAYLIGHT,,,4/16/2020 8:32:00 AM,False,9150,Accepted,
26617069,0568000,LOUISVILLE METRO POLICE DEPT,Accepted,JEFFERSON,,,OLD MILLERS,LN,,,MILLERS,,,,,38.216269411,-85.812877612,0.333,4/15/2020 12:00:00 AM,1620,2,2,0,1,CLEAR,DRY,False,OPPOSING LEFT TURN,OPPOSING LEFT TURN,STRAIGHT & LEVEL,DAYLIGHT,,,4/20/2020 9:56:50 AM,False,5280,Accepted,
26608088,0568000,LOUISVILLE METRO POLICE DEPT,Accepted,JEFFERSON,,7207,PATRICK HENRY,RD,,,,,,,,38.138787445,-85.755791794,0.120,4/15/2020 12:00:00 AM,1230,1,1,0,0,CLEAR,DRY,False,COLLISION WITH FIXED OBJECT NON - INTERSECTION - FIRST EVENT COLLISION 09 - 32 EXCLUDING 16,SINGLE VEHICLE,STRAIGHT & LEVEL,DAYLIGHT,,,4/16/2020 8:20:26 AM,False,7263,Accepted,
26608089,0568000,LOUISVILLE METRO POLICE DEPT,Accepted,JEFFERSON,KY0155,,TAYLORSVILLE,RD,,,LOWE,,,,,38.219023807,-85.606832353,12.297,4/15/2020 12:00:00 AM,0944,2,2,0,1,CLEAR,DRY,False,ANGLE COLLISION - ONE VEHICLE TURNING LEFT,ANGLE,STRAIGHT & LEVEL,DAYLIGHT,,,4/16/2020 8:20:32 AM,False,4693,Accepted,
26608097,0568000,LOUISVILLE METRO POLICE DEPT,Accepted,JEFFERSON,,,26TH,ST,S,,JEFFERSON,,,,,38.257865239,-85.793860642,0.189,4/15/2020 12:00:00 AM,2038,2,2,0,0,CLEAR,DRY,False,HEAD-ON COLLISION,HEAD ON,STRAIGHT & LEVEL,DUSK,,,4/16/2020 8:21:17 AM,False,5162,Accepted,
26623047,0568000,LOUISVILLE METRO POLICE DEPT,Accepted,JEFFERSON,US0031E,,BARDSTOWN,RD,,,,,LONG HOME,,GLENMARY FARM,38.121648273,-85.572860984,3.435,4/15/2020 12:00:00 AM,1409,2,2,0,3,CLOUDY,DRY,False,1 VEHICLE ENTERING/LEAVING ENTRANCE,ANGLE,STRAIGHT & HILLCREST,DAYLIGHT,,,4/22/2020 8:10:09 AM,False,7840,Accepted,
26617075,0568000,LOUISVILLE METRO POLICE DEPT,Accepted,JEFFERSON,KY1932,,BRECKENRIDGE,LN,,,WILLIS,,,,,38.251433847,-85.654213099,5.399,4/15/2020 12:00:00 AM,1447,2,2,0,0,CLEAR,DRY,False,VEHICLE BACKING IN INTERSECTION,BACKING,STRAIGHT & LEVEL,DAYLIGHT,,,4/20/2020 9:57:13 AM,False,7632,Accepted,
26617084,0568000,LOUISVILLE METRO POLICE DEPT,Accepted,JEFFERSON,US0150,,BROADWAY,,W,,6TH,,,,,38.246316659,-85.761734123,2.172,4/15/2020 12:00:00 AM,1801,2,2,0,0,CLEAR,DRY,False,ANGLE COLLISION - OTHER,ANGLE,STRAIGHT & LEVEL,DAYLIGHT,,,4/20/2020 9:57:33 AM,False,7058,Accepted,
26617099,0568000,LOUISVILLE METRO POLICE DEPT,Accepted,JEFFERSON,KY2251,4032,BARDSTOWN,RD,,,,,BUECHEL BANK,,FARMVIEW,38.192496909,-85.648022617,0.255,4/15/2020 12:00:00 AM,0150,1,1,0,0,CLEAR,DRY,False,COLLISION IN PARKING LOT,SINGLE VEHICLE,STRAIGHT & LEVEL,DARK-HWY NOT LIGHTED,,,4/20/2020 9:58:17 AM,False,7770,Accepted,
26609137,0560600,WEST BUECHEL POLICE DEPT.,Accepted,JEFFERSON,,2100,BASHFORD MANOR,LN,,,,,,,,38.201028740,-85.668212997,0.242,4/15/2020 12:00:00 AM,1245,2,2,0,0,CLEAR,DRY,False,COLLISION IN PARKING LOT,BACKING,STRAIGHT & LEVEL,DAYLIGHT,,,4/16/2020 1:14:13 PM,False,1260,Accepted,
26608091,0568000,LOUISVILLE METRO POLICE DEPT,Accepted,JEFFERSON,,,NORTON HEALTHCARE,BLVD,,,VON ALLMEN,,,,,38.312643257,-85.572567961,0.181,4/15/2020 12:00:00 AM,1419,2,2,0,1,CLOUDY,DRY,False,OPPOSING LEFT TURN,OPPOSING LEFT TURN,STRAIGHT & LEVEL,DAYLIGHT,,,4/16/2020 8:20:51 AM,False,7751,Accepted,
26608093,0568000,LOUISVILLE METRO POLICE DEPT,Accepted,JEFFERSON,KY1934,,GREENBELT,HWY,,,ASHBY,,,,,38.110807779,-85.894532690,1.917,4/15/2020 12:00:00 AM,0955,2,2,0,1,CLEAR,DRY,False,OTHER INTERSECTION COLLISIONS,REAR END,STRAIGHT & LEVEL,DAYLIGHT,,,4/16/2020 8:21:03 AM,False,7336,Accepted,
26608099,0568000,LOUISVILLE METRO POLICE DEPT,Accepted,JEFFERSON,,1780,HILL,ST,W,,,,,,,38.228344125,-85.789582195,1.792,4/15/2020 12:00:00 AM,2239,4,4,0,2,CLEAR,DRY,False,SIDESWIPE COLLISION - SAME DIRECTION,SIDESWIPE-SAME DIRECTION,STRAIGHT & LEVEL,DARK-HWY LIGHTED/ON,,,4/16/2020 8:21:24 AM,False,5239,Accepted,
26605285,0568000,LOUISVILLE METRO POLICE DEPT,Accepted,JEFFERSON,,,4TH,ST,S,,,,ST CATHERINE,,OAK,38.236758192,-85.760048244,1.384,4/14/2020 12:00:00 AM,2331,2,2,0,1,CLEAR,DRY,True,1 VEHICLE PARKED POSITION (NOT PARKING LOT/DRIVEWAY),REAR END,STRAIGHT & LEVEL,DUSK,,,4/15/2020 8:15:44 AM,False,7400,Accepted,
26605274,0568000,LOUISVILLE METRO POLICE DEPT,Accepted,JEFFERSON,,7017,NORLYNN,DR,,,,,,,,38.145178974,-85.628049972,0.106,4/14/2020 12:00:00 AM,1221,1,1,0,0,CLOUDY,DRY,False,OTHER ROADWAY OR MID-BLOCK COLLISION,SINGLE VEHICLE,CURVE & LEVEL,DAYLIGHT,,,4/15/2020 8:15:08 AM,False,4693,Accepted,
26605277,0568000,LOUISVILLE METRO POLICE DEPT,Accepted,JEFFERSON,KY1450,,BLUE LICK,RD,,,,,,,,38.099332136,-85.695261825,0.951,4/14/2020 12:00:00 AM,1258,1,1,0,0,CLEAR,DRY,True,COLLISION WITH FIXED OBJECT NON - INTERSECTION - FIRST EVENT COLLISION 09 - 32 EXCLUDING 16,SINGLE VEHICLE,CURVE & LEVEL,DAYLIGHT,,,4/15/2020 8:15:21 AM,False,7955,Accepted,
26605267,0568000,LOUISVILLE METRO POLICE DEPT,Accepted,JEFFERSON,,3050,COMMERCE CENTER,PL,,,,,,,,38.221122451,-85.808345333,0.025,4/14/2020 12:00:00 AM,0835,2,2,0,0,CLEAR,DRY,False,1 VEHICLE ENTERING/LEAVING ENTRANCE,ANGLE,STRAIGHT & LEVEL,DAYLIGHT,,,4/15/2020 8:14:43 AM,False,7112,Accepted,
26605269,0568000,LOUISVILLE METRO POLICE DEPT,Accepted,JEFFERSON,US0031E,2500,BARDSTOWN,RD,,,,,,,,38.222883605,-85.684227626,13.100,4/14/2020 12:00:00 AM,0931,2,2,0,0,CLOUDY,DRY,False,SIDESWIPE COLLISION - SAME DIRECTION,SIDESWIPE-SAME DIRECTION,STRAIGHT & GRADE,DAYLIGHT,,,4/15/2020 8:14:50 AM,False,5112,Accepted,
26605275,0568000,LOUISVILLE METRO POLICE DEPT,Accepted,JEFFERSON,,,KENTUCKY,ST,E,KY0864,SHELBY,,,,,38.236936184,-85.740841988,0.758,4/14/2020 12:00:00 AM,1230,2,1,0,0,CLEAR,DRY,False,COLLISION WITH PEDESTRIAN IN INTERSECTION,SINGLE VEHICLE,STRAIGHT & LEVEL,DAYLIGHT,,,4/15/2020 8:15:12 AM,False,7418,Accepted,
26617096,0568000,LOUISVILLE METRO POLICE DEPT,Accepted,JEFFERSON,KY1934,,GREENBELT,HWY,,KY1230,LOWER RIVER,,,,,38.098152043,-85.892069227,1.033,4/14/2020 12:00:00 AM,1840,2,2,0,0,CLEAR,DRY,False,ANGLE COLLISION - OTHER,ANGLE,CURVE & LEVEL,DAYLIGHT,,,4/20/2020 9:58:05 AM,False,2311,Accepted,
26605271,0568000,LOUISVILLE METRO POLICE DEPT,Accepted,JEFFERSON,,335,ESPLANADE,AVE,E,,,,,,,38.158369000,-85.766325294,0.370,4/14/2020 12:00:00 AM,1330,1,1,0,0,CLOUDY,DRY,False,COLLISION IN PARKING LOT,SINGLE VEHICLE,STRAIGHT & LEVEL,DAYLIGHT,,,4/15/2020 8:14:58 AM,False,7139,Accepted,
26605273,0568000,LOUISVILLE METRO POLICE DEPT,Accepted,JEFFERSON,,5001,MUD,LN,,,,,,,,38.088357054,-85.670018389,0.433,4/14/2020 12:00:00 AM,1221,4,4,0,2,CLOUDY,DRY,False,COLLISION IN PARKING LOT,ANGLE,STRAIGHT & LEVEL,DAYLIGHT,,,4/15/2020 8:15:03 AM,False,2017,Accepted,
26617070,0568000,LOUISVILLE METRO POLICE DEPT,Accepted,JEFFERSON,US0060,,SHELBYVILLE,RD,,,,,WOOD,,LYNDON,38.248174257,-85.598850952,6.660,4/14/2020 12:00:00 AM,1754,2,2,0,0,CLOUDY,DRY,False,REAR END IN TRAFFIC LANES BOTH VEHICLES MOVING,REAR END,STRAIGHT & LEVEL,DAYLIGHT,,,4/20/2020 9:56:57 AM,False,6456,Accepted,
26605280,0568000,LOUISVILLE METRO POLICE DEPT,Accepted,JEFFERSON,,,BROOK,ST,S,,JEFFERSON,,,,,38.253144083,-85.750404838,3.392,4/14/2020 12:00:00 AM,0655,2,2,0,0,CLEAR,DRY,True,SIDESWIPE-SAME DIRECTION,SIDESWIPE-SAME DIRECTION,STRAIGHT & GRADE,DAYLIGHT,,,4/15/2020 8:15:33 AM,False,5135,Accepted,
26605281,0568000,LOUISVILLE METRO POLICE DEPT,Accepted,JEFFERSON,,3513,STONY BROOK,DR,,,,,,,,38.196827319,-85.592748795,1.966,4/14/2020 12:00:00 AM,2332,1,1,0,1,CLEAR,DRY,False,OTHER COLLISIONS ON SHOULDER,SINGLE VEHICLE,STRAIGHT & GRADE,DARK (UNKNOWN ROADWAY LIGHTING),,,4/15/2020 8:15:37 AM,False,7492,Accepted,
26617128,0568000,LOUISVILLE METRO POLICE DEPT,Accepted,JEFFERSON,KY1020,,NATIONAL,TPKE,,,ENTERPRISE,,,,,38.147445165,-85.759127024,5.169,4/14/2020 12:00:00 AM,1625,3,3,0,1,CLEAR,DRY,False,OTHER INTERSECTION COLLISIONS,REAR END,STRAIGHT & LEVEL,DAYLIGHT,,,4/20/2020 10:00:45 AM,False,7080,Accepted,
26605278,0568000,LOUISVILLE METRO POLICE DEPT,Accepted,JEFFERSON,KY1931,,7TH ST,RD,,KY2054,ALGONQUIN,,,,,38.220109637,-85.777457707,10.450,4/14/2020 12:00:00 AM,1407,1,1,0,1,CLOUDY,DRY,False,COLLISION WITH FIXED OBJECT IN INTERSECTION - FIRST EVENT COLLISION 09 - 32,SINGLE VEHICLE,STRAIGHT & LEVEL,DAYLIGHT,,,4/15/2020 8:15:25 AM,False,7422,Accepted,
26605270,0568000,LOUISVILLE METRO POLICE DEPT,Accepted,JEFFERSON,US0031E,,BARDSTOWN,RD,,,,,CAREY,,WAHL ST BLVD,38.186203243,-85.636012485,9.312,4/13/2020 12:00:00 AM,1336,2,2,0,1,CLOUDY,DRY,False,HEAD-ON COLLISION,HEAD ON,STRAIGHT & LEVEL,DAYLIGHT,,,4/15/2020 8:14:54 AM,False,7294,Accepted,
26605279,0568000,LOUISVILLE METRO POLICE DEPT,Accepted,JEFFERSON,KY2054,,ALGONQUIN,PKWY,,,COMPTON,,,,,38.213256638,-85.772197424,3.055,4/13/2020 12:00:00 AM,1452,2,2,0,1,CLEAR,DRY,False,SIDESWIPE-SAME DIRECTION,SIDESWIPE-SAME DIRECTION,STRAIGHT & LEVEL,DAYLIGHT,,,4/15/2020 8:15:29 AM,False,5123,Accepted,
26608086,0568000,LOUISVILLE METRO POLICE DEPT,Accepted,JEFFERSON,,,LOWER HUNTERS,TRCE,,KY1727,TERRY,,,,,38.164789608,-85.865557238,1.842,4/13/2020 12:00:00 AM,1545,2,2,0,1,CLEAR,DRY,False,SIDESWIPE-SAME DIRECTION,SIDESWIPE-SAME DIRECTION,STRAIGHT & LEVEL,DAYLIGHT,,,4/16/2020 8:20:18 AM,False,7628,Accepted,
26602257,0568000,LOUISVILLE METRO POLICE DEPT,Accepted,JEFFERSON,US0031W,7483,DIXIE,HWY,,,,,,,,38.142519657,-85.840147776,11.607,4/13/2020 12:00:00 AM,1404,2,2,0,0,CLOUDY,DRY,False,OTHER ROADWAY OR MID-BLOCK COLLISION,REAR END,STRAIGHT & LEVEL,DAYLIGHT,,,4/14/2020 8:20:10 AM,False,7205,Accepted,
26602262,0568000,LOUISVILLE METRO POLICE DEPT,Accepted,JEFFERSON,US0031W,,DIXIE,HWY,,,FLINTLOCK,,,,,38.160267916,-85.832685412,12.745,4/13/2020 12:00:00 AM,1425,2,2,0,0,CLEAR,DRY,False,OTHER INTERSECTION COLLISIONS,REAR END,STRAIGHT & LEVEL,DAWN,,,4/14/2020 8:20:29 AM,False,7267,Accepted,
26602264,0568000,LOUISVILLE METRO POLICE DEPT,Accepted,JEFFERSON,KY2054,,ALGONQUIN,PKWY,,US0031W,22ND,,,,,38.223320201,-85.795097390,1.502,4/13/2020 12:00:00 AM,1250,3,3,0,1,CLEAR,DRY,False,ANGLE COLLISION - OTHER,ANGLE,STRAIGHT & LEVEL,DAYLIGHT,,,4/14/2020 8:20:47 AM,False,5190,Accepted,
26605276,0568000,LOUISVILLE METRO POLICE DEPT,Accepted,JEFFERSON,,,JEANINE,DR,,,,,CAROLYN,,NORENE,38.167626427,-85.688059303,0.641,4/13/2020 12:00:00 AM,1736,2,2,0,2,CLEAR,DRY,False,HEAD-ON COLLISION,HEAD ON,CURVE & LEVEL,DAYLIGHT,,,4/15/2020 8:15:17 AM,False,7830,Accepted,
26602258,0568000,LOUISVILLE METRO POLICE DEPT,Accepted,JEFFERSON,KY0061,,PRESTON,HWY,,,,KY2053,MT WASHINGTON,KY6304,OLD PRESTON,38.093208914,-85.669180957,0.673,4/13/2020 12:00:00 AM,1601,3,3,0,0,CLOUDY,DRY,False,REAR END IN TRAFFIC LANES BOTH VEHICLES MOVING,REAR END,STRAIGHT & LEVEL,DAYLIGHT,,,4/14/2020 8:20:13 AM,False,7991,Accepted,
26602259,0568000,LOUISVILLE METRO POLICE DEPT,Accepted,JEFFERSON,KY1747,,FERN VALLEY,RD,,,JEANINE,,,,,38.157853604,-85.688521435,2.410,4/13/2020 12:00:00 AM,1622,3,3,0,1,CLEAR,DRY,False,OTHER INTERSECTION COLLISIONS,REAR END,STRAIGHT & LEVEL,DAYLIGHT,,,4/14/2020 8:20:17 AM,False,7379,Accepted,
26602260,0568000,LOUISVILLE METRO POLICE DEPT,Accepted,JEFFERSON,I 0065,,I65 S,,,,,,,,,38.236664403,-85.752368427,134.618,4/13/2020 12:00:00 AM,1651,2,2,0,0,CLEAR,DRY,False,SIDESWIPE COLLISION - SAME DIRECTION,SIDESWIPE-SAME DIRECTION,CURVE & LEVEL,DAYLIGHT,,,4/14/2020 8:20:21 AM,False,7689,Accepted,
26602266,0568000,LOUISVILLE METRO POLICE DEPT,Accepted,JEFFERSON,KY0061,,PRESTON,HWY,,,,,,,,38.171382034,-85.709325376,6.573,4/13/2020 12:00:00 AM,1320,2,2,0,1,CLOUDY,DRY,False,1 VEHICLE ENTERING/LEAVING ENTRANCE,ANGLE,STRAIGHT & LEVEL,DAYLIGHT,,,4/14/2020 8:20:59 AM,False,4693,Accepted,
26598774,0568000,LOUISVILLE METRO POLICE DEPT,Accepted,JEFFERSON,US0031W,14600,DIXIE,HWY,,,,,,,,38.031775831,-85.914145153,2.671,4/13/2020 12:00:00 AM,0517,1,1,0,2,RAINING,WET,False,OTHER ROADWAY OR MID-BLOCK COLLISION,SINGLE VEHICLE,STRAIGHT & LEVEL,DARK-HWY LIGHTED/OFF,,,4/13/2020 8:11:03 AM,False,7277,Accepted,
26658543,0560000,JEFFERSON COUNTY SHERIFF DEPT.,Accepted,JEFFERSON,KY0061,,PRESTON,HWY,,,,,,,,38.107520135,-85.674050642,1.704,4/13/2020 12:00:00 AM,1510,2,2,0,0,CLEAR,DRY,False,1 VEHICLE ENTERING/LEAVING ENTRANCE,ANGLE,STRAIGHT & HILLCREST,DAYLIGHT,,,5/4/2020 2:04:24 PM,False,4025,Accepted,
26598776,0568000,LOUISVILLE METRO POLICE DEPT,Accepted,JEFFERSON,I 0064,,I64 E,,,,,,,,,38.257870139,-85.741274205,5.440,4/13/2020 12:00:00 AM,0700,1,1,0,0,RAINING,WATER (STANDING OR MOVING),False,RAN OFF ROADWAY (1 VEHICLE WITH/EARTH EMBANKMENT/DITCH),SINGLE VEHICLE,CURVE & GRADE,DAWN,,,4/13/2020 8:11:10 AM,False,5275,Accepted,
26668726,0568000,LOUISVILLE METRO POLICE DEPT,Accepted,JEFFERSON,,,BRECKINRIDGE,ST,E,KY0061,JACKSON,,,,,38.240522925,-85.746404993,1.176,4/13/2020 12:00:00 AM,1414,2,2,0,2,CLOUDY,DRY,False,ANGLE COLLISION - OTHER,ANGLE,STRAIGHT & LEVEL,DAYLIGHT,,,5/7/2020 9:13:52 AM,False,7407,Accepted,
27807188,0568000,LOUISVILLE METRO POLICE DEPT,Accepted,JEFFERSON,,,STONESTREET,RD,,,VALLEY COLLEGE,,,,,38.118027830,-85.844391930,0.679,4/12/2020 12:00:00 AM,2350,2,1,0,1,RAINING,WET,True,COLLISION WITH PEDESTRIAN IN INTERSECTION,SINGLE VEHICLE,STRAIGHT & GRADE,DARK-HWY LIGHTED/OFF,,,2/23/2021 8:00:22 AM,False,7720,Accepted,
26608100,0568000,LOUISVILLE METRO POLICE DEPT,Accepted,JEFFERSON,US0031E,,BARDSTOWN,RD,,KY1065,SEATONVILLE,,,,,38.149936369,-85.587249090,5.561,4/12/2020 12:00:00 AM,1615,2,2,0,1,RAINING,WET,False,ANGLE COLLISION - OTHER,ANGLE,STRAIGHT & LEVEL,DAYLIGHT,,,4/16/2020 8:21:29 AM,False,7573,Accepted,
26598775,0568000,LOUISVILLE METRO POLICE DEPT,Accepted,JEFFERSON,KY1727,,TERRY,RD,,,MURRAY,,,,,38.169947614,-85.867757949,3.401,4/12/2020 12:00:00 AM,0324,1,1,0,1,CLOUDY,DRY,False,COLLISION WITH FIXED OBJECT IN INTERSECTION - FIRST EVENT COLLISION 09 - 32,SINGLE VEHICLE,CURVE & LEVEL,DARK-HWY NOT LIGHTED,,,4/13/2020 8:11:06 AM,False,7340,Accepted,
26608090,0568000,LOUISVILLE METRO POLICE DEPT,Accepted,JEFFERSON,I 0264,,I264 E,,,I 0264,I264 E EXIT14 OFF RAMP TO KY864,,,,,38.190834610,-85.718259451,12.697,4/12/2020 12:00:00 AM,1722,1,1,0,2,RAINING,WET,False,OTHER INTERSECTION COLLISIONS,SINGLE VEHICLE,STRAIGHT & LEVEL,DAYLIGHT,,,4/16/2020 8:20:45 AM,False,7094,Accepted,
26617090,0568000,LOUISVILLE METRO POLICE DEPT,Accepted,JEFFERSON,I 0265,,I265 S,,,,,,,,,38.223936575,-85.505612770,25.529,4/12/2020 12:00:00 AM,1917,1,1,0,0,RAINING,WET,False,RAN OFF ROADWAY (1 VEHICLE WITH/EARTH EMBANKMENT/DITCH),SINGLE VEHICLE,STRAIGHT & LEVEL,DAYLIGHT,,,4/20/2020 9:57:54 AM,False,7633,Accepted,
26673083,0568000,LOUISVILLE METRO POLICE DEPT,Accepted,JEFFERSON,,,BECKLEY CREEK,PKWY,,,,,ECHO,,UNKNOWN RD,38.208789831,-85.473529466,,4/12/2020 12:00:00 AM,1612,1,1,0,0,RAINING,WATER (STANDING OR MOVING),False,COLLISION WITH FIXED OBJECT NON - INTERSECTION - FIRST EVENT COLLISION 09 - 32 EXCLUDING 16,SINGLE VEHICLE,CURVE & LEVEL,DAYLIGHT,,,5/8/2020 1:16:29 PM,False,7751,Accepted,
26598760,0568000,LOUISVILLE METRO POLICE DEPT,Accepted,JEFFERSON,KY1931,,ST ANDREWS CHURCH,RD,,,QUILLMAN,,,,,38.153695334,-85.804416675,5.299,4/12/2020 12:00:00 AM,1215,1,1,0,0,CLOUDY,DRY,False,COLLISION WITH FIXED OBJECT IN INTERSECTION - FIRST EVENT COLLISION 09 - 32,SINGLE VEHICLE,CURVE & LEVEL,DAYLIGHT,,,4/13/2020 8:10:16 AM,False,7356,Accepted,
26598768,0568000,LOUISVILLE METRO POLICE DEPT,Accepted,JEFFERSON,KY1865,4156,TAYLOR,BLVD,,,,,,,,38.180059829,-85.783330368,5.064,4/12/2020 12:00:00 AM,1730,2,2,0,0,RAINING,WET,True,1 VEHICLE ENTERING/LEAVING ENTRANCE,ANGLE,STRAIGHT & LEVEL,DAYLIGHT,,,4/13/2020 8:10:42 AM,False,7471,Accepted,
26598766,0568000,LOUISVILLE METRO POLICE DEPT,Accepted,JEFFERSON,US0031W,,DIXIE,HWY,,,,,,,,38.094228921,-85.874698023,7.624,4/12/2020 12:00:00 AM,1825,2,2,0,1,RAINING,WET,False,1 VEHICLE ENTERING/LEAVING ENTRANCE,ANGLE,STRAIGHT & LEVEL,DAYLIGHT,,,4/13/2020 8:10:38 AM,False,7234,Accepted,
26598773,0568000,LOUISVILLE METRO POLICE DEPT,Accepted,JEFFERSON,US0031E,1277,BARDSTOWN,RD,,,,,,,,38.236158228,-85.716847165,15.149,4/12/2020 12:00:00 AM,2050,3,3,0,0,CLOUDY,WET,True,OTHER ROADWAY OR MID-BLOCK COLLISION,REAR END,STRAIGHT & LEVEL,DARK-HWY LIGHTED/ON,,,4/13/2020 8:10:58 AM,False,7376,Accepted,
26600436,0560300,ST. MATTHEWS POLICE DEPARTMENT,Accepted,JEFFERSON,I 0064,,I64 W,,,,,,,,,38.236131673,-85.645061608,11.045,4/12/2020 12:00:00 AM,1821,2,2,0,0,RAINING,WET,False,SIDESWIPE COLLISION - SAME DIRECTION,SIDESWIPE-SAME DIRECTION,STRAIGHT & LEVEL,DAYLIGHT,,,4/13/2020 2:58:51 PM,False,9163,Accepted,