IncidentID,AgencyORI,AgencyName,IncidentStatusDesc,County,RdwyNumber,Street,RoadwayName,StreetSfx,StreetDir,IntersectionRdwy,IntersectionRdwyName,BetweenStRdwy1,BetweenStRdwyName1,BetweenStRdwy2,BetweenStRdwyName2,Latitude,Longitude,Milepoint,CollisionDate,CollisionTime,UnitsInvolved,MotorVehiclesInvolved,NumberKilled,NumberInjured,Weather,RdwyConditionCode,HitandRun,DirAnalysisCode,MannerofCollision,RdwyCharacter,LightCondition,RampFromRdwyId,RampToRdwyId,AcceptedDate,IsSecondaryCollision,OwnerBadge,IncidentStatus,
26600437,0560300,ST. MATTHEWS POLICE DEPARTMENT,Accepted,JEFFERSON,I 0064,,I64 W,,,,,,,,,38.236131673,-85.645061608,11.045,4/12/2020 12:00:00 AM,1821,2,2,0,0,RAINING,WET,False,REAR END IN TRAFFIC LANES BOTH VEHICLES MOVING,REAR END,STRAIGHT & LEVEL,DAYLIGHT,,,4/13/2020 2:58:55 PM,True,9163,Accepted,
26617135,0568000,LOUISVILLE METRO POLICE DEPT,Accepted,JEFFERSON,I 0065,124,I65 N,,,,,,,,,38.104956090,-85.701006328,124.467,4/12/2020 12:00:00 AM,1643,2,2,0,0,RAINING,WET,False,REAR END IN TRAFFIC LANES BOTH VEHICLES MOVING,REAR END,STRAIGHT & LEVEL,DAYLIGHT,,,4/20/2020 10:01:47 AM,False,7799,Accepted,
26598762,0568000,LOUISVILLE METRO POLICE DEPT,Accepted,JEFFERSON,KY0841,,GENE SNYDER,FWY,,KY0841,KY841 RAMP FROM KY1865,,,,,38.120564835,-85.777380731,6.043,4/12/2020 12:00:00 AM,1715,1,1,0,0,RAINING,WET,False,OTHER INTERSECTION COLLISIONS,SINGLE VEHICLE,STRAIGHT & LEVEL,DAYLIGHT,,,4/13/2020 8:10:20 AM,False,7263,Accepted,
26598769,0568000,LOUISVILLE METRO POLICE DEPT,Accepted,JEFFERSON,,,BRECKINRIDGE,ST,W,,16TH,,,,,38.243952975,-85.779796368,1.236,4/12/2020 12:00:00 AM,1751,1,1,0,0,CLOUDY,WET,False,OTHER INTERSECTION COLLISIONS,SINGLE VEHICLE,STRAIGHT & LEVEL,DAYLIGHT,,,4/13/2020 8:10:46 AM,False,5253,Accepted,
26598770,0568000,LOUISVILLE METRO POLICE DEPT,Accepted,JEFFERSON,I 0065,,I65 N,,,,,,,,,38.205571932,-85.742751961,132.064,4/12/2020 12:00:00 AM,1949,4,4,0,0,CLOUDY,WET,False,1 VEHICLE ENTERING/LEAVING ENTRANCE,ANGLE,CURVE & LEVEL,DAYLIGHT,,,4/13/2020 8:10:49 AM,False,7173,Accepted,
26598758,0568000,LOUISVILLE METRO POLICE DEPT,Accepted,JEFFERSON,KY0146,,NEW LA GRANGE,RD,,,WASHBURN,,,,,38.254311824,-85.611855222,0.448,4/12/2020 12:00:00 AM,1042,2,2,0,3,CLEAR,DRY,False,COLLISION WITH FIXED OBJECT IN INTERSECTION - FIRST EVENT COLLISION 09 - 32,HEAD ON,STRAIGHT & LEVEL,DAYLIGHT,,,4/13/2020 8:10:08 AM,False,5109,Accepted,
26598765,0568000,LOUISVILLE METRO POLICE DEPT,Accepted,JEFFERSON,KY1931,,7TH ST,RD,,,,,,,,38.219657688,-85.777807922,10.454,4/12/2020 12:00:00 AM,1636,3,3,0,2,RAINING,WET,False,1 VEHICLE ENTERING/LEAVING ENTRANCE,ANGLE,STRAIGHT & LEVEL,DAYLIGHT,,,4/13/2020 8:10:34 AM,False,7977,Accepted,
26598763,0568000,LOUISVILLE METRO POLICE DEPT,Accepted,JEFFERSON,,,MAGAZINE,ST,,,27TH,,,,,38.251857123,-85.796181139,1.594,4/12/2020 12:00:00 AM,,2,2,0,0,RAINING,WET,True,ANGLE COLLISION - OTHER,ANGLE,STRAIGHT & LEVEL,DAYLIGHT,,,4/13/2020 8:10:24 AM,False,7241,Accepted,
26598764,0568000,LOUISVILLE METRO POLICE DEPT,Accepted,JEFFERSON,KY0907,,3RD ST,RD,,,WISERTOWN,,,,,38.130394184,-85.792572343,4.888,4/12/2020 12:00:00 AM,1733,3,3,0,1,RAINING,WET,True,OTHER INTERSECTION COLLISIONS,REAR END,STRAIGHT & LEVEL,DAYLIGHT,,,4/13/2020 8:10:28 AM,False,7149,Accepted,
26598771,0568000,LOUISVILLE METRO POLICE DEPT,Accepted,JEFFERSON,,,RIVER PARK,DR,,,35TH,,,,,38.254653040,-85.809269621,0.969,4/12/2020 12:00:00 AM,2059,2,2,0,0,CLOUDY,WET,False,ANGLE COLLISION - OTHER,ANGLE,STRAIGHT & LEVEL,DARK-HWY LIGHTED/ON,,,4/13/2020 8:10:53 AM,False,7343,Accepted,
26598747,0568000,LOUISVILLE METRO POLICE DEPT,Accepted,JEFFERSON,US0031W,,DR W J HODGE,ST,,,GARLAND,,,,,38.243929298,-85.787370052,19.281,4/11/2020 12:00:00 AM,1320,2,2,0,0,CLEAR,DRY,False,ANGLE COLLISION - ONE VEHICLE TURNING LEFT,ANGLE,STRAIGHT & LEVEL,DAYLIGHT,,,4/13/2020 8:09:30 AM,False,5253,Accepted,
26598752,0568000,LOUISVILLE METRO POLICE DEPT,Accepted,JEFFERSON,,,OAK,ST,W,,25TH,,,,,38.237866968,-85.794582502,2.152,4/11/2020 12:00:00 AM,1851,2,2,0,2,CLOUDY,WET,False,ANGLE COLLISION - OTHER,ANGLE,STRAIGHT & LEVEL,DAYLIGHT,,,4/13/2020 8:09:46 AM,False,5151,Accepted,
26598737,0568000,LOUISVILLE METRO POLICE DEPT,Accepted,JEFFERSON,,8003,ARNOLDTOWN,RD,,,,,,,,38.130168642,-85.811863443,1.551,4/11/2020 12:00:00 AM,1111,1,1,0,0,CLEAR,DRY,False,OTHER ROADWAY OR MID-BLOCK COLLISION,SINGLE VEHICLE,STRAIGHT & LEVEL,DAYLIGHT,,,4/13/2020 8:08:56 AM,False,7149,Accepted,
26598755,0568000,LOUISVILLE METRO POLICE DEPT,Accepted,JEFFERSON,,,ASHLAND,AVE,W,KY1020,SOUTHERN,,,,,38.185281812,-85.767508692,0.097,4/11/2020 12:00:00 AM,2047,2,2,0,1,CLEAR,DRY,False,OTHER INTERSECTION COLLISIONS,REAR END,STRAIGHT & LEVEL,DARK-HWY LIGHTED/ON,,,4/13/2020 8:09:57 AM,False,5237,Accepted,
26598742,0568000,LOUISVILLE METRO POLICE DEPT,Accepted,JEFFERSON,,,BROADWAY,,W,,,,26TH,,24TH,38.249431777,-85.794590817,0.347,4/11/2020 12:00:00 AM,1058,2,2,0,1,CLEAR,DRY,False,1 VEHICLE ENTERING/LEAVING ENTRANCE,ANGLE,STRAIGHT & LEVEL,DAYLIGHT,,,4/13/2020 8:09:13 AM,False,7241,Accepted,
26598748,0568000,LOUISVILLE METRO POLICE DEPT,Accepted,JEFFERSON,KY1819,15717,BRUSH RUN,RD,,,,,,,,38.127501135,-85.478775894,0.510,4/11/2020 12:00:00 AM,1825,2,2,0,0,RAINING,WET,False,HEAD-ON COLLISION,HEAD ON,CURVE & LEVEL,DAYLIGHT,,,4/13/2020 8:09:36 AM,False,6878,Accepted,
26598749,0568000,LOUISVILLE METRO POLICE DEPT,Accepted,JEFFERSON,KY0864,,POPLAR LEVEL,RD,,,MERCER,,,,,38.201424899,-85.709579719,11.742,4/11/2020 12:00:00 AM,1750,2,2,0,0,CLEAR,DRY,False,OTHER INTERSECTION COLLISIONS,REAR END,STRAIGHT & LEVEL,DAYLIGHT,,,4/13/2020 8:09:39 AM,False,5019,Accepted,
26598731,0568000,LOUISVILLE METRO POLICE DEPT,Accepted,JEFFERSON,,9923,DANIEL,DR,,,,,,,,38.104631278,-85.756911900,0.173,4/11/2020 12:00:00 AM,0142,1,1,0,0,CLEAR,DRY,False,COLLISION IN PARKING LOT,SINGLE VEHICLE,STRAIGHT & LEVEL,DARK-HWY LIGHTED/ON,,,4/13/2020 8:08:38 AM,False,7975,Accepted,
26598732,0568000,LOUISVILLE METRO POLICE DEPT,Accepted,JEFFERSON,,4407,FEGENBUSH,LN,,,,,,,,38.185663563,-85.638149792,0.110,4/11/2020 12:00:00 AM,0343,1,1,0,0,CLOUDY,DRY,False,COLLISION WITH FIXED OBJECT NON - INTERSECTION - FIRST EVENT COLLISION 09 - 32 EXCLUDING 16,SINGLE VEHICLE,STRAIGHT & LEVEL,DARK-HWY NOT LIGHTED,,,4/13/2020 8:08:42 AM,False,7851,Accepted,
26598751,0568000,LOUISVILLE METRO POLICE DEPT,Accepted,JEFFERSON,KY1865,,TAYLOR,BLVD,,,,,,,,38.175796627,-85.782645521,4.762,4/11/2020 12:00:00 AM,1805,2,2,0,0,RAINING,WET,False,1 VEHICLE ENTERING/LEAVING ENTRANCE,ANGLE,STRAIGHT & LEVEL,DAYLIGHT,,,4/13/2020 8:09:43 AM,False,7667,Accepted,
26598734,0568000,LOUISVILLE METRO POLICE DEPT,Accepted,JEFFERSON,I 0264,,I264 E,,,,,,,,,38.190732575,-85.721387381,12.527,4/11/2020 12:00:00 AM,0340,2,2,0,0,CLEAR,DRY,True,SIDESWIPE COLLISION - SAME DIRECTION,SIDESWIPE-SAME DIRECTION,STRAIGHT & LEVEL,DARK-HWY LIGHTED/ON,,,4/13/2020 8:08:45 AM,False,7359,Accepted,
26617101,0568000,LOUISVILLE METRO POLICE DEPT,Accepted,JEFFERSON,,,HIGHLAND,AVE,,US0031E,BAXTER,,,,,38.240226051,-85.724305497,0.738,4/11/2020 12:00:00 AM,2036,2,2,0,0,CLEAR,DRY,True,OTHER INTERSECTION COLLISIONS,REAR END,STRAIGHT & LEVEL,DUSK,,,4/20/2020 9:58:25 AM,False,5152,Accepted,
26631855,0564400,INDIAN HILLS POLICE DEPARTMENT,Accepted,JEFFERSON,US0042,,BROWNSBORO,RD,,,PENNINGTON,,,,,38.265234026,-85.668112802,3.762,4/11/2020 12:00:00 AM,1320,2,2,0,0,CLEAR,DRY,False,ANGLE COLLISION - OTHER,ANGLE,STRAIGHT & LEVEL,DAYLIGHT,,,4/25/2020 1:03:15 PM,False,4419,Accepted,
27807187,0568000,LOUISVILLE METRO POLICE DEPT,Accepted,JEFFERSON,,,STONESTREET,RD,,,VALLEY COLLEGE,,,,,38.118027830,-85.844391930,0.679,4/11/2020 12:00:00 AM,2351,2,1,1,0,RAINING,WET,True,COLLISION WITH PEDESTRIAN IN INTERSECTION,SINGLE VEHICLE,STRAIGHT & GRADE,DARK-HWY LIGHTED/OFF,,,2/23/2021 8:00:05 AM,False,7720,Accepted,
26618036,0568000,LOUISVILLE METRO POLICE DEPT,Accepted,JEFFERSON,KY0155,,TAYLORSVILLE,RD,,,LOWE,,,,,38.218922441,-85.606855869,12.304,4/10/2020 12:00:00 AM,1254,2,2,0,0,CLEAR,DRY,False,OTHER INTERSECTION COLLISIONS,REAR END,STRAIGHT & LEVEL,DAYLIGHT,,,4/20/2020 1:38:30 PM,False,7303,Accepted,
26602253,0568000,LOUISVILLE METRO POLICE DEPT,Accepted,JEFFERSON,,,GRADE,LN,,,,,,,,38.166062909,-85.721452449,1.068,4/10/2020 12:00:00 AM,2233,2,2,0,1,CLOUDY,DRY,False,HEAD-ON COLLISION,HEAD ON,STRAIGHT & LEVEL,DARK-HWY LIGHTED/ON,,,4/14/2020 8:19:54 AM,False,5124,Accepted,
26598741,0568000,LOUISVILLE METRO POLICE DEPT,Accepted,JEFFERSON,US0031W,,MAIN,ST,W,,9TH,,,,,38.257534122,-85.764798168,21.473,4/10/2020 12:00:00 AM,1528,1,1,0,0,CLEAR,DRY,True,COLLISION WITH FIXED OBJECT IN INTERSECTION - FIRST EVENT COLLISION 09 - 32,SINGLE VEHICLE,STRAIGHT & LEVEL,DAYLIGHT,,,4/13/2020 8:09:09 AM,False,2854,Accepted,
26598718,0568000,LOUISVILLE METRO POLICE DEPT,Accepted,JEFFERSON,KY1934,,GREENBELT,HWY,,,ASHBY,,,,,38.110799522,-85.894434403,1.912,4/10/2020 12:00:00 AM,1412,2,2,0,1,CLEAR,DRY,False,ANGLE COLLISION - OTHER,ANGLE,STRAIGHT & LEVEL,DAYLIGHT,,,4/13/2020 8:07:57 AM,False,7234,Accepted,
26598725,0568000,LOUISVILLE METRO POLICE DEPT,Accepted,JEFFERSON,US0031E,,BARDSTOWN,RD,,,FEGENBUSH,,,,,38.186968519,-85.637574658,9.413,4/10/2020 12:00:00 AM,1945,4,4,0,2,CLEAR,DRY,False,OTHER INTERSECTION COLLISIONS,REAR END,STRAIGHT & LEVEL,DAYLIGHT,,,4/13/2020 8:08:17 AM,False,2737,Accepted,
26598759,0568000,LOUISVILLE METRO POLICE DEPT,Accepted,JEFFERSON,US0060,,FRANKFORT,AVE,,,HALDEMAN,,,,,38.255719029,-85.713320476,0.353,4/10/2020 12:00:00 AM,0011,2,2,0,2,CLOUDY,WET,False,COLLISION WITH PARKED VEHICLE,SIDESWIPE-SAME DIRECTION,STRAIGHT & LEVEL,DARK-HWY LIGHTED/ON,,,4/13/2020 8:10:12 AM,False,5240,Accepted,
26598740,0568000,LOUISVILLE METRO POLICE DEPT,Accepted,JEFFERSON,,3906,MUHAMMAD ALI,BLVD,W,,39TH,,,,,38.257393026,-85.814122951,3.384,4/10/2020 12:00:00 AM,1514,5,5,0,0,CLEAR,DRY,True,COLLISION WITH PARKED VEHICLE,SIDESWIPE-SAME DIRECTION,STRAIGHT & LEVEL,DAYLIGHT,,,4/13/2020 8:09:04 AM,False,7469,Accepted,
26598726,0568000,LOUISVILLE METRO POLICE DEPT,Accepted,JEFFERSON,KY1931,,MANSLICK,RD,,,MARCH,,,,,38.191681081,-85.800865159,8.101,4/10/2020 12:00:00 AM,1408,2,2,0,0,CLEAR,DRY,False,ANGLE COLLISION - OTHER,ANGLE,STRAIGHT & LEVEL,DAYLIGHT,,,4/13/2020 8:08:22 AM,False,7360,Accepted,
26598757,0568000,LOUISVILLE METRO POLICE DEPT,Accepted,JEFFERSON,,8415,ARNOLDTOWN,RD,,,,,,,,38.122577835,-85.804886906,2.199,4/10/2020 12:00:00 AM,1915,1,1,0,0,CLEAR,DRY,False,COLLISION WITH FIXED OBJECT NON - INTERSECTION - FIRST EVENT COLLISION 09 - 32 EXCLUDING 16,SINGLE VEHICLE,STRAIGHT & LEVEL,DAYLIGHT,,,4/13/2020 8:10:04 AM,False,7263,Accepted,
26608087,0568000,LOUISVILLE METRO POLICE DEPT,Accepted,JEFFERSON,KY1747,,FERN VALLEY,RD,,,INDUSTRIAL,,,,,38.157000461,-85.708053047,1.326,4/10/2020 12:00:00 AM,1105,2,2,0,0,CLEAR,DRY,False,ANGLE COLLISION - ONE VEHICLE TURNING LEFT,ANGLE,STRAIGHT & LEVEL,DAYLIGHT,,,4/16/2020 8:20:22 AM,False,7602,Accepted,
26617120,0568000,LOUISVILLE METRO POLICE DEPT,Accepted,JEFFERSON,,,BRADLEY,AVE,,,FORT,,,,,38.218028791,-85.751360190,0.045,4/10/2020 12:00:00 AM,0245,2,2,0,0,CLEAR,DRY,True,COLLISION WITH PARKED VEHICLE,REAR END,STRAIGHT & LEVEL,DARK (UNKNOWN ROADWAY LIGHTING),,,4/20/2020 10:00:10 AM,False,5050,Accepted,
26592767,0568000,LOUISVILLE METRO POLICE DEPT,Accepted,JEFFERSON,US0031E,5240,BARDSTOWN,RD,,,,,,,,38.179495423,-85.623811067,8.452,4/10/2020 12:00:00 AM,0414,2,1,0,1,CLEAR,DRY,True,COLLISION IN PARKING LOT,SINGLE VEHICLE,STRAIGHT & LEVEL,DARK (UNKNOWN ROADWAY LIGHTING),,,4/10/2020 8:39:47 AM,False,5153,Accepted,
26598706,0568000,LOUISVILLE METRO POLICE DEPT,Accepted,JEFFERSON,KY1747,,FERN VALLEY,RD,,,JEFFERSON,,,,,38.156696821,-85.671514067,3.334,4/10/2020 12:00:00 AM,1211,4,4,0,1,CLEAR,DRY,False,ANGLE COLLISION - ONE VEHICLE TURNING LEFT,ANGLE,STRAIGHT & LEVEL,DAYLIGHT,,,4/13/2020 8:07:01 AM,False,4693,Accepted,
26598700,0568000,LOUISVILLE METRO POLICE DEPT,Accepted,JEFFERSON,US0031E,,BARDSTOWN,RD,,,BRIGHTON,,,,,38.214119270,-85.673695631,12.245,4/10/2020 12:00:00 AM,1008,2,2,0,1,CLEAR,DRY,False,ANGLE COLLISION - OTHER,ANGLE,STRAIGHT & LEVEL,DAYLIGHT,,,4/13/2020 8:06:41 AM,False,7284,Accepted,
26598707,0568000,LOUISVILLE METRO POLICE DEPT,Accepted,JEFFERSON,KY0061,,PRESTON,HWY,,,HUNTINGTON,,,,,38.141723471,-85.688547295,4.198,4/10/2020 12:00:00 AM,1228,2,2,0,2,CLEAR,DRY,False,ANGLE COLLISION - OTHER,ANGLE,STRAIGHT & LEVEL,DAYLIGHT,,,4/13/2020 8:07:07 AM,False,7397,Accepted,
26598708,0568000,LOUISVILLE METRO POLICE DEPT,Accepted,JEFFERSON,I 0264,,I264 E,,,,,,,,,38.217243613,-85.822592444,4.406,4/10/2020 12:00:00 AM,1321,1,1,0,2,CLEAR,DRY,False,OTHER COLLISIONS ON SHOULDER,SINGLE VEHICLE,CURVE & LEVEL,DAYLIGHT,,,4/13/2020 8:07:11 AM,False,7772,Accepted,
26598709,0568000,LOUISVILLE METRO POLICE DEPT,Accepted,JEFFERSON,,263,EILER,AVE,,,,,,,,38.161220558,-85.751031589,0.562,4/10/2020 12:00:00 AM,1100,2,2,0,0,CLEAR,DRY,False,COLLISION IN PARKING LOT,REAR TO REAR,STRAIGHT & LEVEL,DAYLIGHT,,,4/13/2020 8:07:15 AM,False,7768,Accepted,
26598715,0568000,LOUISVILLE METRO POLICE DEPT,Accepted,JEFFERSON,KY0061,5318,PRESTON,HWY,,,,,,,,38.171063392,-85.709089994,6.548,4/10/2020 12:00:00 AM,1730,1,1,0,0,CLEAR,DRY,True,COLLISION WITH FIXED OBJECT NON - INTERSECTION - FIRST EVENT COLLISION 09 - 32 EXCLUDING 16,SINGLE VEHICLE,STRAIGHT & GRADE,DAYLIGHT,,,4/13/2020 8:07:46 AM,False,5130,Accepted,
26598717,0568000,LOUISVILLE METRO POLICE DEPT,Accepted,JEFFERSON,,3610,KLONDIKE,LN,,,,,,,,38.210463516,-85.640025074,0.925,4/10/2020 12:00:00 AM,1900,1,1,0,0,CLEAR,DRY,False,COLLISION IN PARKING LOT,SINGLE VEHICLE,STRAIGHT & LEVEL,DAYLIGHT,,,4/13/2020 8:07:53 AM,False,7864,Accepted,
26598754,0568000,LOUISVILLE METRO POLICE DEPT,Accepted,JEFFERSON,I 0065,,I65 S,,,,,,,,,38.260751568,-85.741894626,136.695,4/10/2020 12:00:00 AM,1500,2,2,0,0,CLEAR,DRY,False,SIDESWIPE COLLISION - SAME DIRECTION,SIDESWIPE-SAME DIRECTION,CURVE & HILLCREST,DAYLIGHT,,,4/13/2020 8:09:53 AM,False,7058,Accepted,
26596248,0560400,SHIVELY POLICE DEPARTMENT,Accepted,JEFFERSON,US0031W,,DIXIE,HWY,,,,,KENNEDY,,WATHEN,38.215763419,-85.795518144,17.103,4/10/2020 12:00:00 AM,0629,1,1,0,5,CLEAR,DRY,False,COLLISION WITH FIXED OBJECT NON - INTERSECTION - FIRST EVENT COLLISION 09 - 32 EXCLUDING 16,SINGLE VEHICLE,STRAIGHT & LEVEL,DAWN,,,4/12/2020 6:48:46 AM,False,7123,Accepted,
26598704,0568000,LOUISVILLE METRO POLICE DEPT,Accepted,JEFFERSON,KY0155,14000,TAYLORSVILLE,RD,,,,,OLD TAYLORSVILLE,,POPE LICK,38.190656233,-85.490048952,5.036,4/10/2020 12:00:00 AM,1227,2,2,0,0,CLEAR,DRY,False,COLLISION IN PARKING LOT,BACKING,STRAIGHT & LEVEL,DAYLIGHT,,,4/13/2020 8:06:53 AM,False,6878,Accepted,
26598705,0568000,LOUISVILLE METRO POLICE DEPT,Accepted,JEFFERSON,KY1865,,NEW CUT,RD,,,IROQUOIS GARDENS,,,,,38.154259062,-85.777167100,3.262,4/10/2020 12:00:00 AM,1246,3,3,0,2,CLEAR,DRY,False,OTHER INTERSECTION COLLISIONS,REAR END,STRAIGHT & LEVEL,DAYLIGHT,,,4/13/2020 8:06:57 AM,False,7232,Accepted,
26598711,0568000,LOUISVILLE METRO POLICE DEPT,Accepted,JEFFERSON,KY1065,,OUTER,LOOP,,,,,,,,38.126385688,-85.775476458,1.062,4/10/2020 12:00:00 AM,1544,2,2,0,1,CLEAR,DRY,False,OTHER ROADWAY OR MID-BLOCK COLLISION,OPPOSING LEFT TURN,STRAIGHT & LEVEL,DAYLIGHT,,,4/13/2020 8:07:28 AM,False,7252,Accepted,
26598712,0568000,LOUISVILLE METRO POLICE DEPT,Accepted,JEFFERSON,,2516,ROWAN,ST,,,,,,,,38.261997698,-85.792753526,1.333,4/10/2020 12:00:00 AM,0747,2,2,0,0,CLEAR,DRY,True,1 VEHICLE PARKED POSITION (NOT PARKING LOT/DRIVEWAY),SIDESWIPE-OPPOSITE DIRECTION,STRAIGHT & LEVEL,DAYLIGHT,,,4/13/2020 8:07:32 AM,False,7345,Accepted,
26598714,0568000,LOUISVILLE METRO POLICE DEPT,Accepted,JEFFERSON,US0031E,,BARDSTOWN,RD,,I 0265,I265 E EXIT17 OFF RAMP TO US31E,,,,,38.138632344,-85.581746569,4.702,4/10/2020 12:00:00 AM,1049,3,3,0,0,CLEAR,DRY,False,OTHER INTERSECTION COLLISIONS,REAR END,STRAIGHT & GRADE,DAYLIGHT,,,4/13/2020 8:07:42 AM,False,2321,Accepted,
26598722,0568000,LOUISVILLE METRO POLICE DEPT,Accepted,JEFFERSON,KY1727,,TERRY,RD,,,MATTHEWS,,,,,38.126505960,-85.874497780,0.324,4/10/2020 12:00:00 AM,2055,3,3,0,2,CLEAR,DRY,False,HEAD-ON COLLISION,HEAD ON,STRAIGHT & LEVEL,DUSK,,,4/13/2020 8:08:09 AM,False,7160,Accepted,
26598728,0568000,LOUISVILLE METRO POLICE DEPT,Accepted,JEFFERSON,,1104,LONE OAK,AVE,,,,,,,,38.138255259,-85.690873716,0.055,4/10/2020 12:00:00 AM,2247,2,2,0,0,CLEAR,DRY,False,1 VEHICLE PARKED POSITION (NOT PARKING LOT/DRIVEWAY),SIDESWIPE-OPPOSITE DIRECTION,STRAIGHT & LEVEL,DARK (UNKNOWN ROADWAY LIGHTING),,,4/13/2020 8:08:26 AM,False,7474,Accepted,
26598730,0568000,LOUISVILLE METRO POLICE DEPT,Accepted,JEFFERSON,KY1934,,CANE RUN,RD,,,RALPH,,,,,38.208335301,-85.825422115,10.094,4/10/2020 12:00:00 AM,2208,2,2,0,0,CLEAR,DRY,False,OPPOSITE DIRECTION - BOTH VEHICLES GOING STRAIGHT AHEAD,SIDESWIPE-OPPOSITE DIRECTION,STRAIGHT & LEVEL,DARK-HWY NOT LIGHTED,,,4/13/2020 8:08:34 AM,False,7437,Accepted,
26592763,0568000,LOUISVILLE METRO POLICE DEPT,Accepted,JEFFERSON,I 0065,,I65 S,,,,,I 0065,I65 S EXIT136 ON RAMP FROM  E JACOB ST,I 0065,I65 S EXIT135 OFF RAMP TO  E SAINT CATHERINE ST,38.241895174,-85.752929815,134.990,4/9/2020 12:00:00 AM,1748,4,4,0,0,CLEAR,DRY,False,REAR END IN TRAFFIC LANES BOTH VEHICLES MOVING,REAR END,STRAIGHT & LEVEL,DAYLIGHT,,,4/10/2020 8:39:33 AM,False,7418,Accepted,
26592756,0568000,LOUISVILLE METRO POLICE DEPT,Accepted,JEFFERSON,,,26TH,ST,S,,,,,,,38.244655837,-85.795471850,1.113,4/9/2020 12:00:00 AM,1507,2,2,0,0,CLEAR,DRY,False,REAR END IN TRAFFIC LANES BOTH VEHICLES MOVING,REAR END,STRAIGHT & LEVEL,DAYLIGHT,,,4/10/2020 8:39:08 AM,False,7326,Accepted,
26592764,0568000,LOUISVILLE METRO POLICE DEPT,Accepted,JEFFERSON,,,26TH,ST,S,,JEFFERSON,,,,,38.257933049,-85.793948451,0.194,4/9/2020 12:00:00 AM,1852,2,2,0,2,CLEAR,DRY,True,ANGLE COLLISION - OTHER,ANGLE,STRAIGHT & LEVEL,DAYLIGHT,,,4/10/2020 8:39:37 AM,False,5021,Accepted,
26590056,0568000,LOUISVILLE METRO POLICE DEPT,Accepted,JEFFERSON,,4305,BROADWAY,,W,,,,,,,38.250447306,-85.824449657,1.974,4/9/2020 12:00:00 AM,0130,3,3,0,0,CLEAR,WET,True,1 VEHICLE PARKED POSITION (NOT PARKING LOT/DRIVEWAY),SIDESWIPE-SAME DIRECTION,STRAIGHT & LEVEL,DARK-HWY LIGHTED/ON,,,4/9/2020 8:29:03 AM,False,5273,Accepted,
26592752,0568000,LOUISVILLE METRO POLICE DEPT,Accepted,JEFFERSON,,,FLOYD,ST,S,US0150,BROADWAY,,,,,38.245448366,-85.749696891,0.713,4/9/2020 12:00:00 AM,0905,2,2,0,0,CLEAR,DRY,False,ANGLE COLLISION - OTHER,ANGLE,STRAIGHT & LEVEL,DAYLIGHT,,,4/10/2020 8:38:53 AM,False,2403,Accepted,
26592753,0568000,LOUISVILLE METRO POLICE DEPT,Accepted,JEFFERSON,,,BROAD RUN,RD,,,,,BACK RUN,,STOUT,38.108074779,-85.530759015,2.836,4/9/2020 12:00:00 AM,0948,2,2,0,0,CLEAR,DRY,True,SIDESWIPE COLLISION - OPPOSITE DIRECTION,SIDESWIPE-OPPOSITE DIRECTION,STRAIGHT & LEVEL,DAYLIGHT,,,4/10/2020 8:38:57 AM,False,2017,Accepted,
26592754,0568000,LOUISVILLE METRO POLICE DEPT,Accepted,JEFFERSON,,,26TH,ST,N,,ROWAN,,,,,38.262397735,-85.793358374,0.116,4/9/2020 12:00:00 AM,1230,2,2,0,0,CLEAR,DRY,False,SIDESWIPE-SAME DIRECTION,SIDESWIPE-SAME DIRECTION,STRAIGHT & LEVEL,DAYLIGHT,,,4/10/2020 8:39:01 AM,False,7988,Accepted,
26592761,0568000,LOUISVILLE METRO POLICE DEPT,Accepted,JEFFERSON,KY1865,,NEW CUT,RD,,,WOODMORE,,,,,38.151630043,-85.776608007,3.066,4/9/2020 12:00:00 AM,1658,2,2,0,2,CLEAR,DRY,False,ANGLE COLLISION - OTHER,ANGLE,STRAIGHT & LEVEL,DAYLIGHT,,,4/10/2020 8:39:26 AM,False,7139,Accepted,
26592757,0568000,LOUISVILLE METRO POLICE DEPT,Accepted,JEFFERSON,,,UPPER HUNTERS,TRCE,,,LOWER HUNTERS,,,,,38.157860171,-85.847668410,1.451,4/9/2020 12:00:00 AM,1600,2,2,0,0,CLEAR,DRY,False,OTHER INTERSECTION COLLISIONS,REAR END,STRAIGHT & LEVEL,DAYLIGHT,,,4/10/2020 8:39:11 AM,False,7267,Accepted,