IncidentID,AgencyORI,AgencyName,IncidentStatusDesc,County,RdwyNumber,Street,RoadwayName,StreetSfx,StreetDir,IntersectionRdwy,IntersectionRdwyName,BetweenStRdwy1,BetweenStRdwyName1,BetweenStRdwy2,BetweenStRdwyName2,Latitude,Longitude,Milepoint,CollisionDate,CollisionTime,UnitsInvolved,MotorVehiclesInvolved,NumberKilled,NumberInjured,Weather,RdwyConditionCode,HitandRun,DirAnalysisCode,MannerofCollision,RdwyCharacter,LightCondition,RampFromRdwyId,RampToRdwyId,AcceptedDate,IsSecondaryCollision,OwnerBadge,IncidentStatus,
26592758,0568000,LOUISVILLE METRO POLICE DEPT,Accepted,JEFFERSON,,,26TH,ST,S,,BROADWAY,,,,,38.249454127,-85.794923229,0.780,4/9/2020 12:00:00 AM,1542,2,2,0,0,CLEAR,DRY,False,ANGLE COLLISION - OTHER,ANGLE,STRAIGHT & LEVEL,DAYLIGHT,,,4/10/2020 8:39:15 AM,False,7361,Accepted,
26592766,0568000,LOUISVILLE METRO POLICE DEPT,Accepted,JEFFERSON,,,CHESTNUT,ST,W,,29TH,,,,,38.253525719,-85.799236564,0.090,4/9/2020 12:00:00 AM,1850,2,2,0,0,CLEAR,DRY,True,REAR END - ONE VEHICLE TURNING LEFT,REAR END,STRAIGHT & LEVEL,DAYLIGHT,,,4/10/2020 8:39:44 AM,False,7217,Accepted,
26602255,0568000,LOUISVILLE METRO POLICE DEPT,Accepted,JEFFERSON,I 0071,,I71 N,,,,,,,,,38.300267092,-85.615070591,7.002,4/9/2020 12:00:00 AM,1418,1,1,0,1,CLOUDY,DRY,False,RAN OFF ROADWAY (1 VEHICLE WITH/EARTH EMBANKMENT/DITCH),SINGLE VEHICLE,CURVE & GRADE,DAYLIGHT,,,4/14/2020 8:20:03 AM,False,8278,Accepted,
26590058,0568000,LOUISVILLE METRO POLICE DEPT,Accepted,JEFFERSON,KY1865,,TAYLOR,BLVD,,,CAMDEN,,,,,38.192753678,-85.783256191,5.924,4/9/2020 12:00:00 AM,0543,1,1,0,0,CLEAR,DRY,True,COLLISION WITH FIXED OBJECT IN INTERSECTION - FIRST EVENT COLLISION 09 - 32,SINGLE VEHICLE,STRAIGHT & LEVEL,DAWN,,,4/9/2020 8:29:16 AM,False,5183,Accepted,
26592760,0568000,LOUISVILLE METRO POLICE DEPT,Accepted,JEFFERSON,KY0841,,GENE SNYDER,FWY,,KY0841,KY841 RAMP TO KY1865,,,,,38.118983741,-85.783314248,5.707,4/9/2020 12:00:00 AM,0804,1,1,0,0,CLEAR,DRY,False,COLLISION WITH FIXED OBJECT IN INTERSECTION - FIRST EVENT COLLISION 09 - 32,SINGLE VEHICLE,STRAIGHT & LEVEL,DAYLIGHT,,,4/10/2020 8:39:23 AM,False,7772,Accepted,
26592768,0568000,LOUISVILLE METRO POLICE DEPT,Accepted,JEFFERSON,,,40TH,ST,S,,RIVER PARK,,,,,38.255506512,-85.816948626,0.358,4/9/2020 12:00:00 AM,2139,2,2,0,0,CLEAR,DRY,True,ANGLE COLLISION - OTHER,ANGLE,STRAIGHT & LEVEL,DARK-HWY LIGHTED/ON,,,4/10/2020 8:39:51 AM,False,5164,Accepted,
26621077,0568000,LOUISVILLE METRO POLICE DEPT,Accepted,JEFFERSON,,,ST ANTHONY CHURCH,RD,,,,,WHIPPERWILL,,WOODED RIDGE,38.137090128,-85.806617998,1.331,4/9/2020 12:00:00 AM,1658,2,2,0,1,CLEAR,DRY,False,HEAD-ON COLLISION,HEAD ON,CURVE & GRADE,DAYLIGHT,,,4/21/2020 2:04:08 PM,False,2142,Accepted,
26629199,0568000,LOUISVILLE METRO POLICE DEPT,Accepted,JEFFERSON,,,26TH,ST,S,,BROADWAY,,,,,38.249455689,-85.794894564,0.781,4/9/2020 12:00:00 AM,0632,2,2,0,0,CLEAR,DRY,False,ANGLE COLLISION - OTHER,ANGLE,STRAIGHT & LEVEL,DAWN,,,4/24/2020 8:23:01 AM,False,5021,Accepted,
26629184,0568000,LOUISVILLE METRO POLICE DEPT,Accepted,JEFFERSON,,,35TH,ST,N,,,KY3082,BANK,,PARKER,38.271578062,-85.804633371,0.220,4/9/2020 12:00:00 AM,0935,2,2,0,0,CLEAR,DRY,False,1 VEHICLE ENTERING/LEAVING ENTRANCE,ANGLE,STRAIGHT & LEVEL,DAYLIGHT,,,4/24/2020 8:21:33 AM,False,7940,Accepted,
26707314,0568000,LOUISVILLE METRO POLICE DEPT,Accepted,JEFFERSON,KY1450,,BLUE LICK,RD,,,BONAVENTURE,,,,,38.122160276,-85.689486285,2.577,4/9/2020 12:00:00 AM,1447,2,2,0,0,CLEAR,DRY,False,OTHER INTERSECTION COLLISIONS,REAR END,STRAIGHT & LEVEL,DAYLIGHT,,,5/18/2020 3:00:20 PM,False,7269,Accepted,
26598699,0568000,LOUISVILLE METRO POLICE DEPT,Accepted,JEFFERSON,KY2251,,BARDSTOWN,RD,,,REYNOLDS,,,,,38.195525564,-85.653576834,0.631,4/8/2020 12:00:00 AM,1543,2,2,0,2,CLEAR,DRY,False,ANGLE COLLISION - OTHER,ANGLE,STRAIGHT & LEVEL,DAYLIGHT,,,4/13/2020 8:06:35 AM,False,7448,Accepted,
26605604,0568000,LOUISVILLE METRO POLICE DEPT,Accepted,JEFFERSON,I 0065,,I65 S,,,,,,,,,38.205855884,-85.743967777,132.120,4/8/2020 12:00:00 AM,2305,2,1,0,0,CLEAR,DRY,True,SIDESWIPE COLLISION - OPPOSITE DIRECTION,SIDESWIPE-OPPOSITE DIRECTION,STRAIGHT & LEVEL,DUSK,,,4/15/2020 10:31:15 AM,False,7400,Accepted,
26590049,0568000,LOUISVILLE METRO POLICE DEPT,Accepted,JEFFERSON,,,SOUTHWESTERN,PKWY,,,MARKET,,,,,38.265107866,-85.825773074,0.075,4/8/2020 12:00:00 AM,1719,2,2,0,2,CLEAR,DRY,False,ANGLE COLLISION - OTHER,ANGLE,STRAIGHT & LEVEL,DAYLIGHT,,,4/9/2020 8:28:32 AM,False,5000,Accepted,
26590047,0568000,LOUISVILLE METRO POLICE DEPT,Accepted,JEFFERSON,,6204,ASHBY,LN,,,,,,,,38.107076016,-85.880704062,0.669,4/8/2020 12:00:00 AM,1443,1,1,0,0,CLEAR,DRY,False,OTHER COLLISIONS ON SHOULDER,SINGLE VEHICLE,CURVE & LEVEL,DAYLIGHT,,,4/9/2020 8:28:24 AM,False,2311,Accepted,
26590048,0568000,LOUISVILLE METRO POLICE DEPT,Accepted,JEFFERSON,,,LARKWOOD,AVE,,,41ST,,,,,38.259065032,-85.818323150,0.303,4/8/2020 12:00:00 AM,0857,2,2,0,0,CLEAR,DRY,False,ANGLE COLLISION - OTHER,ANGLE,STRAIGHT & LEVEL,DAYLIGHT,,,4/9/2020 8:28:28 AM,False,5000,Accepted,
26590046,0568000,LOUISVILLE METRO POLICE DEPT,Accepted,JEFFERSON,US0031W,,DIXIE,HWY,,,BETHANY,,,,,38.095666671,-85.873881404,7.720,4/8/2020 12:00:00 AM,1450,2,2,0,0,CLEAR,DRY,False,ANGLE COLLISION - OTHER,ANGLE,STRAIGHT & LEVEL,DAYLIGHT,,,4/9/2020 8:28:21 AM,False,7205,Accepted,
26590054,0568000,LOUISVILLE METRO POLICE DEPT,Accepted,JEFFERSON,,,MELLWOOD,AVE,,,ZORN,,,,,38.273203569,-85.696845630,1.427,4/8/2020 12:00:00 AM,2303,1,1,0,0,SEVERE CROSSWINDS,WET,False,COLLISION WITH FIXED OBJECT IN INTERSECTION - FIRST EVENT COLLISION 09 - 32,SINGLE VEHICLE,STRAIGHT & LEVEL,DARK-HWY NOT LIGHTED,,,4/9/2020 8:28:54 AM,False,5243,Accepted,
26590055,0568000,LOUISVILLE METRO POLICE DEPT,Accepted,JEFFERSON,I 0065,,I65 S,,,,,,,,,38.205855884,-85.743967777,132.120,4/8/2020 12:00:00 AM,2305,2,2,0,0,CLEAR,DRY,False,1 VEHICLE ENTERING/LEAVING ENTRANCE,ANGLE,STRAIGHT & LEVEL,DUSK,,,4/9/2020 8:28:58 AM,True,7400,Accepted,
26595621,0563800,NORTHFIELD POLICE DEPARTMENT,Accepted,JEFFERSON,KY0022,,BROWNSBORO,RD,,,CHAMBERLAIN,,,,,38.311836726,-85.568962106,4.349,4/8/2020 12:00:00 AM,1925,2,2,0,0,CLOUDY,DRY,False,OTHER INTERSECTION COLLISIONS,REAR END,STRAIGHT & LEVEL,DAYLIGHT,,,4/11/2020 10:26:33 PM,False,1375,Accepted,
26598729,0568000,LOUISVILLE METRO POLICE DEPT,Accepted,JEFFERSON,,214,FENLEY,AVE,,,,,,,,38.258251620,-85.673739883,0.340,4/8/2020 12:00:00 AM,0315,1,1,0,0,CLEAR,DRY,False,COLLISION WITH FIXED OBJECT NON - INTERSECTION - FIRST EVENT COLLISION 09 - 32 EXCLUDING 16,SINGLE VEHICLE,CURVE & GRADE,DARK-HWY LIGHTED/ON,,,4/13/2020 8:08:29 AM,False,7544,Accepted,
26590043,0568000,LOUISVILLE METRO POLICE DEPT,Accepted,JEFFERSON,KY1020,,3RD,ST,S,,IOWA,,,,,38.207458095,-85.763430849,9.680,4/8/2020 12:00:00 AM,1227,2,2,0,1,CLEAR,DRY,True,SIDESWIPE-SAME DIRECTION,SIDESWIPE-SAME DIRECTION,STRAIGHT & LEVEL,DAYLIGHT,,,4/9/2020 8:28:11 AM,False,7872,Accepted,
26590044,0568000,LOUISVILLE METRO POLICE DEPT,Accepted,JEFFERSON,,,YORK,ST,,,,,,,,38.244246112,-85.758704790,0.364,4/8/2020 12:00:00 AM,1212,2,2,0,0,CLEAR,DRY,False,1 VEHICLE ENTERING/LEAVING ENTRANCE,ANGLE,STRAIGHT & LEVEL,DAYLIGHT,,,4/9/2020 8:28:14 AM,True,5258,Accepted,
26590052,0568000,LOUISVILLE METRO POLICE DEPT,Accepted,JEFFERSON,US0031E,,BARDSTOWN,RD,,,DUKER,,,,,38.230149723,-85.703730742,14.302,4/8/2020 12:00:00 AM,1848,2,1,0,1,CLEAR,DRY,False,COLLISION WITH PEDESTRIAN IN INTERSECTION,SINGLE VEHICLE,STRAIGHT & LEVEL,DAYLIGHT,,,4/9/2020 8:28:44 AM,False,7960,Accepted,
26592762,0568000,LOUISVILLE METRO POLICE DEPT,Accepted,JEFFERSON,,,MELLWOOD,AVE,,,RIVER DELL,,,,,38.272840328,-85.698208527,1.350,4/8/2020 12:00:00 AM,2303,1,1,0,0,RAINING,WET,False,COLLISION WITH FIXED OBJECT IN INTERSECTION - FIRST EVENT COLLISION 09 - 32,SINGLE VEHICLE,STRAIGHT & LEVEL,DARK-HWY LIGHTED/OFF,,,4/10/2020 8:39:30 AM,False,5240,Accepted,
26590041,0568000,LOUISVILLE METRO POLICE DEPT,Accepted,JEFFERSON,,,OLD BARDSTOWN,RD,,,HILLOCK,,,,,38.130277898,-85.577778484,0.008,4/8/2020 12:00:00 AM,0937,1,1,0,0,CLEAR,DRY,False,COLLISION WITH FIXED OBJECT IN INTERSECTION - FIRST EVENT COLLISION 09 - 32,SINGLE VEHICLE,STRAIGHT & LEVEL,DAYLIGHT,,,4/9/2020 8:27:58 AM,False,2017,Accepted,
26587351,0568000,LOUISVILLE METRO POLICE DEPT,Accepted,JEFFERSON,KY0061,,PRESTON,HWY,,,COOPER CHAPEL,,,,,38.103365918,-85.672421647,1.389,4/7/2020 12:00:00 AM,1820,2,2,0,0,CLEAR,DRY,False,OTHER INTERSECTION COLLISIONS,REAR END,STRAIGHT & LEVEL,DAYLIGHT,,,4/8/2020 8:24:08 AM,False,7423,Accepted,
26598710,0568000,LOUISVILLE METRO POLICE DEPT,Accepted,JEFFERSON,KY1865,,TAYLOR,BLVD,,,,,,,,38.188882257,-85.783462651,5.692,4/7/2020 12:00:00 AM,2301,2,1,0,1,CLEAR,DRY,False,COLLISION WITH PEDESTRIAN NON - INTERSECTION,SINGLE VEHICLE,STRAIGHT & LEVEL,DARK-HWY NOT LIGHTED,,,4/13/2020 8:07:22 AM,False,6886,Accepted,
26598745,0568000,LOUISVILLE METRO POLICE DEPT,Accepted,JEFFERSON,KY0061,,PRESTON,HWY,,KY2845,MANSLICK,,,,,38.118059838,-85.677247403,2.450,4/7/2020 12:00:00 AM,1138,2,2,0,0,CLEAR,DRY,False,ANGLE COLLISION - OTHER,ANGLE,STRAIGHT & LEVEL,DAYLIGHT,,,4/13/2020 8:09:24 AM,False,7642,Accepted,
26598703,0568000,LOUISVILLE METRO POLICE DEPT,Accepted,JEFFERSON,KY0061,,PRESTON,HWY,,I 0265,I265 W EXIT12 OFF RAMP TO KY61 N,,,,,38.111918246,-85.675390680,2.002,4/7/2020 12:00:00 AM,1131,2,2,0,2,CLOUDY,DRY,False,ANGLE COLLISION - ONE VEHICLE TURNING RIGHT,ANGLE,STRAIGHT & LEVEL,DAYLIGHT,,,4/13/2020 8:06:49 AM,False,2308,Accepted,
26587339,0568000,LOUISVILLE METRO POLICE DEPT,Accepted,JEFFERSON,I 0064,,I64 W,,,,,I 0064,I64 W EXIT10 ON RAMP FROM KY2048,I 0064,I64 TURN AROUND9,38.237781020,-85.664265980,9.965,4/7/2020 12:00:00 AM,0732,1,1,0,2,CLEAR,DRY,False,COLLISION WITH ANIMAL NON INTERSECTION,SINGLE VEHICLE,STRAIGHT & LEVEL,DAYLIGHT,,,4/8/2020 8:23:25 AM,False,7632,Accepted,
26587340,0568000,LOUISVILLE METRO POLICE DEPT,Accepted,JEFFERSON,KY0061,,JACKSON,ST,S,,,,CHESTNUT,,MUHAMMAD ALI,38.248673544,-85.744975647,12.535,4/7/2020 12:00:00 AM,1324,2,2,0,0,CLEAR,DRY,False,1 VEHICLE ENTERING/LEAVING ENTRANCE,ANGLE,STRAIGHT & LEVEL,DAYLIGHT,,,4/8/2020 8:23:29 AM,False,7266,Accepted,
26587346,0568000,LOUISVILLE METRO POLICE DEPT,Accepted,JEFFERSON,,,CRUMS,LN,,,,,,,,38.191618795,-85.807421833,0.045,4/7/2020 12:00:00 AM,1647,1,1,0,0,CLEAR,DRY,False,COLLISION WITH FIXED OBJECT NON - INTERSECTION - FIRST EVENT COLLISION 09 - 32 EXCLUDING 16,SINGLE VEHICLE,CURVE & LEVEL,DAYLIGHT,,,4/8/2020 8:23:51 AM,False,7977,Accepted,
26587347,0568000,LOUISVILLE METRO POLICE DEPT,Accepted,JEFFERSON,,5210,COOPER CHAPEL,RD,,,,,,,,38.103620641,-85.665550662,0.382,4/7/2020 12:00:00 AM,2010,1,1,0,0,CLEAR,DRY,False,COLLISION WITH ANIMAL NON INTERSECTION,SINGLE VEHICLE,CURVE & LEVEL,DAYLIGHT,,,4/8/2020 8:23:54 AM,False,7074,Accepted,
26587348,0568000,LOUISVILLE METRO POLICE DEPT,Accepted,JEFFERSON,,,VERMONT,AVE,,,34TH,,,,,38.255614457,-85.807382358,0.360,4/7/2020 12:00:00 AM,2050,2,1,0,1,CLEAR,DRY,False,COLLISION WITH BICYCLE IN INTERSECTION,SINGLE VEHICLE,STRAIGHT & LEVEL,DARK-HWY LIGHTED/ON,,,4/8/2020 8:23:57 AM,False,7343,Accepted,
26590045,0568000,LOUISVILLE METRO POLICE DEPT,Accepted,JEFFERSON,KY0841,,,,,,,,,,,38.118774601,-85.746634875,0.282,4/7/2020 12:00:00 AM,0620,1,1,0,0,CLEAR,DRY,False,COLLISION WITH FIXED OBJECT NOT IN GORE ,SINGLE VEHICLE,CURVE & GRADE,DARK-HWY LIGHTED/ON,KY0841,KY1020,4/9/2020 8:28:17 AM,False,7720,Accepted,
26587342,0568000,LOUISVILLE METRO POLICE DEPT,Accepted,JEFFERSON,,,28TH,ST,S,,GREENWOOD,,,,,38.242327656,-85.799570981,1.303,4/7/2020 12:00:00 AM,1457,2,2,0,0,CLEAR,DRY,False,REAR END - ONE VEHICLE TURNING RIGHT,REAR END,STRAIGHT & LEVEL,DAYLIGHT,,,4/8/2020 8:23:36 AM,False,5253,Accepted,
26587343,0568000,LOUISVILLE METRO POLICE DEPT,Accepted,JEFFERSON,,,KENTUCKY,ST,E,KY0061,JACKSON,,,,,38.237545645,-85.746922725,0.424,4/7/2020 12:00:00 AM,1710,2,2,0,2,CLEAR,DRY,False,ANGLE COLLISION - OTHER,ANGLE,STRAIGHT & LEVEL,DAYLIGHT,,,4/8/2020 8:23:40 AM,False,7116,Accepted,
26587344,0568000,LOUISVILLE METRO POLICE DEPT,Accepted,JEFFERSON,,,KENTUCKY,ST,E,KY0864,SHELBY,,,,,38.236931679,-85.740917463,0.754,4/7/2020 12:00:00 AM,1500,2,1,0,1,CLEAR,DRY,False,COLLISION WITH BICYCLE IN INTERSECTION,SINGLE VEHICLE,CURVE & LEVEL,DAYLIGHT,,,4/8/2020 8:23:44 AM,False,7116,Accepted,
26587350,0568000,LOUISVILLE METRO POLICE DEPT,Accepted,JEFFERSON,US0031W,,22ND,ST,S,,MADISON,,,,,38.253324545,-85.787420349,19.843,4/7/2020 12:00:00 AM,2227,2,2,0,1,CLEAR,DRY,True,ANGLE COLLISION - OTHER,ANGLE,STRAIGHT & LEVEL,DARK-HWY LIGHTED/ON,,,4/8/2020 8:24:04 AM,False,5047,Accepted,
26587349,0568000,LOUISVILLE METRO POLICE DEPT,Accepted,JEFFERSON,KY0061,,PRESTON,ST,S,,MUHAMMAD ALI,,,,,38.249947190,-85.746892567,12.580,4/7/2020 12:00:00 AM,1437,2,2,0,2,CLOUDY,DRY,False,ANGLE COLLISION - OTHER,ANGLE,STRAIGHT & LEVEL,DAYLIGHT,,,4/8/2020 8:24:01 AM,False,7239,Accepted,
26584161,0568000,LOUISVILLE METRO POLICE DEPT,Accepted,JEFFERSON,,,DIXDALE,AVE,,,,,,,,38.222065049,-85.790754544,0.357,4/7/2020 12:00:00 AM,0150,3,3,0,0,CLEAR,DRY,False,1 VEHICLE PARKED POSITION (NOT PARKING LOT/DRIVEWAY),HEAD ON,STRAIGHT & LEVEL,DARK (UNKNOWN ROADWAY LIGHTING),,,4/7/2020 8:13:53 AM,False,7154,Accepted,
26592759,0568000,LOUISVILLE METRO POLICE DEPT,Accepted,JEFFERSON,KY0907,,3RD ST,RD,,,HOLIDAY,,,,,38.115034330,-85.829849778,2.382,4/7/2020 12:00:00 AM,1450,2,2,0,0,CLEAR,DRY,True,OTHER INTERSECTION COLLISIONS,REAR END,STRAIGHT & LEVEL,DAYLIGHT,,,4/10/2020 8:39:19 AM,False,2217,Accepted,
26636170,0568000,LOUISVILLE METRO POLICE DEPT,Accepted,JEFFERSON,,,MEADOW,DR,,,TERRIER,,,,,38.206467226,-85.662289863,0.245,4/7/2020 12:00:00 AM,1702,1,1,0,0,CLEAR,DRY,False,COLLISION WITH FIXED OBJECT IN INTERSECTION - FIRST EVENT COLLISION 09 - 32,SINGLE VEHICLE,CURVE & LEVEL,DAYLIGHT,,,4/27/2020 11:34:13 AM,False,5119,Accepted,
26684689,0568000,LOUISVILLE METRO POLICE DEPT,Accepted,JEFFERSON,,,5TH,ST,S,,,,LIBERTY,,CATHEDRAL SCHOOL,38.252315503,-85.758984046,3.482,4/7/2020 12:00:00 AM,1533,2,2,0,0,CLEAR,DRY,False,1 VEHICLE PARKED POSITION (NOT PARKING LOT/DRIVEWAY),SIDESWIPE-SAME DIRECTION,STRAIGHT & LEVEL,DAYLIGHT,,,5/12/2020 8:33:03 AM,False,2406,Accepted,
26897174,0568000,LOUISVILLE METRO POLICE DEPT,Accepted,JEFFERSON,KY2052,7306,SHEPHERDSVILLE,RD,,,,,,,,38.143715411,-85.659933879,0.334,4/7/2020 12:00:00 AM,0611,1,1,0,0,CLEAR,DRY,False,COLLISION WITH FIXED OBJECT NON - INTERSECTION - FIRST EVENT COLLISION 09 - 32 EXCLUDING 16,SINGLE VEHICLE,CURVE & GRADE,DAWN,,,7/6/2020 9:09:31 AM,False,7120,Accepted,
26598716,0568000,LOUISVILLE METRO POLICE DEPT,Accepted,JEFFERSON,,,VIRGINIA,AVE,,,34TH,,,,,38.238968341,-85.810277434,0.767,4/6/2020 12:00:00 AM,1135,2,2,0,0,CLEAR,DRY,False,ANGLE COLLISION - OTHER,ANGLE,STRAIGHT & LEVEL,DAYLIGHT,,,4/13/2020 8:07:49 AM,False,7387,Accepted,
26598756,0568000,LOUISVILLE METRO POLICE DEPT,Accepted,JEFFERSON,,916,1ST,ST,S,,,,,,,38.240644318,-85.754390227,1.075,4/6/2020 12:00:00 AM,0935,1,1,0,0,CLEAR,DRY,False,COLLISION WITH FIXED OBJECT NON - INTERSECTION - FIRST EVENT COLLISION 09 - 32 EXCLUDING 16,SINGLE VEHICLE,STRAIGHT & LEVEL,DAYLIGHT,,,4/13/2020 8:10:01 AM,False,7495,Accepted,
26598723,0568000,LOUISVILLE METRO POLICE DEPT,Accepted,JEFFERSON,KY1020,,SOUTHSIDE,DR,,,KENWOOD,,,,,38.156346735,-85.764633358,5.962,4/6/2020 12:00:00 AM,2003,3,3,0,0,CLEAR,DRY,False,OPPOSITE DIRECTION - BOTH VEHICLES GOING STRAIGHT AHEAD,SIDESWIPE-OPPOSITE DIRECTION,CURVE & GRADE,DARK-HWY LIGHTED/ON,,,4/13/2020 8:08:13 AM,False,7720,Accepted,
26581971,0561500,UNIV. OF LOUISVILLE POLICE,Accepted,JEFFERSON,,2330,CRITTENDEN,DR,,,,,,,,38.213118346,-85.751176151,0.260,4/6/2020 12:00:00 AM,0940,2,1,0,1,CLEAR,DRY,False,COLLISION IN PARKING LOT,SINGLE VEHICLE,STRAIGHT & GRADE,DAYLIGHT,,,4/6/2020 1:34:23 PM,False,5650,Accepted,
26580884,0568000,LOUISVILLE METRO POLICE DEPT,Accepted,JEFFERSON,,,7TH,ST,S,,INDUSTRY,,,,,38.221123187,-85.775748846,0.115,4/6/2020 12:00:00 AM,0338,1,1,0,0,CLEAR,DRY,False,COLLISION WITH FIXED OBJECT IN INTERSECTION - FIRST EVENT COLLISION 09 - 32,SINGLE VEHICLE,STRAIGHT & LEVEL,DARK-HWY LIGHTED/ON,,,4/6/2020 8:44:12 AM,False,5232,Accepted,
26584151,0568000,LOUISVILLE METRO POLICE DEPT,Accepted,JEFFERSON,,,SARATOGA,DR,,,CARLTON,,,,,38.219738539,-85.698674655,0.747,4/6/2020 12:00:00 AM,1000,1,1,0,0,CLEAR,DRY,True,OTHER INTERSECTION COLLISIONS,SINGLE VEHICLE,STRAIGHT & LEVEL,DAYLIGHT,,,4/7/2020 8:13:28 AM,False,7740,Accepted,
26584159,0568000,LOUISVILLE METRO POLICE DEPT,Accepted,JEFFERSON,,,HILL,ST,W,,13TH,,,,,38.227602713,-85.776819047,1.091,4/6/2020 12:00:00 AM,2145,2,1,0,1,CLEAR,DRY,False,COLLISION WITH PEDESTRIAN IN INTERSECTION,SINGLE VEHICLE,STRAIGHT & LEVEL,DARK-HWY LIGHTED/ON,,,4/7/2020 8:13:46 AM,False,7388,Accepted,
26584160,0568000,LOUISVILLE METRO POLICE DEPT,Accepted,JEFFERSON,,,CHEROKEE,RD,,,BONNYCASTLE,,,,,38.235687734,-85.696873066,1.953,4/6/2020 12:00:00 AM,2211,1,1,0,1,CLEAR,DRY,False,COLLISION WITH FIXED OBJECT IN INTERSECTION - FIRST EVENT COLLISION 09 - 32,SINGLE VEHICLE,STRAIGHT & HILLCREST,DARK-HWY LIGHTED/ON,,,4/7/2020 8:13:49 AM,False,2976,Accepted,
26584162,0568000,LOUISVILLE METRO POLICE DEPT,Accepted,JEFFERSON,I 0264,,I264 W,,,,,,,,,38.190038423,-85.766628518,10.152,4/6/2020 12:00:00 AM,2045,2,2,0,0,CLEAR,DRY,True,1 VEHICLE ENTERING/LEAVING ENTRANCE,ANGLE,STRAIGHT & LEVEL,DARK-HWY LIGHTED/ON,,,4/7/2020 8:13:57 AM,False,5237,Accepted,
26584156,0568000,LOUISVILLE METRO POLICE DEPT,Accepted,JEFFERSON,US0060A,,BERRY,BLVD,,,POWELL,,,,,38.196489964,-85.790834816,1.038,4/6/2020 12:00:00 AM,1834,2,2,0,1,CLEAR,DRY,False,ANGLE COLLISION - OTHER,ANGLE,STRAIGHT & LEVEL,DAYLIGHT,,,4/7/2020 8:13:35 AM,False,7360,Accepted,
26584157,0568000,LOUISVILLE METRO POLICE DEPT,Accepted,JEFFERSON,,4009,BROADWAY,,W,,,,,,,38.250298041,-85.818864373,1.645,4/6/2020 12:00:00 AM,1855,1,1,0,1,CLEAR,DRY,False,COLLISION WITH FIXED OBJECT NON - INTERSECTION - FIRST EVENT COLLISION 09 - 32 EXCLUDING 16,SINGLE VEHICLE,STRAIGHT & LEVEL,DAYLIGHT,,,4/7/2020 8:13:38 AM,False,5181,Accepted,
26584163,0568000,LOUISVILLE METRO POLICE DEPT,Accepted,JEFFERSON,,,CARLISLE,AVE,,,,KY1865,TAYLOR,,WOODRUFF,38.194159202,-85.783462810,0.477,4/6/2020 12:00:00 AM,1936,1,1,0,0,CLEAR,DRY,True,COLLISION WITH FIXED OBJECT NON - INTERSECTION - FIRST EVENT COLLISION 09 - 32 EXCLUDING 16,SINGLE VEHICLE,STRAIGHT & LEVEL,DAYLIGHT,,,4/7/2020 8:14:00 AM,False,7257,Accepted,
26584153,0568000,LOUISVILLE METRO POLICE DEPT,Accepted,JEFFERSON,,,GARLAND,AVE,,,HUMLER,,,,,38.244338137,-85.791414183,1.300,4/6/2020 12:00:00 AM,0956,2,2,0,0,CLEAR,DRY,True,SIDESWIPE-SAME DIRECTION,SIDESWIPE-SAME DIRECTION,STRAIGHT & LEVEL,DAYLIGHT,,,4/7/2020 8:13:31 AM,False,5253,Accepted,
26584158,0568000,LOUISVILLE METRO POLICE DEPT,Accepted,JEFFERSON,,,BROADWAY,,W,US0031W,22ND,,,,,38.249230437,-85.788249591,0.003,4/6/2020 12:00:00 AM,2015,2,2,0,1,CLEAR,DRY,False,ANGLE COLLISION - OTHER,ANGLE,STRAIGHT & LEVEL,DAYLIGHT,,,4/7/2020 8:13:42 AM,False,5008,Accepted,
26584425,0564400,INDIAN HILLS POLICE DEPARTMENT,Accepted,JEFFERSON,US0042,4100,BROWNSBORO,RD,,,MOCCASIN,,,,,38.268834954,-85.656370849,4.441,4/6/2020 12:00:00 AM,1700,2,2,0,0,CLEAR,DRY,False,OTHER INTERSECTION COLLISIONS,REAR END,STRAIGHT & HILLCREST,DAYLIGHT,,,4/7/2020 9:06:45 AM,False,4433,Accepted,
26584147,0568000,LOUISVILLE METRO POLICE DEPT,Accepted,JEFFERSON,US0150,912,BROADWAY,,E,,,,BRENT,KY0864,CAMPBELL,38.244465258,-85.737027046,3.542,4/6/2020 12:00:00 AM,1421,2,2,0,0,CLEAR,DRY,False,SIDESWIPE COLLISION - OPPOSITE DIRECTION,SIDESWIPE-OPPOSITE DIRECTION,STRAIGHT & LEVEL,DAYLIGHT,,,4/7/2020 8:13:12 AM,False,7266,Accepted,