IncidentID,AgencyORI,AgencyName,IncidentStatusDesc,County,RdwyNumber,Street,RoadwayName,StreetSfx,StreetDir,IntersectionRdwy,IntersectionRdwyName,BetweenStRdwy1,BetweenStRdwyName1,BetweenStRdwy2,BetweenStRdwyName2,Latitude,Longitude,Milepoint,CollisionDate,CollisionTime,UnitsInvolved,MotorVehiclesInvolved,NumberKilled,NumberInjured,Weather,RdwyConditionCode,HitandRun,DirAnalysisCode,MannerofCollision,RdwyCharacter,LightCondition,RampFromRdwyId,RampToRdwyId,AcceptedDate,IsSecondaryCollision,OwnerBadge,IncidentStatus,
26584148,0568000,LOUISVILLE METRO POLICE DEPT,Accepted,JEFFERSON,,,THRUSTON,AVE,,,FILSON,,,,,38.215477869,-85.730530676,0.255,4/6/2020 12:00:00 AM,0842,2,2,0,0,CLOUDY,DRY,True,ANGLE COLLISION - OTHER,ANGLE,STRAIGHT & LEVEL,DAYLIGHT,,,4/7/2020 8:13:17 AM,False,5036,Accepted,
26598702,0568000,LOUISVILLE METRO POLICE DEPT,Accepted,JEFFERSON,KY2052,7409,SHEPHERDSVILLE,RD,,,,,BRISCOE,,PATTIE,38.142318023,-85.659095612,0.242,4/6/2020 12:00:00 AM,1628,2,2,0,1,CLEAR,DRY,False,REAR END IN TRAFFIC LANES BOTH VEHICLES MOVING,REAR END,STRAIGHT & LEVEL,DAYLIGHT,,,4/13/2020 8:06:45 AM,False,2308,Accepted,
26598736,0568000,LOUISVILLE METRO POLICE DEPT,Accepted,JEFFERSON,KY1727,,TERRY,RD,,KY1931,GREENWOOD,,,,,38.144677702,-85.871919070,1.590,4/6/2020 12:00:00 AM,2013,1,1,0,0,CLEAR,DRY,False,COLLISION WITH FIXED OBJECT IN INTERSECTION - FIRST EVENT COLLISION 09 - 32,SINGLE VEHICLE,STRAIGHT & LEVEL,DUSK,,,4/13/2020 8:08:52 AM,False,2457,Accepted,
26587352,0568000,LOUISVILLE METRO POLICE DEPT,Accepted,JEFFERSON,,,LONGEST,AVE,,US0060A,CHEROKEE,,,,,38.240356722,-85.706973308,0.579,4/6/2020 12:00:00 AM,2342,1,1,0,0,CLEAR,DRY,False,COLLISION WITH FIXED OBJECT IN INTERSECTION - FIRST EVENT COLLISION 09 - 32,SINGLE VEHICLE,CURVE & GRADE,DARK-HWY LIGHTED/ON,,,4/8/2020 8:24:12 AM,False,5152,Accepted,
26580881,0568000,LOUISVILLE METRO POLICE DEPT,Accepted,JEFFERSON,,3006,SPRINGFIELD,DR,,,,,,,,38.147796366,-85.815699709,0.272,4/5/2020 12:00:00 AM,1921,1,1,0,0,CLEAR,DRY,False,COLLISION WITH FIXED OBJECT NON - INTERSECTION - FIRST EVENT COLLISION 09 - 32 EXCLUDING 16,SINGLE VEHICLE,STRAIGHT & GRADE,DAYLIGHT,,,4/6/2020 8:44:04 AM,False,5110,Accepted,
26580880,0568000,LOUISVILLE METRO POLICE DEPT,Accepted,JEFFERSON,,,EDGELAND,AVE,,US0031E,BARDSTOWN,,,,,38.233301234,-85.711757453,0.258,4/5/2020 12:00:00 AM,1516,2,1,0,1,CLEAR,DRY,False,COLLISION WITH PEDESTRIAN IN INTERSECTION,SINGLE VEHICLE,STRAIGHT & LEVEL,DAYLIGHT,,,4/6/2020 8:44:01 AM,False,7960,Accepted,
26580870,0568000,LOUISVILLE METRO POLICE DEPT,Accepted,JEFFERSON,KY0841,,GENE SNYDER,FWY,,,,KY0841,KY841 RAMP TO KY1865,KY0841,KY841 RAMP FROM KY1865,38.120237105,-85.777157769,6.047,4/5/2020 12:00:00 AM,0126,1,1,0,0,CLEAR,DRY,False,COLLISION WITH FIXED OBJECT NON - INTERSECTION - FIRST EVENT COLLISION 09 - 32 EXCLUDING 16,SINGLE VEHICLE,STRAIGHT & LEVEL,DARK-HWY LIGHTED/ON,,,4/6/2020 8:43:29 AM,False,5110,Accepted,
26580883,0568000,LOUISVILLE METRO POLICE DEPT,Accepted,JEFFERSON,,,MAGNOLIA,AVE,W,KY1020,3RD,,,,,38.229080413,-85.759734682,0.175,4/5/2020 12:00:00 AM,2318,2,2,0,0,CLEAR,DRY,False,ANGLE COLLISION - OTHER,ANGLE,STRAIGHT & LEVEL,DARK-HWY LIGHTED/ON,,,4/6/2020 8:44:08 AM,False,5217,Accepted,
26580879,0568000,LOUISVILLE METRO POLICE DEPT,Accepted,JEFFERSON,KY1865,,NEW CUT,RD,,,,,,,,38.145547591,-85.775222048,2.650,4/5/2020 12:00:00 AM,1900,1,1,0,0,CLEAR,DRY,False,COLLISION WITH FIXED OBJECT NON - INTERSECTION - FIRST EVENT COLLISION 09 - 32 EXCLUDING 16,SINGLE VEHICLE,STRAIGHT & LEVEL,DAYLIGHT,,,4/6/2020 8:43:57 AM,False,7331,Accepted,
26602265,0568000,LOUISVILLE METRO POLICE DEPT,Accepted,JEFFERSON,KY1865,,TAYLOR,BLVD,,,BEECHER,,,,,38.191652709,-85.783276106,5.876,4/5/2020 12:00:00 AM,2230,2,2,0,2,CLEAR,DRY,False,ANGLE COLLISION - ONE VEHICLE TURNING LEFT,ANGLE,STRAIGHT & LEVEL,DARK-HWY LIGHTED/ON,,,4/14/2020 8:20:53 AM,False,5287,Accepted,
26590042,0568000,LOUISVILLE METRO POLICE DEPT,Accepted,JEFFERSON,,,MARY,ST,,KY0864,SHELBY,,,,,38.234688689,-85.741239113,0.425,4/4/2020 12:00:00 AM,1325,3,3,0,2,CLEAR,DRY,False,ANGLE COLLISION - OTHER,ANGLE,STRAIGHT & LEVEL,DAYLIGHT,,,4/9/2020 8:28:01 AM,False,7391,Accepted,
26580867,0568000,LOUISVILLE METRO POLICE DEPT,Accepted,JEFFERSON,,,28TH,ST,S,,HOWARD,,,,,38.246143376,-85.798903617,1.031,4/4/2020 12:00:00 AM,2217,2,2,0,0,CLEAR,DRY,False,OPPOSITE DIRECTION - BOTH VEHICLES GOING STRAIGHT AHEAD,SIDESWIPE-OPPOSITE DIRECTION,STRAIGHT & LEVEL,DARK-HWY LIGHTED/ON,,,4/6/2020 8:43:18 AM,False,5054,Accepted,
26580874,0568000,LOUISVILLE METRO POLICE DEPT,Accepted,JEFFERSON,,,BURNETT,AVE,E,,MERIWETHER,,,,,38.225939122,-85.748886930,0.434,4/4/2020 12:00:00 AM,1823,2,2,0,1,CLOUDY,DRY,True,SIDESWIPE-SAME DIRECTION,SIDESWIPE-SAME DIRECTION,STRAIGHT & LEVEL,DAYLIGHT,,,4/6/2020 8:43:39 AM,False,7322,Accepted,
26580878,0568000,LOUISVILLE METRO POLICE DEPT,Accepted,JEFFERSON,US0031W,,DIXIE,HWY,,,SPEEDWAY,,,,,38.117439170,-85.858900067,9.369,4/4/2020 12:00:00 AM,1540,2,1,0,1,CLEAR,DRY,False,COLLISION WITH PEDESTRIAN IN INTERSECTION,SINGLE VEHICLE,STRAIGHT & LEVEL,DAYLIGHT,,,4/6/2020 8:43:54 AM,False,7483,Accepted,
26580872,0568000,LOUISVILLE METRO POLICE DEPT,Accepted,JEFFERSON,US0031W,7219,DIXIE,HWY,,,,,,,,38.145326455,-85.838613497,11.803,4/4/2020 12:00:00 AM,2327,1,1,0,1,CLEAR,DRY,False,COLLISION WITH FIXED OBJECT NON - INTERSECTION - FIRST EVENT COLLISION 09 - 32 EXCLUDING 16,SINGLE VEHICLE,STRAIGHT & LEVEL,DARK-HWY LIGHTED/ON,,,4/6/2020 8:43:32 AM,False,5059,Accepted,
26580863,0568000,LOUISVILLE METRO POLICE DEPT,Accepted,JEFFERSON,KY2055,,MANSLICK,RD,W,,BROWN AUSTIN,,,,,38.111738262,-85.766693382,1.950,4/4/2020 12:00:00 AM,1753,2,2,0,0,CLEAR,DRY,False,ANGLE COLLISION - OTHER,ANGLE,STRAIGHT & LEVEL,DAYLIGHT,,,4/6/2020 8:43:07 AM,False,7202,Accepted,
26580864,0568000,LOUISVILLE METRO POLICE DEPT,Accepted,JEFFERSON,,1763,HILL,ST,W,,,,,,,38.228202895,-85.788057347,1.707,4/4/2020 12:00:00 AM,1440,3,3,0,1,CLEAR,DRY,True,SIDESWIPE COLLISION - OPPOSITE DIRECTION,SIDESWIPE-OPPOSITE DIRECTION,STRAIGHT & LEVEL,DAYLIGHT,,,4/6/2020 8:43:10 AM,False,5160,Accepted,
26580858,0568000,LOUISVILLE METRO POLICE DEPT,Accepted,JEFFERSON,,9317,COOLRIDGE,DR,,,,,,,,38.112627260,-85.655542083,0.024,4/4/2020 12:00:00 AM,0400,1,1,0,0,CLEAR,DRY,True,COLLISION WITH FIXED OBJECT NON - INTERSECTION - FIRST EVENT COLLISION 09 - 32 EXCLUDING 16,SINGLE VEHICLE,STRAIGHT & LEVEL,DAYLIGHT,,,4/6/2020 8:42:50 AM,False,7955,Accepted,
26580862,0568000,LOUISVILLE METRO POLICE DEPT,Accepted,JEFFERSON,,,DUNCAN,ST,,US0150,22ND,,,,,38.262628417,-85.785902987,0.485,4/4/2020 12:00:00 AM,1720,2,2,0,1,CLEAR,DRY,False,ANGLE COLLISION - OTHER,ANGLE,STRAIGHT & LEVEL,DAYLIGHT,,,4/6/2020 8:43:03 AM,False,7988,Accepted,
26580857,0568000,LOUISVILLE METRO POLICE DEPT,Accepted,JEFFERSON,US0031W,1026,MAIN,ST,W,,,,,,,38.257824878,-85.767522383,21.327,4/4/2020 12:00:00 AM,0004,1,1,0,0,CLEAR,DRY,True,COLLISION WITH FIXED OBJECT NON - INTERSECTION - FIRST EVENT COLLISION 09 - 32 EXCLUDING 16,SINGLE VEHICLE,STRAIGHT & LEVEL,DARK-HWY LIGHTED/ON,,,4/6/2020 8:42:47 AM,False,7111,Accepted,
26580860,0568000,LOUISVILLE METRO POLICE DEPT,Accepted,JEFFERSON,US0031E,,BARDSTOWN,RD,,,HIDDEN VALLEY FARM,,,,,38.086735797,-85.555743382,0.777,4/4/2020 12:00:00 AM,1327,2,2,0,1,CLEAR,DRY,False,ANGLE COLLISION - OTHER,ANGLE,STRAIGHT & LEVEL,DAYLIGHT,,,4/6/2020 8:42:58 AM,False,7278,Accepted,
26580866,0568000,LOUISVILLE METRO POLICE DEPT,Accepted,JEFFERSON,US0031W,,22ND,ST,S,,WILSON,,,,,38.234848306,-85.790426823,18.594,4/4/2020 12:00:00 AM,1538,3,3,0,0,CLEAR,DRY,False,ANGLE COLLISION - OTHER,ANGLE,STRAIGHT & LEVEL,DAYLIGHT,,,4/6/2020 8:43:15 AM,False,5179,Accepted,
26580869,0568000,LOUISVILLE METRO POLICE DEPT,Accepted,JEFFERSON,,,LARCHMONT,AVE,,,MONTANA,,,,,38.206998362,-85.778276361,0.116,4/4/2020 12:00:00 AM,2152,2,1,0,0,CLEAR,DRY,False,COLLISION WITH BICYCLE IN INTERSECTION,SINGLE VEHICLE,STRAIGHT & LEVEL,DARK-HWY LIGHTED/ON,,,4/6/2020 8:43:25 AM,False,5183,Accepted,
26590057,0568000,LOUISVILLE METRO POLICE DEPT,Accepted,JEFFERSON,I 0264,,,,,,,,,,,38.210508074,-85.671570760,0.287,4/4/2020 12:00:00 AM,0305,1,1,1,0,CLEAR,DRY,False,COLLISION WITH FIXED OBJECT NOT IN GORE ,SINGLE VEHICLE,STRAIGHT & GRADE,DARK-HWY LIGHTED/ON,I 0264,US31E S,4/9/2020 8:29:12 AM,False,7772,Accepted,
26580873,0568000,LOUISVILLE METRO POLICE DEPT,Accepted,JEFFERSON,,3429,VIRGINIA,AVE,,,,,,,,38.239133513,-85.811948168,0.860,4/4/2020 12:00:00 AM,2145,2,2,0,0,CLEAR,DRY,True,1 VEHICLE ENTERING OR LEAVING PARKED POSITION (NOT PARKING LOT),SIDESWIPE-SAME DIRECTION,STRAIGHT & LEVEL,DARK (UNKNOWN ROADWAY LIGHTING),,,4/6/2020 8:43:36 AM,False,5273,Accepted,
26605266,0568000,LOUISVILLE METRO POLICE DEPT,Accepted,JEFFERSON,,,LOWER HUNTERS,TRCE,,KY1934,GREENBELT,,,,,38.170206153,-85.876069878,2.531,4/4/2020 12:00:00 AM,1653,2,2,0,0,CLEAR,DRY,False,ANGLE COLLISION - OTHER,ANGLE,STRAIGHT & LEVEL,DAYLIGHT,,,4/15/2020 8:14:38 AM,False,7817,Accepted,
26605268,0568000,LOUISVILLE METRO POLICE DEPT,Accepted,JEFFERSON,,3316,BLANTON,LN,,,,,,,,38.152490345,-85.820453270,0.921,4/4/2020 12:00:00 AM,1521,1,1,0,0,CLEAR,DRY,False,COLLISION WITH FIXED OBJECT NON - INTERSECTION - FIRST EVENT COLLISION 09 - 32 EXCLUDING 16,SINGLE VEHICLE,STRAIGHT & LEVEL,DAYLIGHT,,,4/15/2020 8:14:47 AM,False,7817,Accepted,
26580877,0568000,LOUISVILLE METRO POLICE DEPT,Accepted,JEFFERSON,KY2054,,ALGONQUIN,PKWY,,US0031W,22ND,,,,,38.223388759,-85.795109688,1.501,4/3/2020 12:00:00 AM,0650,1,1,0,0,CLEAR,DRY,False,COLLISION WITH FIXED OBJECT IN INTERSECTION - FIRST EVENT COLLISION 09 - 32,SINGLE VEHICLE,STRAIGHT & LEVEL,DAWN,,,4/6/2020 8:43:51 AM,False,5160,Accepted,
26580854,0568000,LOUISVILLE METRO POLICE DEPT,Accepted,JEFFERSON,,4217,WINNROSE,WAY,,,,,,,,38.239377172,-85.824797842,0.152,4/3/2020 12:00:00 AM,2100,2,2,0,0,CLEAR,DRY,False,1 VEHICLE PARKED POSITION (NOT PARKING LOT/DRIVEWAY),BACKING,STRAIGHT & LEVEL,DARK (UNKNOWN ROADWAY LIGHTING),,,4/6/2020 8:42:40 AM,False,5273,Accepted,
26580855,0568000,LOUISVILLE METRO POLICE DEPT,Accepted,JEFFERSON,KY1020,,3RD,ST,S,,OAK,,,,,38.234866632,-85.758668135,11.316,4/3/2020 12:00:00 AM,1916,2,2,0,2,CLEAR,DRY,False,ANGLE COLLISION - OTHER,ANGLE,STRAIGHT & LEVEL,DAYLIGHT,,,4/6/2020 8:42:43 AM,False,5236,Accepted,
26580840,0568000,LOUISVILLE METRO POLICE DEPT,Accepted,JEFFERSON,,11311,MITCHELL HILL,RD,,,,,,,,38.078047719,-85.770104732,2.233,4/3/2020 12:00:00 AM,1540,1,1,0,1,CLEAR,DRY,False,COLLISION WITH FIXED OBJECT NON - INTERSECTION - FIRST EVENT COLLISION 09 - 32 EXCLUDING 16,SINGLE VEHICLE,CURVE & GRADE,DAYLIGHT,,,4/6/2020 8:41:48 AM,False,7080,Accepted,
26580846,0568000,LOUISVILLE METRO POLICE DEPT,Accepted,JEFFERSON,,,CHESTNUT,ST,E,KY0061,JACKSON,,,,,38.247519015,-85.745179081,0.421,4/3/2020 12:00:00 AM,1645,2,2,0,1,CLEAR,DRY,False,ANGLE COLLISION - OTHER,ANGLE,STRAIGHT & LEVEL,DAYLIGHT,,,4/6/2020 8:42:12 AM,False,2855,Accepted,
26580848,0568000,LOUISVILLE METRO POLICE DEPT,Accepted,JEFFERSON,,4406,JEWELL,AVE,,,,,,,,38.268685123,-85.819004040,0.409,4/3/2020 12:00:00 AM,0744,2,2,0,0,CLEAR,DRY,True,COLLISION WITH FIXED OBJECT NON - INTERSECTION - FIRST EVENT COLLISION 09 - 32 EXCLUDING 16,REAR END,STRAIGHT & LEVEL,DAYLIGHT,,,4/6/2020 8:42:16 AM,False,5000,Accepted,
26580845,0568000,LOUISVILLE METRO POLICE DEPT,Accepted,JEFFERSON,,,DIXIE,HWY,,,,,,,,38.236345464,-85.787219068,0.910,4/3/2020 12:00:00 AM,1730,2,2,0,0,CLEAR,DRY,False,REAR END IN TRAFFIC LANES BOTH VEHICLES MOVING,REAR END,STRAIGHT & LEVEL,DAYLIGHT,,,4/6/2020 8:42:08 AM,False,7326,Accepted,
26580853,0568000,LOUISVILLE METRO POLICE DEPT,Accepted,JEFFERSON,,,COLLINS,CT,W,,GRANT,,,,,38.200259965,-85.762644815,0.127,4/3/2020 12:00:00 AM,1926,2,2,0,1,CLEAR,DRY,False,HEAD-ON COLLISION,HEAD ON,STRAIGHT & LEVEL,DAYLIGHT,,,4/6/2020 8:42:37 AM,False,5252,Accepted,
26580832,0568000,LOUISVILLE METRO POLICE DEPT,Accepted,JEFFERSON,,,8TH,ST,S,,,,COLLEGE,,KENTUCKY,38.240595464,-85.766094898,1.166,4/3/2020 12:00:00 AM,0829,2,2,0,0,CLEAR,DRY,True,1 VEHICLE PARKED POSITION (NOT PARKING LOT/DRIVEWAY),REAR END,STRAIGHT & LEVEL,DAYLIGHT,,,4/6/2020 8:41:16 AM,False,7418,Accepted,
26580842,0568000,LOUISVILLE METRO POLICE DEPT,Accepted,JEFFERSON,KY0864,5046,POPLAR LEVEL,RD,,,,,,,,38.164035748,-85.679447838,8.617,4/3/2020 12:00:00 AM,1327,2,1,0,0,CLEAR,DRY,False,COLLISION WITH PEDESTRIAN NON - INTERSECTION,SINGLE VEHICLE,STRAIGHT & LEVEL,DAYLIGHT,,,4/6/2020 8:41:56 AM,False,7451,Accepted,
26580843,0568000,LOUISVILLE METRO POLICE DEPT,Accepted,JEFFERSON,,,3RD,ST,S,,KINGSTON,,,,,38.173091049,-85.767726312,1.777,4/3/2020 12:00:00 AM,1700,2,2,0,1,CLEAR,DRY,False,ANGLE COLLISION - OTHER,ANGLE,STRAIGHT & LEVEL,DAYLIGHT,,,4/6/2020 8:42:00 AM,False,7048,Accepted,
26580844,0568000,LOUISVILLE METRO POLICE DEPT,Accepted,JEFFERSON,I 0064,,I64 W,,,,,,,,,38.276929014,-85.796169350,1.676,4/3/2020 12:00:00 AM,1720,2,2,0,1,CLEAR,DRY,False,OTHER COLLISIONS ON SHOULDER,SIDESWIPE-SAME DIRECTION,CURVE & HILLCREST,DAYLIGHT,,,4/6/2020 8:42:04 AM,False,7988,Accepted,
26580850,0568000,LOUISVILLE METRO POLICE DEPT,Accepted,JEFFERSON,KY1065,,OUTER,LOOP,,,AIR COMMERCE,,,,,38.134807241,-85.719261122,4.227,4/3/2020 12:00:00 AM,1950,4,4,0,1,CLEAR,DRY,False,HEAD-ON COLLISION,HEAD ON,STRAIGHT & LEVEL,DAYLIGHT,,,4/6/2020 8:42:25 AM,False,5040,Accepted,
26580841,0568000,LOUISVILLE METRO POLICE DEPT,Accepted,JEFFERSON,KY2054,3520,ALGONQUIN,PKWY,,,,,,,,38.225067558,-85.815569231,0.376,4/3/2020 12:00:00 AM,1625,2,2,0,1,CLEAR,DRY,False,REAR END IN TRAFFIC LANES BOTH VEHICLES MOVING,REAR END,STRAIGHT & LEVEL,DAYLIGHT,,,4/6/2020 8:41:52 AM,False,7439,Accepted,
26580849,0568000,LOUISVILLE METRO POLICE DEPT,Accepted,JEFFERSON,,1222,SEELBACH,AVE,,,,,PEACHTREE,KY1865,TAYLOR,38.187899262,-85.783435383,0.358,4/3/2020 12:00:00 AM,1915,2,1,0,1,CLEAR,DRY,False,COLLISION WITH PEDESTRIAN NON - INTERSECTION,SINGLE VEHICLE,STRAIGHT & LEVEL,DAYLIGHT,,,4/6/2020 8:42:21 AM,False,7048,Accepted,
26580838,0568000,LOUISVILLE METRO POLICE DEPT,Accepted,JEFFERSON,KY1819,,BILLTOWN,RD,,KY1065,LOVERS,,,,,38.166203112,-85.569381134,7.137,4/3/2020 12:00:00 AM,1409,2,2,0,0,CLEAR,DRY,False,ANGLE COLLISION - OTHER,ANGLE,STRAIGHT & LEVEL,DAYLIGHT,,,4/6/2020 8:41:40 AM,False,2017,Accepted,
26580851,0568000,LOUISVILLE METRO POLICE DEPT,Accepted,JEFFERSON,,,26TH,ST,N,,ST XAVIER,,,,,38.268117574,-85.791661189,0.525,4/3/2020 12:00:00 AM,2139,5,5,0,2,CLEAR,DRY,False,ANGLE COLLISION - OTHER,ANGLE,STRAIGHT & LEVEL,DARK-HWY LIGHTED/ON,,,4/6/2020 8:42:29 AM,False,7481,Accepted,
26580852,0568000,LOUISVILLE METRO POLICE DEPT,Accepted,JEFFERSON,,126,VERNON,AVE,,,,,,,,38.255158312,-85.708028157,0.071,4/3/2020 12:00:00 AM,2029,2,2,0,0,CLEAR,DRY,False,1 VEHICLE PARKED POSITION (NOT PARKING LOT/DRIVEWAY),SIDESWIPE-SAME DIRECTION,STRAIGHT & LEVEL,DARK-HWY NOT LIGHTED,,,4/6/2020 8:42:33 AM,False,5243,Accepted,
26576200,0560000,JEFFERSON COUNTY SHERIFF DEPT.,Accepted,JEFFERSON,,,GRAF,DR,,,,,,,,38.204972923,-85.634058644,0.029,4/2/2020 12:00:00 AM,0745,2,2,0,0,CLEAR,DRY,False,OTHER ROADWAY OR MID-BLOCK COLLISION,OPPOSING LEFT TURN,STRAIGHT & LEVEL,DAWN,,,4/3/2020 3:13:43 PM,False,4021,Accepted,
26580833,0568000,LOUISVILLE METRO POLICE DEPT,Accepted,JEFFERSON,US0060A,,EASTERN,PKWY,,,,,,,,38.211755103,-85.748639748,4.180,4/2/2020 12:00:00 AM,2147,2,2,0,3,CLEAR,DRY,False,SIDESWIPE COLLISION - OPPOSITE DIRECTION,SIDESWIPE-OPPOSITE DIRECTION,CURVE & LEVEL,DARK-HWY LIGHTED/ON,,,4/6/2020 8:41:23 AM,False,7772,Accepted,
26575188,0568000,LOUISVILLE METRO POLICE DEPT,Accepted,JEFFERSON,,,UPPER HUNTERS,TRCE,,,,,MARIAN,,MARIAN,38.159916210,-85.845726404,1.272,4/2/2020 12:00:00 AM,1131,2,2,0,0,CLEAR,DRY,False,REAR END IN TRAFFIC LANES BOTH VEHICLES MOVING,REAR END,STRAIGHT & LEVEL,DAYLIGHT,,,4/3/2020 8:03:27 AM,False,7026,Accepted,
26572279,0568000,LOUISVILLE METRO POLICE DEPT,Accepted,JEFFERSON,KY0061,,PRESTON,HWY,,KY1747,FERN VALLEY,,,,,38.156955404,-85.697113269,5.340,4/2/2020 12:00:00 AM,0507,2,2,0,0,CLEAR,DRY,True,ANGLE COLLISION - OTHER,ANGLE,STRAIGHT & LEVEL,DARK-HWY LIGHTED/ON,,,4/2/2020 8:03:43 AM,False,7016,Accepted,
26575193,0568000,LOUISVILLE METRO POLICE DEPT,Accepted,JEFFERSON,KY0061,7121,PRESTON,HWY,,,,,,,,38.147489783,-85.691762681,4.633,4/2/2020 12:00:00 AM,2055,5,5,0,1,CLEAR,DRY,False,OTHER ROADWAY OR MID-BLOCK COLLISION,OPPOSING LEFT TURN,STRAIGHT & LEVEL,DARK-HWY LIGHTED/ON,,,4/3/2020 8:03:53 AM,False,7016,Accepted,
26575191,0568000,LOUISVILLE METRO POLICE DEPT,Accepted,JEFFERSON,KY1865,,NEW CUT,RD,,,,,,,,38.120930510,-85.777146320,0.713,4/2/2020 12:00:00 AM,0843,2,2,0,1,CLEAR,DRY,False,REAR END IN TRAFFIC LANES BOTH VEHICLES MOVING,REAR END,STRAIGHT & LEVEL,DAYLIGHT,,,4/3/2020 8:03:43 AM,False,7373,Accepted,
26575194,0568000,LOUISVILLE METRO POLICE DEPT,Accepted,JEFFERSON,KY1865,,TAYLOR,BLVD,,I 0264,I264 W EXIT9 OFF RAMP TO KY1865,,,,,38.189409570,-85.783424952,5.730,4/2/2020 12:00:00 AM,2259,3,3,0,4,CLOUDY,DRY,False,ANGLE COLLISION - OTHER,ANGLE,STRAIGHT & LEVEL,DARK-HWY LIGHTED/ON,,,4/3/2020 8:03:59 AM,False,7426,Accepted,
26575190,0568000,LOUISVILLE METRO POLICE DEPT,Accepted,JEFFERSON,KY1865,4170,TAYLOR,BLVD,,,,,,,,38.179849982,-85.783291806,5.048,4/2/2020 12:00:00 AM,0838,2,2,0,1,CLEAR,DRY,False,COLLISION WITH PEDESTRIAN NON - INTERSECTION,SIDESWIPE-SAME DIRECTION,STRAIGHT & LEVEL,DAYLIGHT,,,4/3/2020 8:03:36 AM,False,7667,Accepted,
26580836,0568000,LOUISVILLE METRO POLICE DEPT,Accepted,JEFFERSON,I 0264,,,,,,,,,,,38.196768427,-85.706334875,0.157,4/2/2020 12:00:00 AM,1349,2,2,0,1,CLEAR,DRY,True,OTHER RAMP RELATED COLLISIONS NOT LISTED ABOVE,SIDESWIPE-SAME DIRECTION,STRAIGHT & LEVEL,DAYLIGHT,I 0264,KY0864,4/6/2020 8:41:33 AM,False,8278,Accepted,
26645395,0568000,LOUISVILLE METRO POLICE DEPT,Accepted,JEFFERSON,,212,ALGER,AVE,,,,,,,,38.166240556,-85.765900764,0.061,4/2/2020 12:00:00 AM,1914,4,4,0,0,CLEAR,DRY,False,1 VEHICLE PARKED POSITION (NOT PARKING LOT/DRIVEWAY),ANGLE,STRAIGHT & LEVEL,DAYLIGHT,,,4/30/2020 8:06:11 AM,False,7427,Accepted,
26572281,0568000,LOUISVILLE METRO POLICE DEPT,Accepted,JEFFERSON,US0060A,,EASTERN,PKWY,,KY0061,SHELBY,,,,,38.214834331,-85.742653551,4.582,4/2/2020 12:00:00 AM,0608,2,2,0,0,CLEAR,DRY,False,ANGLE COLLISION - OTHER,ANGLE,STRAIGHT & LEVEL,DARK-HWY LIGHTED/ON,,,4/2/2020 8:03:49 AM,False,5037,Accepted,
26572273,0568000,LOUISVILLE METRO POLICE DEPT,Accepted,JEFFERSON,US0060A,,WINKLER,AVE,,,4TH,,,,,38.210309695,-85.764672123,3.070,4/1/2020 12:00:00 AM,1156,2,2,0,1,CLOUDY,DRY,False,ANGLE COLLISION - OTHER,ANGLE,STRAIGHT & LEVEL,DAYLIGHT,,,4/2/2020 8:03:18 AM,False,7094,Accepted,
26572275,0568000,LOUISVILLE METRO POLICE DEPT,Accepted,JEFFERSON,KY0841,,GENE SNYDER,FWY,,,,,,,,38.090457370,-85.840122846,1.979,4/1/2020 12:00:00 AM,1655,1,1,0,0,CLEAR,DRY,False,OTHER COLLISIONS ON SHOULDER,SINGLE VEHICLE,STRAIGHT & LEVEL,DAYLIGHT,,,4/2/2020 8:03:25 AM,False,2217,Accepted,
26572280,0568000,LOUISVILLE METRO POLICE DEPT,Accepted,JEFFERSON,US0031W,,DIXIE,HWY,,,,,,,,38.123498886,-85.853730033,9.940,4/1/2020 12:00:00 AM,1639,2,2,0,1,CLOUDY,DRY,False,1 VEHICLE ENTERING/LEAVING ENTRANCE,ANGLE,STRAIGHT & LEVEL,DAYLIGHT,,,4/2/2020 8:03:46 AM,False,7234,Accepted,
26569265,0568000,LOUISVILLE METRO POLICE DEPT,Accepted,JEFFERSON,KY0864,,BEULAH CHURCH,RD,,,ADAMS RUN,,,,,38.116304832,-85.615356610,2.781,4/1/2020 12:00:00 AM,0300,1,1,0,0,CLEAR,DRY,False,COLLISION WITH FIXED OBJECT IN INTERSECTION - FIRST EVENT COLLISION 09 - 32,SINGLE VEHICLE,STRAIGHT & LEVEL,DARK (UNKNOWN ROADWAY LIGHTING),,,4/1/2020 8:01:48 AM,False,7315,Accepted,