IncidentID,AgencyORI,AgencyName,IncidentStatusDesc,County,RdwyNumber,Street,RoadwayName,StreetSfx,StreetDir,IntersectionRdwy,IntersectionRdwyName,BetweenStRdwy1,BetweenStRdwyName1,BetweenStRdwy2,BetweenStRdwyName2,Latitude,Longitude,Milepoint,CollisionDate,CollisionTime,UnitsInvolved,MotorVehiclesInvolved,NumberKilled,NumberInjured,Weather,RdwyConditionCode,HitandRun,DirAnalysisCode,MannerofCollision,RdwyCharacter,LightCondition,RampFromRdwyId,RampToRdwyId,AcceptedDate,IsSecondaryCollision,OwnerBadge,IncidentStatus,
26580835,0568000,LOUISVILLE METRO POLICE DEPT,Accepted,JEFFERSON,KY1819,,BILLTOWN,RD,,,,,,,,38.164310665,-85.567331804,6.967,4/1/2020 12:00:00 AM,0609,2,2,1,3,CLEAR,DRY,False,HEAD-ON COLLISION,HEAD ON,CURVE & LEVEL,DARK-HWY NOT LIGHTED,,,4/6/2020 8:41:28 AM,False,6886,Accepted,
26572270,0568000,LOUISVILLE METRO POLICE DEPT,Accepted,JEFFERSON,,,26TH,ST,S,,MUHAMMAD ALI,,,,,38.255199404,-85.794259931,0.384,4/1/2020 12:00:00 AM,1030,2,2,0,3,CLOUDY,DRY,False,ANGLE COLLISION - OTHER,ANGLE,STRAIGHT & LEVEL,DAYLIGHT,,,4/2/2020 8:03:07 AM,False,7241,Accepted,
26569267,0568000,LOUISVILLE METRO POLICE DEPT,Accepted,JEFFERSON,,,13TH,ST,S,,BRASHEAR,,,,,38.226255285,-85.777099495,1.683,4/1/2020 12:00:00 AM,0506,2,2,0,0,CLEAR,DRY,True,COLLISION WITH PARKED VEHICLE,HEAD ON,STRAIGHT & LEVEL,DARK-HWY LIGHTED/ON,,,4/1/2020 8:01:56 AM,False,5039,Accepted,
26575187,0568000,LOUISVILLE METRO POLICE DEPT,Accepted,JEFFERSON,,,MAIN,ST,W,US0031W,22ND,,,,,38.259943406,-85.786324476,0.001,4/1/2020 12:00:00 AM,1608,2,2,0,1,CLOUDY,DRY,False,ANGLE COLLISION - OTHER,ANGLE,STRAIGHT & LEVEL,DAYLIGHT,,,4/3/2020 8:03:19 AM,False,7345,Accepted,
26579705,0561000,JEFFERSONTOWN POLICE DEPT,Accepted,JEFFERSON,,,BLANKENBAKER,RD,,,SHINING WATER,,,,,38.207169831,-85.543560138,0.553,3/31/2020 12:00:00 AM,1410,2,2,1,0,CLOUDY,WET,False,ANGLE COLLISION - OTHER,ANGLE,STRAIGHT & GRADE,DAYLIGHT,,,4/5/2020 9:12:09 PM,False,8265,Accepted,
26580839,0568000,LOUISVILLE METRO POLICE DEPT,Accepted,JEFFERSON,US0150,,BROADWAY,,W,,5TH,,,,,38.246222889,-85.760071700,2.294,3/31/2020 12:00:00 AM,1728,2,2,0,2,CLOUDY,DRY,False,ANGLE COLLISION - OTHER,ANGLE,STRAIGHT & LEVEL,DAYLIGHT,,,4/6/2020 8:41:44 AM,False,5173,Accepted,
26569260,0568000,LOUISVILLE METRO POLICE DEPT,Accepted,JEFFERSON,US0042,,BROWNSBORO,RD,,KY1932,CHENOWETH,,,,,38.265802440,-85.665835931,3.889,3/31/2020 12:00:00 AM,1125,1,1,0,1,CLOUDY,DRY,False,COLLISION WITH FIXED OBJECT IN INTERSECTION - FIRST EVENT COLLISION 09 - 32,SINGLE VEHICLE,STRAIGHT & LEVEL,DAYLIGHT,,,4/1/2020 8:01:26 AM,False,7746,Accepted,
26569262,0568000,LOUISVILLE METRO POLICE DEPT,Accepted,JEFFERSON,,,ST LOUIS,AVE,,,,,,,,38.234297039,-85.793257737,0.102,3/31/2020 12:00:00 AM,1757,4,4,0,1,CLEAR,DRY,False,1 VEHICLE ENTERING/LEAVING ENTRANCE,ANGLE,STRAIGHT & LEVEL,DAYLIGHT,,,4/1/2020 8:01:37 AM,False,5114,Accepted,
26569263,0568000,LOUISVILLE METRO POLICE DEPT,Accepted,JEFFERSON,,1402,AARON CREEK,DR,,,,,,,,38.211403360,-85.441260018,0.045,3/31/2020 12:00:00 AM,2042,1,1,0,0,CLEAR,DRY,False,COLLISION WITH FIXED OBJECT NON - INTERSECTION - FIRST EVENT COLLISION 09 - 32 EXCLUDING 16,SINGLE VEHICLE,STRAIGHT & LEVEL,DARK-HWY LIGHTED/ON,,,4/1/2020 8:01:41 AM,False,5128,Accepted,
26580829,0568000,LOUISVILLE METRO POLICE DEPT,Accepted,JEFFERSON,KY0061,,PRESTON,ST,S,,,,ORMSBY,,ORMSBY,38.231089220,-85.749970441,11.262,3/31/2020 12:00:00 AM,1725,2,2,0,0,CLOUDY,DRY,False,SIDESWIPE COLLISION - SAME DIRECTION,SIDESWIPE-SAME DIRECTION,STRAIGHT & LEVEL,DAYLIGHT,,,4/6/2020 8:40:57 AM,False,7418,Accepted,
26569266,0568000,LOUISVILLE METRO POLICE DEPT,Accepted,JEFFERSON,KY1703,2988,NEWBURG,RD,,,,,SCHUFF,,COLONIAL HILL,38.205734564,-85.693176129,2.615,3/31/2020 12:00:00 AM,2113,1,1,0,0,CLEAR,DRY,False,COLLISION WITH FIXED OBJECT NON - INTERSECTION - FIRST EVENT COLLISION 09 - 32 EXCLUDING 16,SINGLE VEHICLE,STRAIGHT & LEVEL,DARK-HWY LIGHTED/ON,,,4/1/2020 8:01:52 AM,False,5188,Accepted,
26569516,0561500,UNIV. OF LOUISVILLE POLICE,Accepted,JEFFERSON,,2126,FLOYD,ST,S,,,,,,,38.216081078,-85.754911295,2.727,3/31/2020 12:00:00 AM,1734,2,2,0,0,CLOUDY,DRY,True,COLLISION IN PARKING LOT,BACKING,STRAIGHT & LEVEL,DAYLIGHT,,,4/1/2020 9:14:49 AM,False,5690,Accepted,
26572274,0568000,LOUISVILLE METRO POLICE DEPT,Accepted,JEFFERSON,,,DUDLEY,AVE,,,DEARING,,,,,38.241735709,-85.718541743,0.041,3/31/2020 12:00:00 AM,1932,1,1,0,0,CLEAR,DRY,False,COLLISION WITH FIXED OBJECT IN INTERSECTION - FIRST EVENT COLLISION 09 - 32,SINGLE VEHICLE,CURVE & LEVEL,DAWN,,,4/2/2020 8:03:21 AM,False,2230,Accepted,
26565543,0568000,LOUISVILLE METRO POLICE DEPT,Accepted,JEFFERSON,,,CHESTNUT,ST,W,,20TH,,,,,38.251974692,-85.785181009,0.864,3/30/2020 12:00:00 AM,0720,2,2,0,1,CLEAR,DRY,False,ANGLE COLLISION - OTHER,ANGLE,STRAIGHT & LEVEL,DAYLIGHT,,,3/31/2020 8:02:31 AM,False,7805,Accepted,
26565544,0568000,LOUISVILLE METRO POLICE DEPT,Accepted,JEFFERSON,US0031E,,BARDSTOWN,RD,,,SPEED,,,,,38.228539644,-85.701221742,14.133,3/30/2020 12:00:00 AM,0815,2,2,0,3,CLEAR,DRY,False,ANGLE COLLISION - ONE VEHICLE TURNING LEFT,ANGLE,STRAIGHT & LEVEL,DAYLIGHT,,,3/31/2020 8:02:35 AM,False,7960,Accepted,
26572272,0568000,LOUISVILLE METRO POLICE DEPT,Accepted,JEFFERSON,US0150,,BROADWAY,,W,,,,1ST,,,38.245840490,-85.753832006,2.629,3/30/2020 12:00:00 AM,1218,2,2,0,0,CLEAR,DRY,False,,ANGLE,STRAIGHT & LEVEL,DAYLIGHT,,,4/2/2020 8:03:14 AM,False,7005,Accepted,
26565547,0568000,LOUISVILLE METRO POLICE DEPT,Accepted,JEFFERSON,,,41ST,ST,N,,DUNCAN,,,,,38.266313148,-85.815701971,0.397,3/30/2020 12:00:00 AM,2042,3,3,0,0,CLEAR,DRY,True,COLLISION WITH PARKED VEHICLE,SIDESWIPE-OPPOSITE DIRECTION,STRAIGHT & LEVEL,UNKNOWN,,,3/31/2020 8:02:44 AM,False,5273,Accepted,
26567199,0568000,LOUISVILLE METRO POLICE DEPT,Accepted,JEFFERSON,KY1065,,OUTER,LOOP,,KY1865,NEW CUT,,,,,38.126402838,-85.776063370,1.026,3/30/2020 12:00:00 AM,1035,2,2,0,2,CLEAR,DRY,False,ANGLE COLLISION - OTHER,ANGLE,STRAIGHT & LEVEL,DAYLIGHT,,,3/31/2020 2:00:15 PM,False,7483,Accepted,
26565540,0568000,LOUISVILLE METRO POLICE DEPT,Accepted,JEFFERSON,KY0841,,GENE SNYDER,FWY,,,,,,,,38.105676011,-85.815035523,3.708,3/30/2020 12:00:00 AM,0521,1,1,0,0,CLEAR,DRY,False,OTHER COLLISIONS ON SHOULDER,SINGLE VEHICLE,STRAIGHT & LEVEL,DARK-HWY NOT LIGHTED,,,3/31/2020 8:02:23 AM,True,7772,Accepted,
26565542,0568000,LOUISVILLE METRO POLICE DEPT,Accepted,JEFFERSON,,,SOUTHWESTERN,PKWY,,,,,,,,38.245125682,-85.829877882,1.659,3/30/2020 12:00:00 AM,1718,2,1,0,1,CLEAR,DRY,False,COLLISION WITH PEDESTRIAN NON - INTERSECTION,SINGLE VEHICLE,STRAIGHT & LEVEL,DAYLIGHT,,,3/31/2020 8:02:26 AM,False,7460,Accepted,
26565545,0568000,LOUISVILLE METRO POLICE DEPT,Accepted,JEFFERSON,I 0064,,,,,,,,,,,38.275262045,-85.808385786,0.188,3/30/2020 12:00:00 AM,2153,1,1,0,1,CLEAR,DRY,False,OTHER RAMP RELATED COLLISIONS NOT LISTED ABOVE,SINGLE VEHICLE,CURVE & HILLCREST,DARK-HWY NOT LIGHTED,I 0064,I 0064,3/31/2020 8:02:38 AM,False,7311,Accepted,
26565546,0568000,LOUISVILLE METRO POLICE DEPT,Accepted,JEFFERSON,KY1865,,TAYLOR,BLVD,,,HUNTOON,,,,,38.171556485,-85.781758709,4.467,3/30/2020 12:00:00 AM,2214,2,2,0,0,CLEAR,DRY,False,OTHER INTERSECTION COLLISIONS,REAR END,STRAIGHT & LEVEL,DARK-HWY LIGHTED/ON,,,3/31/2020 8:02:41 AM,False,7507,Accepted,
26567205,0568000,LOUISVILLE METRO POLICE DEPT,Accepted,JEFFERSON,,,WOODBINE,ST,,,FLOYD,,,,,38.229254793,-85.752527488,0.293,3/30/2020 12:00:00 AM,1423,2,2,0,0,CLEAR,DRY,False,SIDESWIPE-SAME DIRECTION,SIDESWIPE-SAME DIRECTION,STRAIGHT & LEVEL,DAYLIGHT,,,3/31/2020 2:00:33 PM,False,7441,Accepted,
26580868,0568000,LOUISVILLE METRO POLICE DEPT,Accepted,JEFFERSON,KY0841,,GENE SNYDER,FWY,,,,KY0841,KY841 RAMP TO  STONESTREET RD,KY0841,KY841 RAMP FROM KY1865,38.112503303,-85.799299954,4.701,3/30/2020 12:00:00 AM,0520,2,2,0,0,CLOUDY,DRY,True,REAR END IN TRAFFIC LANES BOTH VEHICLES MOVING,REAR END,STRAIGHT & LEVEL,DARK-HWY NOT LIGHTED,,,4/6/2020 8:43:21 AM,False,2000,Accepted,
26567192,0568000,LOUISVILLE METRO POLICE DEPT,Accepted,JEFFERSON,,4932,FOREST PARK,DR,,,,,,,,38.163131707,-85.692970639,0.234,3/30/2020 12:00:00 AM,1748,1,1,0,0,CLEAR,DRY,False,COLLISION WITH FIXED OBJECT NON - INTERSECTION - FIRST EVENT COLLISION 09 - 32 EXCLUDING 16,SINGLE VEHICLE,STRAIGHT & LEVEL,DAYLIGHT,,,3/31/2020 2:00:06 PM,False,7830,Accepted,
26629887,0568000,LOUISVILLE METRO POLICE DEPT,Accepted,JEFFERSON,KY0841,,GENE SNYDER,FWY,,,,KY0841,KY841 RAMP TO  STONESTREET RD,KY0841,KY841 RAMP FROM KY1865,38.112503303,-85.799299954,4.701,3/30/2020 12:00:00 AM,0521,2,1,1,0,CLOUDY,DRY,False,1 VEHICLE ENTERING/LEAVING ENTRANCE,ANGLE,STRAIGHT & LEVEL,DARK-HWY NOT LIGHTED,,,4/24/2020 12:18:21 PM,True,2000,Accepted,
26769127,0568000,LOUISVILLE METRO POLICE DEPT,Accepted,JEFFERSON,US0031E,,BUECHEL,BYP,,,BUECHEL BANK,,,,,38.190671351,-85.647704456,10.039,3/30/2020 12:00:00 AM,0246,2,2,0,2,CLEAR,DRY,False,OTHER INTERSECTION COLLISIONS,REAR END,STRAIGHT & LEVEL,DARK-HWY LIGHTED/ON,,,6/4/2020 8:10:45 AM,False,7124,Accepted,
26662773,0568000,LOUISVILLE METRO POLICE DEPT,Accepted,JEFFERSON,KY1065,,OUTER,LOOP,,,ROBBS,,,,,38.137892277,-85.665265856,7.231,3/29/2020 12:00:00 AM,1245,2,2,0,1,CLOUDY,DRY,False,ANGLE COLLISION - ONE VEHICLE TURNING LEFT,ANGLE,STRAIGHT & LEVEL,DAYLIGHT,,,5/5/2020 4:19:00 PM,False,2583,Accepted,
26572271,0568000,LOUISVILLE METRO POLICE DEPT,Accepted,JEFFERSON,US0060A,,EASTERN,PKWY,,,CONCORD,,,,,38.211701056,-85.749172225,4.153,3/29/2020 12:00:00 AM,1500,2,2,0,1,CLEAR,DRY,False,REAR END - ONE VEHICLE TURNING LEFT,REAR END,STRAIGHT & LEVEL,DAYLIGHT,,,4/2/2020 8:03:10 AM,False,7116,Accepted,
26562367,0568000,LOUISVILLE METRO POLICE DEPT,Accepted,JEFFERSON,,,BROADWAY,,W,US0031W,22ND,,,,,38.249028407,-85.788322760,0.013,3/29/2020 12:00:00 AM,1851,2,2,0,1,CLEAR,DRY,False,ANGLE COLLISION - OTHER,ANGLE,STRAIGHT & LEVEL,DAYLIGHT,,,3/30/2020 8:23:01 AM,False,7805,Accepted,
26575189,0568000,LOUISVILLE METRO POLICE DEPT,Accepted,JEFFERSON,US0150,,BROADWAY,,W,,11TH,,,,,38.247296599,-85.769928927,1.748,3/29/2020 12:00:00 AM,1917,2,2,0,1,CLEAR,DRY,False,ANGLE COLLISION - OTHER,ANGLE,STRAIGHT & LEVEL,DAYLIGHT,,,4/3/2020 8:03:31 AM,False,2217,Accepted,
26582009,0568000,LOUISVILLE METRO POLICE DEPT,Accepted,JEFFERSON,KY1020,,SOUTHERN,PKWY,,KY2801,SOUTHERN HEIGHTS,,,,,38.189113834,-85.766740765,8.362,3/29/2020 12:00:00 AM,1930,2,2,0,0,CLEAR,DRY,False,SIDESWIPE-SAME DIRECTION,SIDESWIPE-SAME DIRECTION,STRAIGHT & LEVEL,DAYLIGHT,,,4/6/2020 1:46:19 PM,False,5127,Accepted,
26562363,0568000,LOUISVILLE METRO POLICE DEPT,Accepted,JEFFERSON,,5401,INDIAN OAKS,CIR,,,,,,,,38.170819654,-85.687717120,0.004,3/29/2020 12:00:00 AM,1956,1,1,0,0,CLEAR,DRY,False,COLLISION WITH FIXED OBJECT NON - INTERSECTION - FIRST EVENT COLLISION 09 - 32 EXCLUDING 16,SINGLE VEHICLE,STRAIGHT & LEVEL,DAYLIGHT,,,3/30/2020 8:22:52 AM,False,5286,Accepted,
26562358,0568000,LOUISVILLE METRO POLICE DEPT,Accepted,JEFFERSON,KY0907,7709,3RD ST,RD,,,,,,,,38.115044706,-85.831026383,2.320,3/29/2020 12:00:00 AM,0950,1,1,0,0,CLEAR,DRY,False,COLLISION WITH FIXED OBJECT NON - INTERSECTION - FIRST EVENT COLLISION 09 - 32 EXCLUDING 16,SINGLE VEHICLE,STRAIGHT & LEVEL,DAYLIGHT,,,3/30/2020 8:22:29 AM,False,7427,Accepted,
26562359,0568000,LOUISVILLE METRO POLICE DEPT,Accepted,JEFFERSON,US0150,,BROADWAY,,E,,,,BROOK,,1ST,38.245661143,-85.752611867,2.690,3/29/2020 12:00:00 AM,1151,2,2,0,0,CLOUDY,DRY,False,OTHER ROADWAY OR MID-BLOCK COLLISION,REAR END,STRAIGHT & LEVEL,DAYLIGHT,,,3/30/2020 8:22:33 AM,False,2927,Accepted,
26562356,0568000,LOUISVILLE METRO POLICE DEPT,Accepted,JEFFERSON,,2847,HIKES,LN,,,,,,,,38.208581899,-85.644998930,1.918,3/29/2020 12:00:00 AM,0234,1,1,0,1,CLEAR,WET,True,COLLISION WITH FIXED OBJECT NON - INTERSECTION - FIRST EVENT COLLISION 09 - 32 EXCLUDING 16,SINGLE VEHICLE,CURVE & LEVEL,DARK-HWY LIGHTED/ON,,,3/30/2020 8:22:20 AM,False,5222,Accepted,
26562361,0568000,LOUISVILLE METRO POLICE DEPT,Accepted,JEFFERSON,US0031W,,DIXIE,HWY,,,,,,,,38.089683888,-85.877277873,7.302,3/29/2020 12:00:00 AM,1701,2,2,0,2,CLEAR,DRY,False,1 VEHICLE ENTERING/LEAVING ENTRANCE,ANGLE,STRAIGHT & LEVEL,DAYLIGHT,,,3/30/2020 8:22:40 AM,False,7234,Accepted,
26562362,0568000,LOUISVILLE METRO POLICE DEPT,Accepted,JEFFERSON,KY0155,,TAYLORSVILLE,RD,,,,,,,,38.220063959,-85.628271748,13.460,3/28/2020 12:00:00 AM,1336,2,2,0,1,CLEAR,DRY,True,1 VEHICLE ENTERING/LEAVING ENTRANCE,ANGLE,STRAIGHT & LEVEL,DAYLIGHT,,,3/30/2020 8:22:46 AM,False,5119,Accepted,
26562354,0568000,LOUISVILLE METRO POLICE DEPT,Accepted,JEFFERSON,I 0265,,I265 W,,,,,,,,,38.147213292,-85.544218170,19.480,3/28/2020 12:00:00 AM,2319,1,1,0,1,RAINING,WET,False,OTHER COLLISIONS ON SHOULDER,SINGLE VEHICLE,CURVE & GRADE,DARK-HWY LIGHTED/ON,,,3/30/2020 8:22:10 AM,False,7838,Accepted,
26562355,0568000,LOUISVILLE METRO POLICE DEPT,Accepted,JEFFERSON,,,VIRGINIA,AVE,,,32ND,,,,,38.238632903,-85.806965547,0.583,3/28/2020 12:00:00 AM,2315,2,2,0,2,CLEAR,WET,True,ANGLE COLLISION - OTHER,ANGLE,STRAIGHT & LEVEL,DARK-HWY LIGHTED/ON,,,3/30/2020 8:22:17 AM,False,5140,Accepted,
26562346,0568000,LOUISVILLE METRO POLICE DEPT,Accepted,JEFFERSON,US0060,,SHELBYVILLE,RD,,,LA FONTENAY,,,,,38.245109775,-85.559198341,8.829,3/28/2020 12:00:00 AM,1558,2,2,0,1,CLOUDY,DRY,False,ANGLE COLLISION - ONE VEHICLE TURNING LEFT,ANGLE,STRAIGHT & LEVEL,DAYLIGHT,,,3/30/2020 8:21:43 AM,False,7018,Accepted,
26562347,0568000,LOUISVILLE METRO POLICE DEPT,Accepted,JEFFERSON,,,WATTERSON,TRL,S,,GLASER,,,,,38.144365858,-85.615156101,2.822,3/28/2020 12:00:00 AM,1646,2,2,0,1,CLEAR,DRY,False,ANGLE COLLISION - OTHER,ANGLE,STRAIGHT & LEVEL,DAYLIGHT,,,3/30/2020 8:21:46 AM,False,7812,Accepted,
26562341,0568000,LOUISVILLE METRO POLICE DEPT,Accepted,JEFFERSON,KY1865,,TAYLOR,BLVD,,,LEHIGH,,,,,38.180075668,-85.783443484,5.012,3/28/2020 12:00:00 AM,0224,2,2,0,0,CLEAR,DRY,False,ANGLE COLLISION - OTHER,ANGLE,STRAIGHT & LEVEL,DARK-HWY LIGHTED/ON,,,3/30/2020 8:21:20 AM,False,5237,Accepted,
26562342,0568000,LOUISVILLE METRO POLICE DEPT,Accepted,JEFFERSON,,,COOPER CHAPEL,RD,,,,,,,,38.103572444,-85.672441758,0.004,3/28/2020 12:00:00 AM,0346,1,1,0,0,CLEAR,DRY,False,COLLISION WITH FIXED OBJECT NON - INTERSECTION - FIRST EVENT COLLISION 09 - 32 EXCLUDING 16,SINGLE VEHICLE,STRAIGHT & LEVEL,DARK-HWY NOT LIGHTED,,,3/30/2020 8:21:28 AM,False,5184,Accepted,
26562343,0568000,LOUISVILLE METRO POLICE DEPT,Accepted,JEFFERSON,,1275,FOREST,DR,,,,,,,,38.161080522,-85.690598828,0.499,3/28/2020 12:00:00 AM,0726,1,1,0,0,CLEAR,DRY,False,COLLISION WITH FIXED OBJECT NON - INTERSECTION - FIRST EVENT COLLISION 09 - 32 EXCLUDING 16,SINGLE VEHICLE,STRAIGHT & LEVEL,DAYLIGHT,,,3/30/2020 8:21:35 AM,False,2796,Accepted,
26562350,0568000,LOUISVILLE METRO POLICE DEPT,Accepted,JEFFERSON,,3147,RIVER PARK,DR,,,,,,,,38.254225032,-85.805322686,1.189,3/28/2020 12:00:00 AM,0630,1,1,0,0,CLEAR,DRY,True,COLLISION WITH FIXED OBJECT NON - INTERSECTION - FIRST EVENT COLLISION 09 - 32 EXCLUDING 16,SINGLE VEHICLE,CURVE & HILLCREST,DARK-HWY LIGHTED/ON,,,3/30/2020 8:21:56 AM,False,7469,Accepted,
26562351,0568000,LOUISVILLE METRO POLICE DEPT,Accepted,JEFFERSON,US0031W,,DUMESNIL,ST,,US0031W,22ND,,,,,38.236497075,-85.790225962,18.655,3/28/2020 12:00:00 AM,1739,2,2,0,2,CLEAR,DRY,False,ANGLE COLLISION - OTHER,ANGLE,STRAIGHT & LEVEL,DAYLIGHT,,,3/30/2020 8:21:59 AM,False,5151,Accepted,
26562357,0568000,LOUISVILLE METRO POLICE DEPT,Accepted,JEFFERSON,KY1020,,2ND,ST,S,,BURNETT,,,,,38.226940286,-85.758408881,10.782,3/28/2020 12:00:00 AM,2130,2,2,0,2,CLOUDY,DRY,False,OTHER INTERSECTION COLLISIONS,REAR END,STRAIGHT & LEVEL,DARK-HWY LIGHTED/ON,,,3/30/2020 8:22:26 AM,False,5037,Accepted,
26562360,0568000,LOUISVILLE METRO POLICE DEPT,Accepted,JEFFERSON,US0031W,,DIXIE,HWY,,KY0907,VALLEY STATION,,,,,38.107670687,-85.866798977,8.629,3/28/2020 12:00:00 AM,1435,3,3,0,1,CLEAR,DRY,False,OTHER INTERSECTION COLLISIONS,REAR END,STRAIGHT & LEVEL,DAYLIGHT,,,3/30/2020 8:22:36 AM,False,7336,Accepted,
26562366,0568000,LOUISVILLE METRO POLICE DEPT,Accepted,JEFFERSON,I 0064,,I64 W,,,,,I 0064,I64 W EXIT8 ON RAMP FROM  GRINSTEAD DR,I 0064,I64 TURN AROUND7,38.249419412,-85.707375088,7.400,3/28/2020 12:00:00 AM,0050,1,1,0,0,CLEAR,DRY,False,COLLISION WITH FIXED OBJECT NON - INTERSECTION - FIRST EVENT COLLISION 09 - 32 EXCLUDING 16,SINGLE VEHICLE,STRAIGHT & LEVEL,DARK-HWY LIGHTED/ON,,,3/30/2020 8:22:58 AM,False,2953,Accepted,
26562340,0568000,LOUISVILLE METRO POLICE DEPT,Accepted,JEFFERSON,KY0061,,PRESTON,ST,S,,LIBERTY,,,,,38.251366615,-85.746597999,13.000,3/28/2020 12:00:00 AM,0425,1,1,0,0,CLEAR,DRY,False,COLLISION WITH FIXED OBJECT IN INTERSECTION - FIRST EVENT COLLISION 09 - 32,SINGLE VEHICLE,STRAIGHT & LEVEL,DARK-HWY LIGHTED/ON,,,3/30/2020 8:21:09 AM,False,5008,Accepted,
26562348,0568000,LOUISVILLE METRO POLICE DEPT,Accepted,JEFFERSON,KY1932,3508,BRECKENRIDGE,LN,,,,,,,,38.210306825,-85.627900388,2.126,3/28/2020 12:00:00 AM,1132,2,2,0,1,CLEAR,DRY,False,1 VEHICLE ENTERING/LEAVING ENTRANCE,ANGLE,STRAIGHT & LEVEL,DAYLIGHT,,,3/30/2020 8:21:50 AM,False,7864,Accepted,
26562352,0568000,LOUISVILLE METRO POLICE DEPT,Accepted,JEFFERSON,I 0065,,I65 S,,,,,,,,,38.208218180,-85.752350382,132.621,3/28/2020 12:00:00 AM,1018,2,2,0,1,CLEAR,DRY,False,SIDESWIPE COLLISION - SAME DIRECTION,SIDESWIPE-SAME DIRECTION,CURVE & LEVEL,DAYLIGHT,,,3/30/2020 8:22:03 AM,False,7094,Accepted,
26584149,0568000,LOUISVILLE METRO POLICE DEPT,Accepted,JEFFERSON,I 0065,,,,,,,,,,,38.142978026,-85.709652790,0.766,3/28/2020 12:00:00 AM,2106,1,1,1,0,CLOUDY,DRY,False,COLLISION WITH FIXED OBJECT NOT IN GORE ,SINGLE VEHICLE,STRAIGHT & LEVEL,DARK-HWY LIGHTED/ON,I 0065,KY1631,4/7/2020 8:13:24 AM,False,7628,Accepted,
26598719,0568000,LOUISVILLE METRO POLICE DEPT,Accepted,JEFFERSON,,,BROADWAY,,W,,,,32ND,,HAZEL,38.249821621,-85.805258721,0.929,3/28/2020 12:00:00 AM,0120,2,2,0,0,CLEAR,DRY,False,SIDESWIPE COLLISION - SAME DIRECTION,SIDESWIPE-SAME DIRECTION,STRAIGHT & LEVEL,DARK-HWY LIGHTED/ON,,,4/13/2020 8:08:00 AM,False,7536,Accepted,
26572268,0568000,LOUISVILLE METRO POLICE DEPT,Accepted,JEFFERSON,I 0265,,I265 E,,,,,,,,,38.198993651,-85.507747103,23.836,3/28/2020 12:00:00 AM,1900,2,2,0,0,CLEAR,DRY,False,REAR END IN TRAFFIC LANES BOTH VEHICLES MOVING,REAR END,STRAIGHT & GRADE,DAYLIGHT,,,4/2/2020 8:02:59 AM,True,6532,Accepted,
26572269,0568000,LOUISVILLE METRO POLICE DEPT,Accepted,JEFFERSON,,,OAK,ST,W,,17TH,,,,,38.237041934,-85.782903071,1.502,3/28/2020 12:00:00 AM,1618,2,2,0,0,CLOUDY,DRY,False,SIDESWIPE-SAME DIRECTION,SIDESWIPE-SAME DIRECTION,STRAIGHT & LEVEL,DAYLIGHT,,,4/2/2020 8:03:04 AM,False,7387,Accepted,
26569236,0568000,LOUISVILLE METRO POLICE DEPT,Accepted,JEFFERSON,US0031W,,2ND,ST,S,US0031E,MARKET,,,,,38.254977155,-85.753582233,22.043,3/27/2020 12:00:00 AM,1440,1,1,0,1,CLEAR,DRY,False,COLLISION WITH FIXED OBJECT IN INTERSECTION - FIRST EVENT COLLISION 09 - 32,SINGLE VEHICLE,STRAIGHT & LEVEL,DAYLIGHT,,,4/1/2020 8:01:14 AM,False,7058,Accepted,
26572276,0568000,LOUISVILLE METRO POLICE DEPT,Accepted,JEFFERSON,,,ADAMS,ST,,,CAMPBELL,,,,,38.259960298,-85.736355566,0.746,3/27/2020 12:00:00 AM,1730,2,2,0,0,CLEAR,DRY,False,VEHICLE BACKING IN INTERSECTION,BACKING,STRAIGHT & LEVEL,DAYLIGHT,,,4/2/2020 8:03:28 AM,False,2103,Accepted,
26562344,0568000,LOUISVILLE METRO POLICE DEPT,Accepted,JEFFERSON,KY0907,,3RD ST,RD,,,,,,,,38.115686600,-85.822688536,2.786,3/27/2020 12:00:00 AM,1735,3,3,0,4,CLOUDY,DRY,False,HEAD-ON COLLISION,HEAD ON,STRAIGHT & LEVEL,DAYLIGHT,,,3/30/2020 8:21:39 AM,False,7174,Accepted,
26562335,0568000,LOUISVILLE METRO POLICE DEPT,Accepted,JEFFERSON,KY2860,,GRINSTEAD,DR,,,,,RANSDELL,US0060A,CHEROKEE,38.243247969,-85.705341550,0.975,3/27/2020 12:00:00 AM,1704,1,1,0,1,CLOUDY,DRY,False,COLLISION WITH FIXED OBJECT NON - INTERSECTION - FIRST EVENT COLLISION 09 - 32 EXCLUDING 16,SINGLE VEHICLE,CURVE & GRADE,DAYLIGHT,,,3/30/2020 8:20:27 AM,False,2228,Accepted,