IncidentID,AgencyORI,AgencyName,IncidentStatusDesc,County,RdwyNumber,Street,RoadwayName,StreetSfx,StreetDir,IntersectionRdwy,IntersectionRdwyName,BetweenStRdwy1,BetweenStRdwyName1,BetweenStRdwy2,BetweenStRdwyName2,Latitude,Longitude,Milepoint,CollisionDate,CollisionTime,UnitsInvolved,MotorVehiclesInvolved,NumberKilled,NumberInjured,Weather,RdwyConditionCode,HitandRun,DirAnalysisCode,MannerofCollision,RdwyCharacter,LightCondition,RampFromRdwyId,RampToRdwyId,AcceptedDate,IsSecondaryCollision,OwnerBadge,IncidentStatus,
26562332,0568000,LOUISVILLE METRO POLICE DEPT,Accepted,JEFFERSON,I 0264,,I264 W,,,,,,,,,38.190523846,-85.727577581,12.200,3/27/2020 12:00:00 AM,0613,1,1,0,1,CLOUDY,DRY,False,OTHER ROADWAY OR MID-BLOCK COLLISION,SINGLE VEHICLE,STRAIGHT & LEVEL,DARK-HWY LIGHTED/ON,,,3/30/2020 8:20:17 AM,False,4656,Accepted,
26562333,0568000,LOUISVILLE METRO POLICE DEPT,Accepted,JEFFERSON,,,WINE CELLAR,CT,,,,,,,,38.120306399,-85.836186214,0.062,3/27/2020 12:00:00 AM,1405,2,2,0,0,CLEAR,DRY,False,1 VEHICLE PARKED POSITION (NOT PARKING LOT/DRIVEWAY),ANGLE,STRAIGHT & LEVEL,DAYLIGHT,,,3/30/2020 8:20:20 AM,False,7174,Accepted,
26562334,0568000,LOUISVILLE METRO POLICE DEPT,Accepted,JEFFERSON,,,CAMPBELL,ST,S,,LIBERTY,,,,,38.250235513,-85.736493683,0.293,3/27/2020 12:00:00 AM,1144,2,2,0,2,CLEAR,DRY,False,ANGLE COLLISION - OTHER,ANGLE,STRAIGHT & LEVEL,DAYLIGHT,,,3/30/2020 8:20:23 AM,False,2764,Accepted,
26555976,0568000,LOUISVILLE METRO POLICE DEPT,Accepted,JEFFERSON,KY1727,,TERRY,RD,,,,,WOOD,,RIVERS END,38.149564569,-85.870132337,1.944,3/26/2020 12:00:00 AM,2111,2,2,0,1,CLEAR,DRY,True,HEAD-ON COLLISION,HEAD ON,STRAIGHT & LEVEL,DARK-HWY NOT LIGHTED,,,3/27/2020 8:04:30 AM,False,7980,Accepted,
26555984,0568000,LOUISVILLE METRO POLICE DEPT,Accepted,JEFFERSON,KY1932,,BRECKENRIDGE,LN,,,LANDSIDE,,,,,38.200409268,-85.623550077,1.339,3/26/2020 12:00:00 AM,0259,2,2,0,0,CLEAR,DRY,False,ANGLE COLLISION - OTHER,ANGLE,STRAIGHT & LEVEL,DARK-HWY LIGHTED/ON,,,3/27/2020 8:04:56 AM,False,5117,Accepted,
26554336,0561000,JEFFERSONTOWN POLICE DEPT,Accepted,JEFFERSON,KY1819,,BILLTOWN,RD,,,FAIRGROUND,,,,,38.173164788,-85.572966938,7.666,3/26/2020 12:00:00 AM,1240,3,3,0,0,CLEAR,DRY,False,OTHER INTERSECTION COLLISIONS,REAR END,STRAIGHT & LEVEL,DAYLIGHT,,,3/26/2020 3:07:14 PM,False,8291,Accepted,
26554595,0560400,SHIVELY POLICE DEPARTMENT,Accepted,JEFFERSON,I 0264,,I264 E,,,,,I 0264,I264 E EXIT5 ON RAMP FROM KY1934,I 0264,I264 E EXIT8B OFF RAMP TO US31W S,38.186437594,-85.826966847,6.693,3/26/2020 12:00:00 AM,0911,2,2,0,0,CLEAR,DRY,True,1 VEHICLE PARKED POSITION (NOT PARKING LOT/DRIVEWAY),SIDESWIPE-SAME DIRECTION,CURVE & LEVEL,DAYLIGHT,,,3/26/2020 4:47:27 PM,False,7067,Accepted,
26555974,0568000,LOUISVILLE METRO POLICE DEPT,Accepted,JEFFERSON,US0060A,700BLK,EASTERN,PKWY,,,,,ELLSWORTH,KY0061,PRESTON,38.213671249,-85.745223559,4.416,3/26/2020 12:00:00 AM,1716,1,1,0,0,CLEAR,DRY,False,COLLISION WITH FIXED OBJECT NON - INTERSECTION - FIRST EVENT COLLISION 09 - 32 EXCLUDING 16,SINGLE VEHICLE,STRAIGHT & LEVEL,DAYLIGHT,,,3/27/2020 8:04:22 AM,False,7391,Accepted,
26555964,0568000,LOUISVILLE METRO POLICE DEPT,Accepted,JEFFERSON,US0150,,BROADWAY,,W,US0031W,DR W J HODGE,,,,,38.249219172,-85.786575347,0.821,3/26/2020 12:00:00 AM,1700,2,2,0,1,CLEAR,DRY,False,ANGLE COLLISION - OTHER,ANGLE,STRAIGHT & LEVEL,DAYLIGHT,,,3/27/2020 8:04:03 AM,False,7988,Accepted,
26555965,0568000,LOUISVILLE METRO POLICE DEPT,Accepted,JEFFERSON,US0031W,,22ND,ST,S,,BURNETT,,,,,38.230629949,-85.792123832,18.287,3/26/2020 12:00:00 AM,0845,2,2,0,0,CLEAR,DRY,False,OTHER INTERSECTION COLLISIONS,REAR END,STRAIGHT & HILLCREST,DAYLIGHT,,,3/27/2020 8:04:07 AM,False,5160,Accepted,
26555967,0568000,LOUISVILLE METRO POLICE DEPT,Accepted,JEFFERSON,US0060A,,EASTERN,PKWY,,,SHERRY,,,,,38.211848497,-85.748120496,4.211,3/26/2020 12:00:00 AM,1451,2,2,0,0,CLEAR,DRY,False,ANGLE COLLISION - OTHER,ANGLE,STRAIGHT & LEVEL,DAYLIGHT,,,3/27/2020 8:04:16 AM,False,7322,Accepted,
26555979,0568000,LOUISVILLE METRO POLICE DEPT,Accepted,JEFFERSON,KY0061,,PRESTON,HWY,,,GILMORE,,,,,38.174646542,-85.712801530,6.877,3/26/2020 12:00:00 AM,2310,2,2,0,1,CLEAR,DRY,False,OTHER INTERSECTION COLLISIONS,REAR END,STRAIGHT & LEVEL,DARK-HWY LIGHTED/ON,,,3/27/2020 8:04:41 AM,False,5189,Accepted,
26562328,0568000,LOUISVILLE METRO POLICE DEPT,Accepted,JEFFERSON,,,STONESTREET,RD,,KY0907,3RD ST,,,,,38.113003428,-85.836991307,1.210,3/26/2020 12:00:00 AM,1330,2,2,0,0,CLEAR,DRY,False,OTHER INTERSECTION COLLISIONS,REAR END,STRAIGHT & LEVEL,DAYLIGHT,,,3/30/2020 8:20:02 AM,False,7274,Accepted,
26555962,0568000,LOUISVILLE METRO POLICE DEPT,Accepted,JEFFERSON,,,GREENWOOD,AVE,,,40TH,,,,,38.243989248,-85.818439114,1.810,3/26/2020 12:00:00 AM,1129,2,2,0,1,CLEAR,DRY,False,ANGLE COLLISION - OTHER,ANGLE,STRAIGHT & LEVEL,DAYLIGHT,,,3/27/2020 8:03:54 AM,False,7460,Accepted,
26563284,0561500,UNIV. OF LOUISVILLE POLICE,Accepted,JEFFERSON,KY0061,,JACKSON,ST,S,,CHESTNUT,,,,,38.247495216,-85.745186603,12.452,3/26/2020 12:00:00 AM,0617,2,2,0,0,CLEAR,DRY,False,ANGLE COLLISION - OTHER,ANGLE,STRAIGHT & LEVEL,DARK-HWY LIGHTED/ON,,,3/30/2020 11:41:27 AM,False,5618,Accepted,
26629190,0568000,LOUISVILLE METRO POLICE DEPT,Accepted,JEFFERSON,,1462,CHEROKEE,RD,,,,,,,,38.237093679,-85.705389665,1.343,3/26/2020 12:00:00 AM,0409,2,2,0,0,CLEAR,DRY,False,1 VEHICLE PARKED POSITION (NOT PARKING LOT/DRIVEWAY),ANGLE,STRAIGHT & HILLCREST,DARK-HWY NOT LIGHTED,,,4/24/2020 8:22:02 AM,False,7770,Accepted,
26669798,0568000,LOUISVILLE METRO POLICE DEPT,Accepted,JEFFERSON,KY1065,,OUTER,LOOP,,,MINOR,,,,,38.136251534,-85.697110370,5.469,3/25/2020 12:00:00 AM,1815,2,2,0,1,CLEAR,DRY,False,ANGLE COLLISION - OTHER,ANGLE,STRAIGHT & LEVEL,DAYLIGHT,,,5/7/2020 1:02:41 PM,False,7269,Accepted,
26552870,0568000,LOUISVILLE METRO POLICE DEPT,Accepted,JEFFERSON,,,BURNETT,AVE,W,US0031W,22ND,,,,,38.230629347,-85.792134983,0.855,3/25/2020 12:00:00 AM,1228,2,2,0,0,CLEAR,DRY,False,OTHER INTERSECTION COLLISIONS,REAR END,STRAIGHT & LEVEL,DAYLIGHT,,,3/26/2020 8:01:56 AM,False,7070,Accepted,
26552871,0568000,LOUISVILLE METRO POLICE DEPT,Accepted,JEFFERSON,KY0155,,TAYLORSVILLE,RD,,,,,,,,38.219818688,-85.622515606,13.143,3/25/2020 12:00:00 AM,1746,2,2,0,1,CLEAR,DRY,False,1 VEHICLE ENTERING/LEAVING ENTRANCE,ANGLE,STRAIGHT & LEVEL,DAYLIGHT,,,3/26/2020 8:01:59 AM,False,5159,Accepted,
26565537,0568000,LOUISVILLE METRO POLICE DEPT,Accepted,JEFFERSON,,,BLUEGRASS,AVE,,KY1865,TAYLOR,,,,,38.179600446,-85.783261451,0.853,3/25/2020 12:00:00 AM,1630,3,3,0,1,CLEAR,DRY,False,OPPOSITE DIRECTION - BOTH VEHICLES GOING STRAIGHT AHEAD,SIDESWIPE-OPPOSITE DIRECTION,STRAIGHT & LEVEL,DAYLIGHT,,,3/31/2020 8:02:08 AM,False,7301,Accepted,
26562336,0568000,LOUISVILLE METRO POLICE DEPT,Accepted,JEFFERSON,,6612,OLD NEW CUT,RD,,,,,,,,38.117910755,-85.778707745,0.205,3/25/2020 12:00:00 AM,0433,1,1,0,0,OTHER,WET,True,COLLISION WITH FIXED OBJECT NON - INTERSECTION - FIRST EVENT COLLISION 09 - 32 EXCLUDING 16,SINGLE VEHICLE,CURVE & GRADE,DARK (UNKNOWN ROADWAY LIGHTING),,,3/30/2020 8:20:31 AM,False,5266,Accepted,
26552869,0568000,LOUISVILLE METRO POLICE DEPT,Accepted,JEFFERSON,KY1932,4006,BRECKENRIDGE,LN,,,,,,,,38.189240611,-85.625853047,0.554,3/25/2020 12:00:00 AM,1630,1,1,0,0,CLEAR,DRY,False,COLLISION WITH FIXED OBJECT NON - INTERSECTION - FIRST EVENT COLLISION 09 - 32 EXCLUDING 16,SINGLE VEHICLE,STRAIGHT & HILLCREST,DAYLIGHT,,,3/26/2020 8:01:52 AM,False,7354,Accepted,
26549751,0568000,LOUISVILLE METRO POLICE DEPT,Accepted,JEFFERSON,,,INDUSTRY,RD,,,,,5TH,,4TH,38.214668679,-85.765406067,0.730,3/25/2020 12:00:00 AM,0649,2,2,0,0,CLOUDY,DRY,False,1 VEHICLE ENTERING/LEAVING ENTRANCE,ANGLE,CURVE & LEVEL,DARK-HWY LIGHTED/ON,,,3/25/2020 9:16:12 AM,False,7426,Accepted,
26549747,0568000,LOUISVILLE METRO POLICE DEPT,Accepted,JEFFERSON,,,SHIPP,AVE,W,,LEE,,,,,38.223763195,-85.765629551,0.264,3/25/2020 12:00:00 AM,0413,1,1,0,0,CLEAR,DRY,False,COLLISION WITH FIXED OBJECT IN INTERSECTION - FIRST EVENT COLLISION 09 - 32,SINGLE VEHICLE,CURVE & LEVEL,DARK-HWY LIGHTED/ON,,,3/25/2020 9:16:03 AM,False,7423,Accepted,
26552872,0568000,LOUISVILLE METRO POLICE DEPT,Accepted,JEFFERSON,,7100B,KROMER,DR,,,,,,,,38.187329722,-85.625464053,0.031,3/25/2020 12:00:00 AM,1440,1,1,0,0,CLEAR,DRY,False,COLLISION WITH FIXED OBJECT NON - INTERSECTION - FIRST EVENT COLLISION 09 - 32 EXCLUDING 16,SINGLE VEHICLE,CURVE & LEVEL,DAYLIGHT,,,3/26/2020 8:02:02 AM,False,7739,Accepted,
26552866,0568000,LOUISVILLE METRO POLICE DEPT,Accepted,JEFFERSON,,,CHESTNUT,ST,W,,26TH,,,,,38.253144000,-85.794609904,0.341,3/25/2020 12:00:00 AM,1330,2,2,0,1,CLEAR,DRY,False,SIDESWIPE-SAME DIRECTION,SIDESWIPE-SAME DIRECTION,STRAIGHT & LEVEL,DAYLIGHT,,,3/26/2020 8:01:38 AM,False,7988,Accepted,
26552883,0568000,LOUISVILLE METRO POLICE DEPT,Accepted,JEFFERSON,US0031W,6630,DIXIE,HWY,,,,,,,,38.155169002,-85.834921075,12.381,3/25/2020 12:00:00 AM,1326,2,2,0,1,CLEAR,DRY,False,SIDESWIPE COLLISION - SAME DIRECTION,SIDESWIPE-SAME DIRECTION,STRAIGHT & LEVEL,DAYLIGHT,,,3/26/2020 8:02:37 AM,False,7205,Accepted,
26552873,0568000,LOUISVILLE METRO POLICE DEPT,Accepted,JEFFERSON,KY1931,,ST ANDREWS CHURCH,RD,,,BLANTON,,,,,38.151886137,-85.819405563,4.414,3/25/2020 12:00:00 AM,1406,2,2,0,0,CLEAR,DRY,True,SIDESWIPE-SAME DIRECTION,SIDESWIPE-SAME DIRECTION,STRAIGHT & LEVEL,DAYLIGHT,,,3/26/2020 8:02:08 AM,False,7483,Accepted,
26546168,0568000,LOUISVILLE METRO POLICE DEPT,Accepted,JEFFERSON,KY0061,,PRESTON,HWY,,KY1065,OUTER,,,,,38.138324575,-85.686610084,3.950,3/24/2020 12:00:00 AM,0012,2,2,0,0,CLEAR,DRY,False,ANGLE COLLISION - ONE VEHICLE TURNING LEFT,ANGLE,STRAIGHT & LEVEL,DARK-HWY LIGHTED/ON,,,3/24/2020 8:46:40 AM,False,5270,Accepted,
26549719,0568000,LOUISVILLE METRO POLICE DEPT,Accepted,JEFFERSON,,,MONTANA,AVE,,,,,,,,38.207241242,-85.777146791,0.715,3/24/2020 12:00:00 AM,1521,1,1,0,1,CLOUDY,DRY,False,COLLISION WITH FIXED OBJECT NON - INTERSECTION - FIRST EVENT COLLISION 09 - 32 EXCLUDING 16,SINGLE VEHICLE,CURVE & LEVEL,DAYLIGHT,,,3/25/2020 9:15:01 AM,False,7977,Accepted,
26549720,0568000,LOUISVILLE METRO POLICE DEPT,Accepted,JEFFERSON,,,CYPRESS,ST,,KY2054,ALGONQUIN,,,,,38.223880733,-85.800213799,0.977,3/24/2020 12:00:00 AM,1719,1,1,0,2,RAINING,WET,False,COLLISION WITH FIXED OBJECT IN INTERSECTION - FIRST EVENT COLLISION 09 - 32,SINGLE VEHICLE,STRAIGHT & LEVEL,DAYLIGHT,,,3/25/2020 9:15:05 AM,False,7184,Accepted,
26549714,0568000,LOUISVILLE METRO POLICE DEPT,Accepted,JEFFERSON,,4530,BELLEVUE,AVE,,,,,,,,38.186924418,-85.773288537,0.798,3/24/2020 12:00:00 AM,1253,1,1,0,0,CLOUDY,DRY,False,COLLISION IN PARKING LOT,SINGLE VEHICLE,STRAIGHT & LEVEL,DAYLIGHT,,,3/25/2020 9:14:49 AM,False,7705,Accepted,
26549716,0568000,LOUISVILLE METRO POLICE DEPT,Accepted,JEFFERSON,,,FLOYD,ST,S,US0150,BROADWAY,,,,,38.245487238,-85.749710377,0.715,3/24/2020 12:00:00 AM,1636,2,2,0,1,RAINING,WET,False,ANGLE COLLISION - OTHER,ANGLE,STRAIGHT & LEVEL,DAYLIGHT,,,3/25/2020 9:14:53 AM,False,7239,Accepted,
26549724,0568000,LOUISVILLE METRO POLICE DEPT,Accepted,JEFFERSON,,,MILES,LN,,,SHEPHERDSVILLE,,,,,38.125041703,-85.665853265,0.732,3/24/2020 12:00:00 AM,2030,2,2,0,1,RAINING,WATER (STANDING OR MOVING),False,ANGLE COLLISION - OTHER,ANGLE,STRAIGHT & LEVEL,DARK-HWY NOT LIGHTED,,,3/25/2020 9:15:28 AM,False,5115,Accepted,
26552867,0568000,LOUISVILLE METRO POLICE DEPT,Accepted,JEFFERSON,KY0061,,PRESTON,HWY,,I 0265,I265 W EXIT12 OFF RAMP TO KY61 S,,,,,38.111735423,-85.675336283,1.991,3/24/2020 12:00:00 AM,1525,3,3,0,3,CLEAR,DRY,False,OTHER INTERSECTION COLLISIONS,REAR END,STRAIGHT & LEVEL,DAYLIGHT,,,3/26/2020 8:01:41 AM,False,7669,Accepted,
26549709,0568000,LOUISVILLE METRO POLICE DEPT,Accepted,JEFFERSON,,,NIGHTINGALE,RD,,,,,,,,38.207384482,-85.717900397,0.275,3/24/2020 12:00:00 AM,0814,2,2,0,0,CLEAR,DRY,False,1 VEHICLE PARKED POSITION (NOT PARKING LOT/DRIVEWAY),ANGLE,STRAIGHT & LEVEL,DAYLIGHT,,,3/25/2020 9:14:30 AM,False,4693,Accepted,
26549731,0568000,LOUISVILLE METRO POLICE DEPT,Accepted,JEFFERSON,,1828,HILL,ST,W,,,,,,,38.228456630,-85.791158623,1.879,3/24/2020 12:00:00 AM,2052,2,2,0,1,RAINING,WET,False,1 VEHICLE PARKED POSITION (NOT PARKING LOT/DRIVEWAY),HEAD ON,STRAIGHT & LEVEL,DARK-HWY LIGHTED/ON,,,3/25/2020 9:15:55 AM,False,7349,Accepted,
26549732,0568000,LOUISVILLE METRO POLICE DEPT,Accepted,JEFFERSON,I 0064,,I64 W,,,,,,,,,38.236794463,-85.659817272,10.218,3/24/2020 12:00:00 AM,2350,2,2,0,0,RAINING,WET,False,REAR END IN TRAFFIC LANES BOTH VEHICLES MOVING,REAR END,STRAIGHT & LEVEL,DARK-HWY LIGHTED/ON,,,3/25/2020 9:15:59 AM,False,7544,Accepted,
26549729,0568000,LOUISVILLE METRO POLICE DEPT,Accepted,JEFFERSON,,,28TH,ST,S,,,,,,,38.244965775,-85.799091395,1.119,3/24/2020 12:00:00 AM,2045,2,2,0,1,RAINING,WET,False,1 VEHICLE ENTERING/LEAVING ENTRANCE,ANGLE,STRAIGHT & LEVEL,DARK-HWY LIGHTED/ON,,,3/25/2020 9:15:48 AM,False,5216,Accepted,
26549712,0568000,LOUISVILLE METRO POLICE DEPT,Accepted,JEFFERSON,KY0061,,PRESTON,HWY,,,,,,,,38.172600777,-85.710598304,6.686,3/24/2020 12:00:00 AM,0930,1,1,0,1,CLOUDY,DRY,False,COLLISION WITH FIXED OBJECT NON - INTERSECTION - FIRST EVENT COLLISION 09 - 32 EXCLUDING 16,SINGLE VEHICLE,STRAIGHT & LEVEL,DAYLIGHT,,,3/25/2020 9:14:41 AM,False,4693,Accepted,
26562337,0568000,LOUISVILLE METRO POLICE DEPT,Accepted,JEFFERSON,KY1865,4045,TAYLOR,BLVD,,,,,,,,38.183689527,-85.783868361,5.326,3/24/2020 12:00:00 AM,2255,2,2,0,1,RAINING,WET,True,SIDESWIPE COLLISION - OPPOSITE DIRECTION,SIDESWIPE-OPPOSITE DIRECTION,STRAIGHT & LEVEL,DARK-HWY LIGHTED/ON,,,3/30/2020 8:20:40 AM,False,5237,Accepted,
26562330,0568000,LOUISVILLE METRO POLICE DEPT,Accepted,JEFFERSON,US0060,,FRANKFORT,AVE,,,HILLCREST,,,,,38.254587896,-85.684277235,1.979,3/24/2020 12:00:00 AM,1809,2,2,0,0,RAINING,WET,False,OTHER INTERSECTION COLLISIONS,REAR END,STRAIGHT & LEVEL,DAYLIGHT,,,3/30/2020 8:20:09 AM,False,7632,Accepted,
26562331,0568000,LOUISVILLE METRO POLICE DEPT,Accepted,JEFFERSON,US0042,,BROWNSBORO,RD,,,HUBBARDS,,,,,38.270522723,-85.652822285,4.671,3/24/2020 12:00:00 AM,1606,2,2,0,2,RAINING,WET,False,OTHER INTERSECTION COLLISIONS,REAR END,STRAIGHT & HILLCREST,DAYLIGHT,,,3/30/2020 8:20:13 AM,True,7632,Accepted,
26546170,0568000,LOUISVILLE METRO POLICE DEPT,Accepted,JEFFERSON,,548,GILLIGAN,ST,,,28TH,,,,,38.269651745,-85.794044557,0.509,3/24/2020 12:00:00 AM,0744,1,1,0,0,CLEAR,DRY,True,COLLISION WITH FIXED OBJECT IN INTERSECTION - FIRST EVENT COLLISION 09 - 32,SINGLE VEHICLE,STRAIGHT & LEVEL,DAYLIGHT,,,3/24/2020 8:46:47 AM,False,7220,Accepted,
26549713,0568000,LOUISVILLE METRO POLICE DEPT,Accepted,JEFFERSON,US0150,,BROADWAY,,W,,8TH,,,,,38.246723555,-85.765005896,2.015,3/24/2020 12:00:00 AM,1359,2,2,0,0,CLOUDY,DRY,False,OTHER INTERSECTION COLLISIONS,REAR END,STRAIGHT & LEVEL,DAYLIGHT,,,3/25/2020 9:14:45 AM,False,7937,Accepted,
26549721,0568000,LOUISVILLE METRO POLICE DEPT,Accepted,JEFFERSON,US0060A,,BERRY,BLVD,,,WHEELER,,,,,38.196477712,-85.788205212,1.177,3/24/2020 12:00:00 AM,1439,2,2,0,0,CLOUDY,DRY,False,ANGLE COLLISION - OTHER,ANGLE,STRAIGHT & LEVEL,DAYLIGHT,,,3/25/2020 9:15:13 AM,False,7402,Accepted,
26549723,0568000,LOUISVILLE METRO POLICE DEPT,Accepted,JEFFERSON,,,MADISON,ST,W,,16TH,,,,,38.252269809,-85.777577190,0.268,3/24/2020 12:00:00 AM,2103,2,2,0,1,RAINING,WET,False,ANGLE COLLISION - OTHER,ANGLE,STRAIGHT & LEVEL,DARK-HWY LIGHTED/ON,,,3/25/2020 9:15:23 AM,False,5047,Accepted,
26587341,0568000,LOUISVILLE METRO POLICE DEPT,Accepted,JEFFERSON,KY0061,,PRESTON,HWY,,,INDIAN,,,,,38.168759671,-85.706575379,6.339,3/24/2020 12:00:00 AM,2139,2,1,1,0,RAINING,WET,False,COLLISION WITH PEDESTRIAN IN INTERSECTION,SINGLE VEHICLE,STRAIGHT & LEVEL,DARK-HWY LIGHTED/ON,,,4/8/2020 8:23:33 AM,False,2142,Accepted,
26546139,0568000,LOUISVILLE METRO POLICE DEPT,Accepted,JEFFERSON,KY0155,,TAYLORSVILLE,RD,,I 0265,I265 E EXIT23 ON RAMP FROM KY155,,,,,38.189116618,-85.508035599,5.979,3/23/2020 12:00:00 AM,0858,2,2,0,0,CLEAR,WET,False,OTHER INTERSECTION COLLISIONS,REAR END,STRAIGHT & LEVEL,DAYLIGHT,,,3/24/2020 8:45:27 AM,False,2321,Accepted,
26543464,0568000,LOUISVILLE METRO POLICE DEPT,Accepted,JEFFERSON,KY1934,,CANE RUN,RD,,,ROCKFORD,,,,,38.183965393,-85.855375426,7.736,3/23/2020 12:00:00 AM,0641,2,2,0,0,CLOUDY,WET,False,OTHER INTERSECTION COLLISIONS,REAR END,STRAIGHT & LEVEL,DARK-HWY LIGHTED/ON,,,3/23/2020 11:37:55 AM,False,5262,Accepted,
26546141,0568000,LOUISVILLE METRO POLICE DEPT,Accepted,JEFFERSON,,,WEWOKA,AVE,,,38TH,,,,,38.270721214,-85.810821933,0.002,3/23/2020 12:00:00 AM,1001,2,2,0,0,CLEAR,DRY,False,COLLISION WITH PARKED VEHICLE,SIDESWIPE-SAME DIRECTION,STRAIGHT & LEVEL,DAYLIGHT,,,3/24/2020 8:45:40 AM,False,5113,Accepted,
26546151,0568000,LOUISVILLE METRO POLICE DEPT,Accepted,JEFFERSON,,,1ST,ST,S,I 0065,I65 S EXIT136 ON RAMP FROM  S 1ST ST,,,,,38.250566205,-85.752568427,0.379,3/23/2020 12:00:00 AM,1134,2,2,0,0,CLOUDY,DRY,False,ANGLE COLLISION - OTHER,ANGLE,STRAIGHT & LEVEL,DAYLIGHT,,,3/24/2020 8:46:04 AM,False,7239,Accepted,
26555966,0568000,LOUISVILLE METRO POLICE DEPT,Accepted,JEFFERSON,KY1447,,WESTPORT,RD,,,,,DOVE CREEK,,HERMITAGE,38.280665005,-85.591582295,4.058,3/23/2020 12:00:00 AM,0134,1,1,0,1,CLEAR,DRY,False,COLLISION WITH FIXED OBJECT NON - INTERSECTION - FIRST EVENT COLLISION 09 - 32 EXCLUDING 16,SINGLE VEHICLE,STRAIGHT & LEVEL,DARK-HWY LIGHTED/ON,,,3/27/2020 8:04:11 AM,False,2217,Accepted,
26546146,0568000,LOUISVILLE METRO POLICE DEPT,Accepted,JEFFERSON,,,34TH,ST,N,,JEWELL,,,,,38.267610463,-85.806081843,0.351,3/23/2020 12:00:00 AM,1738,2,2,0,1,CLEAR,DRY,False,OPPOSITE DIRECTION - BOTH VEHICLES GOING STRAIGHT AHEAD,SIDESWIPE-OPPOSITE DIRECTION,STRAIGHT & LEVEL,DAYLIGHT,,,3/24/2020 8:46:00 AM,False,7345,Accepted,
26549710,0568000,LOUISVILLE METRO POLICE DEPT,Accepted,JEFFERSON,I 0065,,I65 S,,,I 0065,I65 S EXIT131A RAMP TO I264 E,,,,,38.195483196,-85.733240080,131.146,3/23/2020 12:00:00 AM,1627,1,1,0,0,CLEAR,DRY,False,COLLISION WITH FIXED OBJECT IN INTERSECTION - FIRST EVENT COLLISION 09 - 32,SINGLE VEHICLE,STRAIGHT & LEVEL,DAYLIGHT,,,3/25/2020 9:14:34 AM,False,7094,Accepted,
26549711,0568000,LOUISVILLE METRO POLICE DEPT,Accepted,JEFFERSON,,,JEANINE,DR,,,NORENE,,,,,38.166907382,-85.687782950,0.641,3/23/2020 12:00:00 AM,1820,2,2,0,1,CLEAR,DRY,False,ANGLE COLLISION - OTHER,ANGLE,STRAIGHT & LEVEL,DAYLIGHT,,,3/25/2020 9:14:37 AM,False,5036,Accepted,
26546143,0568000,LOUISVILLE METRO POLICE DEPT,Accepted,JEFFERSON,KY0864,,POPLAR LEVEL,RD,,,FREY,,,,,38.160764343,-85.676599825,8.346,3/23/2020 12:00:00 AM,1120,2,2,0,2,CLEAR,DRY,False,OTHER INTERSECTION COLLISIONS,REAR END,CURVE & LEVEL,DAYLIGHT,,,3/24/2020 8:45:51 AM,False,5036,Accepted,
26546144,0568000,LOUISVILLE METRO POLICE DEPT,Accepted,JEFFERSON,,,BROOK,ST,S,,,,LIBERTY,,JEFFERSON,38.252372581,-85.750616807,3.338,3/23/2020 12:00:00 AM,1031,2,2,0,0,CLEAR,DRY,False,1 VEHICLE ENTERING/LEAVING ENTRANCE,ANGLE,STRAIGHT & LEVEL,DAYLIGHT,,,3/24/2020 8:45:56 AM,False,7266,Accepted,
26543459,0568000,LOUISVILLE METRO POLICE DEPT,Accepted,JEFFERSON,,,32ND,ST,S,,MUHAMMAD ALI,,,,,38.256370637,-85.804942983,1.968,3/23/2020 12:00:00 AM,0012,2,2,0,1,CLOUDY,WET,True,ANGLE COLLISION - OTHER,ANGLE,STRAIGHT & LEVEL,DARK-HWY LIGHTED/ON,,,3/23/2020 11:37:31 AM,False,5021,Accepted,
26562326,0568000,LOUISVILLE METRO POLICE DEPT,Accepted,JEFFERSON,I 0071,,I71 N,,,,,,,,,38.289376094,-85.648457597,4.961,3/23/2020 12:00:00 AM,1845,1,1,0,0,CLEAR,DRY,False,COLLISION WITH FIXED OBJECT NON - INTERSECTION - FIRST EVENT COLLISION 09 - 32 EXCLUDING 16,SINGLE VEHICLE,CURVE & LEVEL,DAYLIGHT,,,3/30/2020 8:19:56 AM,False,7615,Accepted,