IncidentID,AgencyORI,AgencyName,IncidentStatusDesc,County,RdwyNumber,Street,RoadwayName,StreetSfx,StreetDir,IntersectionRdwy,IntersectionRdwyName,BetweenStRdwy1,BetweenStRdwyName1,BetweenStRdwy2,BetweenStRdwyName2,Latitude,Longitude,Milepoint,CollisionDate,CollisionTime,UnitsInvolved,MotorVehiclesInvolved,NumberKilled,NumberInjured,Weather,RdwyConditionCode,HitandRun,DirAnalysisCode,MannerofCollision,RdwyCharacter,LightCondition,RampFromRdwyId,RampToRdwyId,AcceptedDate,IsSecondaryCollision,OwnerBadge,IncidentStatus,
26718352,0568000,LOUISVILLE METRO POLICE DEPT,Accepted,JEFFERSON,KY0061,,JACKSON,ST,S,,CAMP,,,,,38.231731059,-85.747917843,11.356,3/23/2020 12:00:00 AM,0543,2,2,0,2,CLEAR,DRY,False,ANGLE COLLISION - OTHER,ANGLE,STRAIGHT & LEVEL,DARK-HWY NOT LIGHTED,,,5/21/2020 8:53:19 AM,False,7450,Accepted,
26543451,0568000,LOUISVILLE METRO POLICE DEPT,Accepted,JEFFERSON,,11433,SEATONVILLE,RD,,,,,,,,38.138304426,-85.547961117,1.945,3/22/2020 12:00:00 AM,1804,2,2,0,3,CLOUDY,DRY,False,HEAD-ON COLLISION,HEAD ON,CURVE & GRADE,DAYLIGHT,,,3/23/2020 11:36:52 AM,False,7698,Accepted,
26543443,0568000,LOUISVILLE METRO POLICE DEPT,Accepted,JEFFERSON,KY0061,,ARTHUR,ST,,,,,LEE,,GAULBERT,38.223041323,-85.751349408,11.303,3/22/2020 12:00:00 AM,0344,1,1,0,1,CLEAR,DRY,False,COLLISION WITH FIXED OBJECT NON - INTERSECTION - FIRST EVENT COLLISION 09 - 32 EXCLUDING 16,SINGLE VEHICLE,STRAIGHT & LEVEL,DUSK,,,3/23/2020 11:36:20 AM,False,7400,Accepted,
26543442,0568000,LOUISVILLE METRO POLICE DEPT,Accepted,JEFFERSON,US0031W,13504,DIXIE,HWY,,,,,,,,38.059505762,-85.888002382,5.082,3/22/2020 12:00:00 AM,0241,2,2,0,1,CLEAR,DRY,False,SIDESWIPE COLLISION - SAME DIRECTION,SIDESWIPE-SAME DIRECTION,STRAIGHT & LEVEL,DARK-HWY LIGHTED/ON,,,3/23/2020 11:36:16 AM,False,5279,Accepted,
26543453,0568000,LOUISVILLE METRO POLICE DEPT,Accepted,JEFFERSON,US0031E,11512,BARDSTOWN,RD,,,,,,,,38.081794780,-85.555003542,0.508,3/22/2020 12:00:00 AM,1830,1,1,0,1,CLOUDY,DRY,False,COLLISION WITH FIXED OBJECT NON - INTERSECTION - FIRST EVENT COLLISION 09 - 32 EXCLUDING 16,SINGLE VEHICLE,CURVE & LEVEL,DAYLIGHT,,,3/23/2020 11:36:56 AM,False,7486,Accepted,
26543462,0568000,LOUISVILLE METRO POLICE DEPT,Accepted,JEFFERSON,,4700B,1ST,ST,S,,,,,,,38.180358567,-85.763060020,3.921,3/22/2020 12:00:00 AM,2235,3,3,0,0,OTHER,WET,False,1 VEHICLE PARKED POSITION (NOT PARKING LOT/DRIVEWAY),ANGLE,STRAIGHT & LEVEL,DARK-HWY LIGHTED/ON,,,3/23/2020 11:37:45 AM,False,7010,Accepted,
26553522,0568000,LOUISVILLE METRO POLICE DEPT,Accepted,JEFFERSON,,,ROBINWOOD,RD,,,ROSETTE,,,,,38.170769926,-85.667939092,0.340,3/22/2020 12:00:00 AM,1351,2,2,0,0,CLEAR,DRY,False,ANGLE COLLISION - OTHER,ANGLE,STRAIGHT & LEVEL,DAYLIGHT,,,3/26/2020 10:58:22 AM,False,7283,Accepted,
26549753,0568000,LOUISVILLE METRO POLICE DEPT,Accepted,JEFFERSON,,,DENISE,DR,,,ADKINS,,,,,38.123418255,-85.663928345,0.515,3/22/2020 12:00:00 AM,1820,2,2,0,1,CLEAR,DRY,True,ANGLE COLLISION - OTHER,ANGLE,STRAIGHT & LEVEL,DAYLIGHT,,,3/25/2020 9:16:21 AM,False,6933,Accepted,
26543449,0568000,LOUISVILLE METRO POLICE DEPT,Accepted,JEFFERSON,,,7TH,ST,S,,DUMESNIL,,,,,38.234397420,-85.765418343,1.182,3/22/2020 12:00:00 AM,0938,1,1,0,0,CLEAR,DRY,True,COLLISION WITH FIXED OBJECT IN INTERSECTION - FIRST EVENT COLLISION 09 - 32,SINGLE VEHICLE,STRAIGHT & LEVEL,DAYLIGHT,,,3/23/2020 11:36:46 AM,False,7441,Accepted,
26543447,0568000,LOUISVILLE METRO POLICE DEPT,Accepted,JEFFERSON,US0150T,,MARKET,ST,W,US0150,DR W J HODGE,,,,,38.258343868,-85.784912583,0.088,3/22/2020 12:00:00 AM,0834,2,2,0,2,CLEAR,DRY,False,ANGLE COLLISION - OTHER,ANGLE,STRAIGHT & LEVEL,DAYLIGHT,,,3/23/2020 11:36:39 AM,False,7405,Accepted,
26543448,0568000,LOUISVILLE METRO POLICE DEPT,Accepted,JEFFERSON,KY1934,,CANE RUN,RD,,KY2051,LEES,,,,,38.183788549,-85.855244480,7.724,3/22/2020 12:00:00 AM,1313,2,2,0,0,CLEAR,DRY,False,OTHER INTERSECTION COLLISIONS,REAR END,STRAIGHT & LEVEL,DAYLIGHT,,,3/23/2020 11:36:42 AM,False,7483,Accepted,
26543456,0568000,LOUISVILLE METRO POLICE DEPT,Accepted,JEFFERSON,,,JEANETTE,AVE,,,BUCHARD,,,,,38.174453567,-85.702847129,0.019,3/22/2020 12:00:00 AM,0248,1,1,0,0,CLOUDY,WET,False,COLLISION WITH FIXED OBJECT IN INTERSECTION - FIRST EVENT COLLISION 09 - 32,SINGLE VEHICLE,STRAIGHT & LEVEL,DARK-HWY LIGHTED/OFF,,,3/23/2020 11:37:08 AM,False,2081,Accepted,
26543457,0568000,LOUISVILLE METRO POLICE DEPT,Accepted,JEFFERSON,US0060,,SHELBYVILLE,RD,,,FOREST PLACE,,,,,38.239704958,-85.491506251,12.707,3/22/2020 12:00:00 AM,2210,2,2,0,0,CLOUDY,DRY,False,OPPOSING LEFT TURN,OPPOSING LEFT TURN,STRAIGHT & LEVEL,DARK-HWY NOT LIGHTED,,,3/23/2020 11:37:15 AM,False,6931,Accepted,
26543450,0568000,LOUISVILLE METRO POLICE DEPT,Accepted,JEFFERSON,,963,7TH,ST,S,,,,,,,38.240206247,-85.764438067,1.587,3/22/2020 12:00:00 AM,1339,1,1,0,0,CLOUDY,DRY,True,COLLISION WITH FIXED OBJECT NON - INTERSECTION - FIRST EVENT COLLISION 09 - 32 EXCLUDING 16,SINGLE VEHICLE,STRAIGHT & LEVEL,DAYLIGHT,,,3/23/2020 11:36:49 AM,False,7441,Accepted,
26543458,0568000,LOUISVILLE METRO POLICE DEPT,Accepted,JEFFERSON,I 0264,,I264 E,,,I 0264,I264 E EXIT16 OFF RAMP TO US31E,,,,,38.208189714,-85.675937287,15.344,3/22/2020 12:00:00 AM,2215,1,1,0,0,CLOUDY,WET,False,COLLISION WITH FIXED OBJECT IN INTERSECTION - FIRST EVENT COLLISION 09 - 32,SINGLE VEHICLE,STRAIGHT & HILLCREST,DARK-HWY LIGHTED/ON,,,3/23/2020 11:37:23 AM,False,7916,Accepted,
26543441,0568000,LOUISVILLE METRO POLICE DEPT,Accepted,JEFFERSON,KY0864,,POPLAR LEVEL,RD,,,THRUSTON,,,,,38.217665296,-85.726668471,13.219,3/21/2020 12:00:00 AM,2352,2,2,0,1,CLEAR,DRY,False,OTHER INTERSECTION COLLISIONS,REAR END,STRAIGHT & LEVEL,DARK-HWY LIGHTED/ON,,,3/23/2020 11:36:12 AM,False,5149,Accepted,
26543455,0568000,LOUISVILLE METRO POLICE DEPT,Accepted,JEFFERSON,KY1747,,FERN VALLEY,RD,,KY0061,PRESTON,,,,,38.156861597,-85.696943945,1.926,3/21/2020 12:00:00 AM,2134,2,2,0,0,CLEAR,DRY,False,HEAD-ON COLLISION,HEAD ON,STRAIGHT & LEVEL,DARK-HWY LIGHTED/ON,,,3/23/2020 11:37:02 AM,False,5040,Accepted,
26543438,0568000,LOUISVILLE METRO POLICE DEPT,Accepted,JEFFERSON,KY1065,,OUTER,LOOP,,,LAUREL RIDGE,,,,,38.137862933,-85.673813850,6.765,3/21/2020 12:00:00 AM,1649,2,2,0,1,CLOUDY,DRY,False,OTHER INTERSECTION COLLISIONS,REAR END,STRAIGHT & LEVEL,DAYLIGHT,,,3/23/2020 11:35:59 AM,False,7269,Accepted,
26555978,0568000,LOUISVILLE METRO POLICE DEPT,Accepted,JEFFERSON,,,PHILLIPS,LN,,KY0061,PRESTON,,,,,38.197681100,-85.731670293,1.273,3/21/2020 12:00:00 AM,2347,2,2,0,0,CLEAR,DRY,False,OPPOSING LEFT TURN,OPPOSING LEFT TURN,STRAIGHT & LEVEL,DARK-HWY LIGHTED/ON,,,3/27/2020 8:04:37 AM,False,7972,Accepted,
26543445,0568000,LOUISVILLE METRO POLICE DEPT,Accepted,JEFFERSON,KY0864,,POPLAR LEVEL,RD,,,NAOMI,,,,,38.165331674,-85.680255919,8.719,3/21/2020 12:00:00 AM,1749,2,2,0,1,CLEAR,DRY,True,ANGLE COLLISION - OTHER,ANGLE,STRAIGHT & LEVEL,DAYLIGHT,,,3/23/2020 11:36:30 AM,False,7830,Accepted,
26543436,0568000,LOUISVILLE METRO POLICE DEPT,Accepted,JEFFERSON,,306,36TH,ST,N,,,,,,,38.265627859,-85.809105038,0.224,3/21/2020 12:00:00 AM,0515,1,1,0,0,CLEAR,DRY,False,COLLISION WITH FIXED OBJECT NON - INTERSECTION - FIRST EVENT COLLISION 09 - 32 EXCLUDING 16,SINGLE VEHICLE,CURVE & LEVEL,DARK-HWY LIGHTED/ON,,,3/23/2020 11:35:51 AM,False,5164,Accepted,
26543444,0568000,LOUISVILLE METRO POLICE DEPT,Accepted,JEFFERSON,KY0146,,LA GRANGE,RD,,,FACTORY,,,,,38.289426736,-85.512246634,7.555,3/21/2020 12:00:00 AM,2339,2,2,0,1,CLEAR,DRY,False,ANGLE COLLISION - ONE VEHICLE TURNING LEFT,ANGLE,STRAIGHT & LEVEL,DARK-HWY NOT LIGHTED,,,3/23/2020 11:36:24 AM,False,5128,Accepted,
26673074,0568000,LOUISVILLE METRO POLICE DEPT,Accepted,JEFFERSON,KY1447,,WESTPORT,RD,,,,,,,,38.280632840,-85.590861704,4.097,3/21/2020 12:00:00 AM,0033,1,1,0,2,CLEAR,DRY,False,OTHER ROADWAY OR MID-BLOCK COLLISION,SINGLE VEHICLE,CURVE & LEVEL,DARK-HWY LIGHTED/ON,,,5/8/2020 1:15:57 PM,False,5030,Accepted,
26605283,0568000,LOUISVILLE METRO POLICE DEPT,Accepted,JEFFERSON,,,PARK,RD,S,,,,WOODPOINTE,,WALTER,38.116800279,-85.693827608,0.935,3/20/2020 12:00:00 AM,1930,1,1,0,0,CLEAR,DRY,True,RAN OFF ROADWAY (1 VEHICLE WITH/EARTH EMBANKMENT/DITCH),SINGLE VEHICLE,STRAIGHT & LEVEL,DAYLIGHT,,,4/15/2020 8:15:40 AM,False,7735,Accepted,
26543461,0568000,LOUISVILLE METRO POLICE DEPT,Accepted,JEFFERSON,KY1747,,FERN VALLEY,RD,,,JEFFERSON,,,,,38.156917314,-85.671504057,3.334,3/20/2020 12:00:00 AM,1310,3,3,0,1,CLOUDY,DRY,False,ANGLE COLLISION - ONE VEHICLE TURNING LEFT,ANGLE,STRAIGHT & LEVEL,DAYLIGHT,,,3/23/2020 11:37:42 AM,False,4693,Accepted,
26543428,0568000,LOUISVILLE METRO POLICE DEPT,Accepted,JEFFERSON,I 0065,,,,,,,,,,,38.138394708,-85.706974339,0.415,3/20/2020 12:00:00 AM,1740,1,1,0,0,CLEAR,DRY,False,COLLISION WITH FIXED OBJECT NOT IN GORE ,SINGLE VEHICLE,CURVE & GRADE,DAYLIGHT,KY1065,I 0065,3/23/2020 11:35:20 AM,False,7269,Accepted,
26543437,0568000,LOUISVILLE METRO POLICE DEPT,Accepted,JEFFERSON,,,GARLAND,AVE,,,,,,,,38.244431072,-85.792563130,1.361,3/20/2020 12:00:00 AM,1924,2,2,0,0,CLEAR,DRY,False,1 VEHICLE PARKED POSITION (NOT PARKING LOT/DRIVEWAY),REAR END,STRAIGHT & LEVEL,DAYLIGHT,,,3/23/2020 11:35:56 AM,False,5114,Accepted,
26536757,0568000,LOUISVILLE METRO POLICE DEPT,Accepted,JEFFERSON,,268,SAUNDERS,AVE,,,,,,,,38.249454555,-85.703853129,0.180,3/20/2020 12:00:00 AM,0920,2,2,0,0,CLEAR,WET,False,1 VEHICLE PARKED POSITION (NOT PARKING LOT/DRIVEWAY),SIDESWIPE-OPPOSITE DIRECTION,STRAIGHT & LEVEL,DAYLIGHT,,,3/20/2020 10:25:09 AM,False,7023,Accepted,
26543426,0568000,LOUISVILLE METRO POLICE DEPT,Accepted,JEFFERSON,,,HILL,ST,E,,,,,,,38.225295596,-85.755347814,0.456,3/20/2020 12:00:00 AM,1350,1,1,0,0,CLEAR,DRY,False,COLLISION WITH FIXED OBJECT NON - INTERSECTION - FIRST EVENT COLLISION 09 - 32 EXCLUDING 16,SINGLE VEHICLE,STRAIGHT & LEVEL,DAYLIGHT,,,3/23/2020 11:35:10 AM,False,5258,Accepted,
26552864,0568000,LOUISVILLE METRO POLICE DEPT,Accepted,JEFFERSON,US0060,,SHELBYVILLE,RD,,,LOCUST CREEK,,,,,38.235405869,-85.425469071,16.471,3/20/2020 12:00:00 AM,0845,2,2,0,0,CLOUDY,DRY,False,OTHER INTERSECTION COLLISIONS,REAR END,STRAIGHT & LEVEL,DAYLIGHT,,,3/26/2020 8:01:29 AM,False,6953,Accepted,
26552865,0568000,LOUISVILLE METRO POLICE DEPT,Accepted,JEFFERSON,,,VIRGINIA,AVE,,,36TH,,,,,38.239289405,-85.813573033,0.949,3/20/2020 12:00:00 AM,1950,2,2,0,0,CLOUDY,DRY,False,ANGLE COLLISION - OTHER,ANGLE,STRAIGHT & GRADE,DARK-HWY LIGHTED/ON,,,3/26/2020 8:01:33 AM,False,7439,Accepted,
26546163,0568000,LOUISVILLE METRO POLICE DEPT,Accepted,JEFFERSON,KY3084,,OLD HENRY,RD,,,,,TERRA CROSSING,,HIGH WICKHAM,38.272648931,-85.493783512,1.588,3/20/2020 12:00:00 AM,1230,1,1,0,0,CLEAR,DRY,False,COLLISION WITH ANIMAL NON INTERSECTION,SINGLE VEHICLE,CURVE & LEVEL,DAYLIGHT,,,3/24/2020 8:46:19 AM,False,2506,Accepted,
26549722,0568000,LOUISVILLE METRO POLICE DEPT,Accepted,JEFFERSON,,,26TH,ST,S,,PLYMOUTH,,,,,38.252331426,-85.794576525,0.582,3/20/2020 12:00:00 AM,0027,2,2,0,0,CLEAR,DRY,True,ANGLE COLLISION - OTHER,ANGLE,STRAIGHT & LEVEL,DARK-HWY LIGHTED/ON,,,3/25/2020 9:15:19 AM,False,7417,Accepted,
26543454,0568000,LOUISVILLE METRO POLICE DEPT,Accepted,JEFFERSON,KY0841,,GENE SNYDER,FWY,,,,,,,,38.088701461,-85.856231685,1.099,3/20/2020 12:00:00 AM,0710,1,1,0,0,CLEAR,DRY,False,OTHER COLLISIONS ON SHOULDER,SINGLE VEHICLE,STRAIGHT & LEVEL,DAYLIGHT,,,3/23/2020 11:36:59 AM,False,2905,Accepted,
26546169,0568000,LOUISVILLE METRO POLICE DEPT,Accepted,JEFFERSON,US0031W,,DIXIE,HWY,,,SPEEDWAY,,,,,38.117612178,-85.858787172,9.449,3/20/2020 12:00:00 AM,1540,2,2,0,2,CLEAR,DRY,False,ANGLE COLLISION - OTHER,ANGLE,STRAIGHT & LEVEL,DAYLIGHT,,,3/24/2020 8:46:44 AM,False,7205,Accepted,
26543439,0568000,LOUISVILLE METRO POLICE DEPT,Accepted,JEFFERSON,KY1020,,3RD,ST,S,,LEE,,,,,38.223204568,-85.760712949,10.508,3/20/2020 12:00:00 AM,1142,3,3,0,2,CLEAR,DRY,True,ANGLE COLLISION - OTHER,ANGLE,STRAIGHT & LEVEL,DAYLIGHT,,,3/23/2020 11:36:04 AM,False,7322,Accepted,
26543422,0568000,LOUISVILLE METRO POLICE DEPT,Accepted,JEFFERSON,KY3084,,OLD HENRY,RD,,,,,TERRA CROSSING,I 0265,I265 N EXIT29 ON RAMP FROM KY3084,38.271953631,-85.496218131,1.447,3/20/2020 12:00:00 AM,1005,3,3,0,0,CLEAR,DRY,False,REAR END IN TRAFFIC LANES BOTH VEHICLES MOVING,REAR END,STRAIGHT & LEVEL,DAYLIGHT,,,3/23/2020 11:35:01 AM,False,7337,Accepted,
26543430,0568000,LOUISVILLE METRO POLICE DEPT,Accepted,JEFFERSON,,,KENTUCKY,ST,E,,FLOYD,,,,,38.237985268,-85.750989610,0.201,3/20/2020 12:00:00 AM,1115,1,1,0,1,CLEAR,DRY,False,NON-COLLISION OBJECT COLLISION,SINGLE VEHICLE,STRAIGHT & LEVEL,DAYLIGHT,,,3/23/2020 11:35:30 AM,False,7418,Accepted,
26543431,0568000,LOUISVILLE METRO POLICE DEPT,Accepted,JEFFERSON,KY0907,8900,3RD ST,RD,,,,,,,,38.116604986,-85.815407560,3.114,3/20/2020 12:00:00 AM,0841,1,1,0,0,RAINING,WET,False,OTHER ROADWAY OR MID-BLOCK COLLISION,SINGLE VEHICLE,CURVE & HILLCREST,DAYLIGHT,,,3/23/2020 11:35:33 AM,False,7483,Accepted,
26536753,0568000,LOUISVILLE METRO POLICE DEPT,Accepted,JEFFERSON,,,BUECHEL BANK,RD,,,PROGRESS,,,,,38.178182883,-85.653635650,1.255,3/20/2020 12:00:00 AM,0210,2,2,0,0,CLEAR,DRY,False,HEAD-ON COLLISION,HEAD ON,STRAIGHT & LEVEL,DARK-HWY LIGHTED/ON,,,3/20/2020 10:24:54 AM,False,5178,Accepted,
26538935,0370200,KY STATE POLICE CVE,Accepted,JEFFERSON,US0031E,,BARDSTOWN,RD,,,,,,,,38.134505913,-85.579802737,4.400,3/20/2020 12:00:00 AM,1230,2,2,0,0,CLOUDY,DRY,False,OTHER ROADWAY OR MID-BLOCK COLLISION,REAR END,STRAIGHT & LEVEL,DAYLIGHT,,,3/21/2020 9:35:36 AM,False,C-340,Accepted,
26543432,0568000,LOUISVILLE METRO POLICE DEPT,Accepted,JEFFERSON,KY1142,,PALATKA,RD,,,,,DOGWOOD,,VENETIAN,38.154092186,-85.796463618,0.317,3/20/2020 12:00:00 AM,1825,2,2,0,9,CLOUDY,DRY,False,1 VEHICLE ENTERING/LEAVING ENTRANCE,ANGLE,CURVE & GRADE,DAYLIGHT,,,3/23/2020 11:35:37 AM,False,7139,Accepted,
26543440,0568000,LOUISVILLE METRO POLICE DEPT,Accepted,JEFFERSON,KY1865,,NEW CUT,RD,,,,,,,,38.146910350,-85.775603803,2.744,3/20/2020 12:00:00 AM,1352,2,2,0,1,CLEAR,DRY,False,1 VEHICLE ENTERING/LEAVING ENTRANCE,ANGLE,STRAIGHT & LEVEL,DAYLIGHT,,,3/23/2020 11:36:08 AM,False,7234,Accepted,
26536732,0568000,LOUISVILLE METRO POLICE DEPT,Accepted,JEFFERSON,,,FLOYD,ST,S,,,,BOXLEY,,DENNY CRUM OVERPASS,38.203412925,-85.757072593,3.607,3/19/2020 12:00:00 AM,1508,1,1,0,0,RAINING,WATER (STANDING OR MOVING),False,COLLISION WITH FIXED OBJECT NON - INTERSECTION - FIRST EVENT COLLISION 09 - 32 EXCLUDING 16,SINGLE VEHICLE,STRAIGHT & LEVEL,DAYLIGHT,,,3/20/2020 10:23:35 AM,False,2499,Accepted,
26536740,0568000,LOUISVILLE METRO POLICE DEPT,Accepted,JEFFERSON,,,3RD,ST,S,,KENWOOD,,,,,38.178809956,-85.766727710,1.510,3/19/2020 12:00:00 AM,0739,2,2,0,1,CLOUDY,WET,False,ANGLE COLLISION - OTHER,ANGLE,STRAIGHT & LEVEL,DAWN,,,3/20/2020 10:24:00 AM,False,7207,Accepted,
26536739,0568000,LOUISVILLE METRO POLICE DEPT,Accepted,JEFFERSON,I 0064,,,,,,,,,,,38.260071629,-85.739980925,0.851,3/19/2020 12:00:00 AM,1758,1,1,0,1,RAINING,WET,False,OTHER RAMP RELATED COLLISIONS NOT LISTED ABOVE,SINGLE VEHICLE,CURVE & HILLCREST,DAYLIGHT,I 0064,I 0065,3/20/2020 10:23:56 AM,False,7058,Accepted,
26536745,0568000,LOUISVILLE METRO POLICE DEPT,Accepted,JEFFERSON,,,WOODLAND,AVE,,,WILSON,,,,,38.233833075,-85.797393870,0.411,3/19/2020 12:00:00 AM,1650,2,2,0,2,RAINING,WET,False,ANGLE COLLISION - OTHER,ANGLE,STRAIGHT & LEVEL,DAYLIGHT,,,3/20/2020 10:24:24 AM,False,7387,Accepted,
26536746,0568000,LOUISVILLE METRO POLICE DEPT,Accepted,JEFFERSON,KY0841,,GENE SNYDER,FWY,,,,,,,,38.119156530,-85.784000106,5.666,3/19/2020 12:00:00 AM,1237,2,2,0,0,RAINING,WET,False,VEHICLE BACKING NON INTERSECTION,BACKING,STRAIGHT & LEVEL,DAYLIGHT,,,3/20/2020 10:24:30 AM,False,7373,Accepted,
26536747,0568000,LOUISVILLE METRO POLICE DEPT,Accepted,JEFFERSON,,,7TH,ST,S,,,,,,,38.223671298,-85.771943553,0.386,3/19/2020 12:00:00 AM,1255,1,1,0,0,RAINING,WET,False,COLLISION WITH FIXED OBJECT NON - INTERSECTION - FIRST EVENT COLLISION 09 - 32 EXCLUDING 16,SINGLE VEHICLE,STRAIGHT & HILLCREST,DAYLIGHT,,,3/20/2020 10:24:36 AM,False,7360,Accepted,
26536736,0568000,LOUISVILLE METRO POLICE DEPT,Accepted,JEFFERSON,US0031W,,,,,,,,,,,38.093351937,-85.881196439,0.359,3/19/2020 12:00:00 AM,1300,1,1,0,0,RAINING,WET,False,OTHER RAMP RELATED COLLISIONS NOT LISTED ABOVE,SINGLE VEHICLE,CURVE & GRADE,DAYLIGHT,US31W,KY1934,3/20/2020 10:23:46 AM,False,7336,Accepted,
26536738,0568000,LOUISVILLE METRO POLICE DEPT,Accepted,JEFFERSON,KY0061,,PRESTON,HWY,,,,,,,,38.169223867,-85.707073735,6.381,3/19/2020 12:00:00 AM,1633,1,1,0,0,RAINING,WET,False,COLLISION WITH FIXED OBJECT NON - INTERSECTION - FIRST EVENT COLLISION 09 - 32 EXCLUDING 16,SINGLE VEHICLE,STRAIGHT & LEVEL,DAYLIGHT,,,3/20/2020 10:23:53 AM,False,7750,Accepted,
26536742,0568000,LOUISVILLE METRO POLICE DEPT,Accepted,JEFFERSON,,,4TH,ST,S,,ST CATHERINE,,,,,38.237424176,-85.759902695,1.337,3/19/2020 12:00:00 AM,1335,2,2,0,1,RAINING,WET,False,ANGLE COLLISION - OTHER,ANGLE,STRAIGHT & LEVEL,DAYLIGHT,,,3/20/2020 10:24:13 AM,False,7495,Accepted,
26543427,0568000,LOUISVILLE METRO POLICE DEPT,Accepted,JEFFERSON,I 0071,,I71 S,,,,,,,,,38.279988545,-85.689343901,2.375,3/19/2020 12:00:00 AM,1252,2,2,0,0,RAINING,WET,False,REAR END IN TRAFFIC LANES BOTH VEHICLES MOVING,REAR END,STRAIGHT & LEVEL,DAYLIGHT,,,3/23/2020 11:35:13 AM,False,8278,Accepted,
26543435,0568000,LOUISVILLE METRO POLICE DEPT,Accepted,JEFFERSON,KY1450,9909,BLUE LICK,RD,,,,,,,,38.103242022,-85.693411775,1.241,3/19/2020 12:00:00 AM,1946,1,1,0,0,CLEAR,WET,False,COLLISION WITH FIXED OBJECT NON - INTERSECTION - FIRST EVENT COLLISION 09 - 32 EXCLUDING 16,SINGLE VEHICLE,CURVE & LEVEL,DAYLIGHT,,,3/23/2020 11:35:48 AM,False,5184,Accepted,
26536750,0568000,LOUISVILLE METRO POLICE DEPT,Accepted,JEFFERSON,US0031E,,BARDSTOWN,RD,,,ALLEY,,,,,38.228081780,-85.700462896,14.081,3/19/2020 12:00:00 AM,2340,2,2,0,0,CLOUDY,WET,False,ANGLE COLLISION - ONE VEHICLE TURNING LEFT,ANGLE,STRAIGHT & GRADE,DARK-HWY LIGHTED/ON,,,3/20/2020 10:24:47 AM,False,7376,Accepted,
26533074,0568000,LOUISVILLE METRO POLICE DEPT,Accepted,JEFFERSON,,8615,HUDSON,LN,,,,,,,,38.170466982,-85.598211154,0.387,3/19/2020 12:00:00 AM,0154,1,1,0,1,CLOUDY,WET,False,COLLISION WITH FIXED OBJECT NON - INTERSECTION - FIRST EVENT COLLISION 09 - 32 EXCLUDING 16,SINGLE VEHICLE,CURVE & GRADE,DARK-HWY NOT LIGHTED,,,3/19/2020 8:25:46 AM,False,7828,Accepted,
26536735,0568000,LOUISVILLE METRO POLICE DEPT,Accepted,JEFFERSON,KY1727,,TERRY,RD,,,VENANGO,,,,,38.145702453,-85.871804661,1.661,3/19/2020 12:00:00 AM,1712,2,2,0,1,CLEAR,WET,False,ANGLE COLLISION - OTHER,ANGLE,STRAIGHT & LEVEL,DAYLIGHT,,,3/20/2020 10:23:42 AM,False,7177,Accepted,
26536744,0568000,LOUISVILLE METRO POLICE DEPT,Accepted,JEFFERSON,,,SMYRNA,PKWY,,,APEX,,,,,38.134495856,-85.642207104,0.235,3/19/2020 12:00:00 AM,1835,1,1,0,3,CLOUDY,WET,False,COLLISION WITH FIXED OBJECT IN INTERSECTION - FIRST EVENT COLLISION 09 - 32,SINGLE VEHICLE,STRAIGHT & LEVEL,DAYLIGHT,,,3/20/2020 10:24:18 AM,False,6937,Accepted,
26536752,0568000,LOUISVILLE METRO POLICE DEPT,Accepted,JEFFERSON,KY3217,,37TH,ST,N,KY3082,BANK,,,,,38.272148161,-85.807925589,0.152,3/19/2020 12:00:00 AM,0830,1,1,0,1,RAINING,WET,False,COLLISION WITH FIXED OBJECT IN INTERSECTION - FIRST EVENT COLLISION 09 - 32,SINGLE VEHICLE,STRAIGHT & LEVEL,DUSK,,,3/20/2020 10:24:51 AM,False,7416,Accepted,
26543467,0568000,LOUISVILLE METRO POLICE DEPT,Accepted,JEFFERSON,KY2052,,SHEPHERDSVILLE,RD,,,BUECHEL BANK,,,,,38.178760754,-85.659316793,2.771,3/19/2020 12:00:00 AM,1608,2,2,0,2,CLOUDY,WET,False,ANGLE COLLISION - ONE VEHICLE TURNING RIGHT,ANGLE,STRAIGHT & LEVEL,DAYLIGHT,,,3/23/2020 11:38:07 AM,False,7303,Accepted,