IncidentID,AgencyORI,AgencyName,IncidentStatusDesc,County,RdwyNumber,Street,RoadwayName,StreetSfx,StreetDir,IntersectionRdwy,IntersectionRdwyName,BetweenStRdwy1,BetweenStRdwyName1,BetweenStRdwy2,BetweenStRdwyName2,Latitude,Longitude,Milepoint,CollisionDate,CollisionTime,UnitsInvolved,MotorVehiclesInvolved,NumberKilled,NumberInjured,Weather,RdwyConditionCode,HitandRun,DirAnalysisCode,MannerofCollision,RdwyCharacter,LightCondition,RampFromRdwyId,RampToRdwyId,AcceptedDate,IsSecondaryCollision,OwnerBadge,IncidentStatus,
26549726,0568000,LOUISVILLE METRO POLICE DEPT,Accepted,JEFFERSON,,7705,ROCHELLE,RD,,,,,,,,38.135002159,-85.635051790,0.134,3/19/2020 12:00:00 AM,2345,1,1,0,0,CLOUDY,WET,False,COLLISION WITH FIXED OBJECT NON - INTERSECTION - FIRST EVENT COLLISION 09 - 32 EXCLUDING 16,SINGLE VEHICLE,STRAIGHT & GRADE,DARK-HWY NOT LIGHTED,,,3/25/2020 9:15:37 AM,False,5141,Accepted,
27479420,0568000,LOUISVILLE METRO POLICE DEPT,Accepted,JEFFERSON,,,6TH,ST,S,US0150,BROADWAY,,,,,38.246319967,-85.761722205,0.742,3/19/2020 12:00:00 AM,2326,2,1,0,1,CLEAR,DRY,False,COLLISION WITH PEDESTRIAN IN INTERSECTION,SINGLE VEHICLE,STRAIGHT & LEVEL,DAYLIGHT,,,11/20/2020 8:09:31 AM,False,5187,Accepted,
26533073,0568000,LOUISVILLE METRO POLICE DEPT,Accepted,JEFFERSON,,635,ST CATHERINE,ST,E,,,,,,,38.235001508,-85.743499000,0.633,3/18/2020 12:00:00 AM,2023,2,2,0,0,RAINING,WET,False,1 VEHICLE ENTERING/LEAVING ENTRANCE,ANGLE,STRAIGHT & LEVEL,DARK-HWY LIGHTED/ON,,,3/19/2020 8:25:40 AM,False,5037,Accepted,
26533223,0561500,UNIV. OF LOUISVILLE POLICE,Accepted,JEFFERSON,,1900,4TH,ST,S,,BRANDEIS,,,,,38.219232753,-85.763098270,2.604,3/18/2020 12:00:00 AM,2036,2,2,0,0,RAINING,WET,True,SIDESWIPE-SAME DIRECTION,SIDESWIPE-SAME DIRECTION,STRAIGHT & LEVEL,DARK-HWY LIGHTED/ON,,,3/19/2020 9:18:39 AM,False,5698,Accepted,
26549725,0568000,LOUISVILLE METRO POLICE DEPT,Accepted,JEFFERSON,,,WATTERSON,TRL,S,KY1747,HURSTBOURNE,,,,,38.162776282,-85.612958706,1.482,3/18/2020 12:00:00 AM,2145,2,2,0,0,RAINING,WET,False,OTHER INTERSECTION COLLISIONS,REAR END,STRAIGHT & LEVEL,DARK-HWY NOT LIGHTED,,,3/25/2020 9:15:33 AM,False,5141,Accepted,
26533056,0568000,LOUISVILLE METRO POLICE DEPT,Accepted,JEFFERSON,,,DEERING,RD,,,SENNRIDGE,,,,,38.102616132,-85.861093179,0.213,3/18/2020 12:00:00 AM,1741,2,2,0,0,RAINING,WET,False,ANGLE COLLISION - OTHER,ANGLE,STRAIGHT & LEVEL,DAYLIGHT,,,3/19/2020 8:24:55 AM,False,7174,Accepted,
26533059,0568000,LOUISVILLE METRO POLICE DEPT,Accepted,JEFFERSON,,,SCHILLER,AVE,,,ST CATHERINE,,,,,38.234274416,-85.731409059,0.385,3/18/2020 12:00:00 AM,0940,2,2,0,0,CLOUDY,WET,False,ANGLE COLLISION - OTHER,ANGLE,STRAIGHT & GRADE,DAYLIGHT,,,3/19/2020 8:24:59 AM,False,7334,Accepted,
26533065,0568000,LOUISVILLE METRO POLICE DEPT,Accepted,JEFFERSON,KY1230,12212,LOWER RIVER,RD,,,,,,,,38.075362582,-85.902643306,0.969,3/18/2020 12:00:00 AM,1843,1,1,0,1,RAINING,WET,False,COLLISION WITH FIXED OBJECT NON - INTERSECTION - FIRST EVENT COLLISION 09 - 32 EXCLUDING 16,SINGLE VEHICLE,STRAIGHT & LEVEL,DAYLIGHT,,,3/19/2020 8:25:19 AM,False,7277,Accepted,
26562338,0568000,LOUISVILLE METRO POLICE DEPT,Accepted,JEFFERSON,I 0065,,I65 N,,,I 0065,I65 N EXIT133A OFF RAMP TO  EASTERN PKWY,,,,,38.210557682,-85.752979144,132.793,3/18/2020 12:00:00 AM,1943,1,1,0,1,RAINING,WET,False,OTHER INTERSECTION COLLISIONS,SINGLE VEHICLE,CURVE & LEVEL,DARK-HWY LIGHTED/ON,,,3/30/2020 8:20:49 AM,False,5139,Accepted,
26562339,0568000,LOUISVILLE METRO POLICE DEPT,Accepted,JEFFERSON,US0150,,BROADWAY,,W,,20TH,,,,,38.249169539,-85.785548478,0.873,3/18/2020 12:00:00 AM,2134,2,2,0,1,CLEAR,WET,False,ANGLE COLLISION - OTHER,ANGLE,STRAIGHT & LEVEL,DARK-HWY LIGHTED/ON,,,3/30/2020 8:20:55 AM,False,5008,Accepted,
26562327,0568000,LOUISVILLE METRO POLICE DEPT,Accepted,JEFFERSON,,,GAULBERT,AVE,W,,CYPRESS,,,,,38.229237493,-85.798899374,1.122,3/18/2020 12:00:00 AM,1631,1,1,0,0,RAINING,WET,False,COLLISION WITH FIXED OBJECT IN INTERSECTION - FIRST EVENT COLLISION 09 - 32,SINGLE VEHICLE,STRAIGHT & LEVEL,DAYLIGHT,,,3/30/2020 8:19:59 AM,False,5002,Accepted,
26536737,0568000,LOUISVILLE METRO POLICE DEPT,Accepted,JEFFERSON,,,1ST,ST,S,,BURNETT,,,,,38.226773635,-85.756711306,2.041,3/18/2020 12:00:00 AM,2305,2,2,0,0,CLOUDY,WET,False,ANGLE COLLISION - OTHER,ANGLE,STRAIGHT & LEVEL,DARK-HWY LIGHTED/ON,,,3/20/2020 10:23:49 AM,False,5186,Accepted,
26533061,0568000,LOUISVILLE METRO POLICE DEPT,Accepted,JEFFERSON,,,5TH,ST,S,,,,MONTANA,US0060A,WINKLER,38.210841682,-85.766253704,1.972,3/18/2020 12:00:00 AM,1150,3,3,0,0,CLOUDY,WET,False,1 VEHICLE PARKED POSITION (NOT PARKING LOT/DRIVEWAY),SIDESWIPE-SAME DIRECTION,STRAIGHT & LEVEL,DAYLIGHT,,,3/19/2020 8:25:07 AM,False,7207,Accepted,
26533036,0568000,LOUISVILLE METRO POLICE DEPT,Accepted,JEFFERSON,I 0265,,I265 W,,,,,I 0265,I265 W EXIT23 OFF RAMP TO KY155,I 0265,I265 W EXIT23 ON RAMP FROM KY155,38.189137234,-85.509283992,23.120,3/18/2020 12:00:00 AM,0950,3,3,0,0,CLOUDY,WET,False,REAR END IN TRAFFIC LANES BOTH VEHICLES MOVING,REAR END,STRAIGHT & LEVEL,DAYLIGHT,,,3/19/2020 8:24:02 AM,False,2308,Accepted,
26533043,0568000,LOUISVILLE METRO POLICE DEPT,Accepted,JEFFERSON,KY1020,,NATIONAL,TPKE,,,,,,,,38.120580712,-85.748256610,3.257,3/18/2020 12:00:00 AM,1714,1,1,0,0,RAINING,WET,False,COLLISION WITH FIXED OBJECT NON - INTERSECTION - FIRST EVENT COLLISION 09 - 32 EXCLUDING 16,SINGLE VEHICLE,STRAIGHT & LEVEL,DAYLIGHT,,,3/19/2020 8:24:32 AM,False,7234,Accepted,
26533044,0568000,LOUISVILLE METRO POLICE DEPT,Accepted,JEFFERSON,US0031W,,DIXIE,HWY,,,,,WITTEN,,JOHNSONTOWN,38.122014552,-85.855060875,9.815,3/18/2020 12:00:00 AM,1308,3,3,0,0,RAINING,WET,False,OTHER ROADWAY OR MID-BLOCK COLLISION,REAR END,STRAIGHT & LEVEL,DAYLIGHT,,,3/19/2020 8:24:35 AM,False,6877,Accepted,
26533046,0568000,LOUISVILLE METRO POLICE DEPT,Accepted,JEFFERSON,KY1934,,GREENBELT,HWY,,,INTERMODAL,,,,,38.157009781,-85.884852232,5.187,3/18/2020 12:00:00 AM,1217,2,2,0,0,CLOUDY,WET,False,ANGLE COLLISION - OTHER,ANGLE,STRAIGHT & LEVEL,DAYLIGHT,,,3/19/2020 8:24:39 AM,False,7356,Accepted,
26533053,0568000,LOUISVILLE METRO POLICE DEPT,Accepted,JEFFERSON,,,BUSH FARM,RD,,,,,CLAYMORE,,BUSH RIDGE,38.272250988,-85.486215944,0.747,3/18/2020 12:00:00 AM,1557,2,2,0,1,RAINING,WET,False,REAR END IN TRAFFIC LANES BOTH VEHICLES MOVING,REAR END,STRAIGHT & HILLCREST,DAYLIGHT,,,3/19/2020 8:24:51 AM,False,2109,Accepted,
26533060,0568000,LOUISVILLE METRO POLICE DEPT,Accepted,JEFFERSON,KY1747,,FERN VALLEY,RD,,,,,PARAMOUNT PARK,,ULRICH,38.157053437,-85.710222494,1.207,3/18/2020 12:00:00 AM,1652,2,2,0,1,RAINING,WET,False,1 VEHICLE ENTERING/LEAVING ENTRANCE,ANGLE,STRAIGHT & LEVEL,DAYLIGHT,,,3/19/2020 8:25:03 AM,False,2547,Accepted,
26536729,0568000,LOUISVILLE METRO POLICE DEPT,Accepted,JEFFERSON,,,AIR COMMERCE,DR,,,,,AVIATION,,TRANSGLOBAL,38.129372437,-85.716915861,0.419,3/18/2020 12:00:00 AM,1649,2,2,0,1,RAINING,WET,False,1 VEHICLE ENTERING/LEAVING ENTRANCE,ANGLE,STRAIGHT & LEVEL,DAYLIGHT,,,3/20/2020 10:23:21 AM,False,2324,Accepted,
26533063,0568000,LOUISVILLE METRO POLICE DEPT,Accepted,JEFFERSON,I 0264,,I264 W,,,,,,,,,38.189514961,-85.777059274,9.585,3/18/2020 12:00:00 AM,1837,1,1,0,1,RAINING,WATER (STANDING OR MOVING),False,OTHER ROADWAY OR MID-BLOCK COLLISION,SINGLE VEHICLE,STRAIGHT & LEVEL,DAYLIGHT,,,3/19/2020 8:25:15 AM,False,7977,Accepted,
26536734,0568000,LOUISVILLE METRO POLICE DEPT,Accepted,JEFFERSON,US0031W,7219,DIXIE,HWY,,,,,,,,38.146058029,-85.838191009,11.835,3/18/2020 12:00:00 AM,1745,2,2,0,0,CLEAR,DRY,True,COLLISION IN PARKING LOT,BACKING,STRAIGHT & LEVEL,DAYLIGHT,,,3/20/2020 10:23:38 AM,False,7841,Accepted,
26529129,0568000,LOUISVILLE METRO POLICE DEPT,Accepted,JEFFERSON,KY1020,,SOUTHSIDE,DR,,KY1020,NATIONAL,,,,,38.152597409,-85.765519043,5.690,3/18/2020 12:00:00 AM,0445,1,1,0,0,CLEAR,DRY,False,COLLISION WITH FIXED OBJECT IN INTERSECTION - FIRST EVENT COLLISION 09 - 32,SINGLE VEHICLE,STRAIGHT & LEVEL,DARK-HWY LIGHTED/ON,,,3/18/2020 8:18:04 AM,False,5110,Accepted,
26533042,0568000,LOUISVILLE METRO POLICE DEPT,Accepted,JEFFERSON,I 0264,,I264 E,,,,,,,,,38.222954549,-85.822685972,4.010,3/18/2020 12:00:00 AM,1654,1,1,0,0,RAINING,WATER (STANDING OR MOVING),False,COLLISION WITH FIXED OBJECT NON - INTERSECTION - FIRST EVENT COLLISION 09 - 32 EXCLUDING 16,SINGLE VEHICLE,STRAIGHT & LEVEL,DAYLIGHT,,,3/19/2020 8:24:28 AM,False,7481,Accepted,
26533049,0568000,LOUISVILLE METRO POLICE DEPT,Accepted,JEFFERSON,US0060,,SHELBYVILLE,RD,,,MOSER,,,,,38.245048881,-85.559203335,8.825,3/18/2020 12:00:00 AM,1139,2,2,0,2,RAINING,WET,False,OPPOSING LEFT TURN,OPPOSING LEFT TURN,STRAIGHT & LEVEL,DAYLIGHT,,,3/19/2020 8:24:44 AM,False,7751,Accepted,
26529128,0568000,LOUISVILLE METRO POLICE DEPT,Accepted,JEFFERSON,,,OAK,ST,W,,S 9TH STREET RAMP FROM CS 1022F,,,,,38.235670692,-85.766967379,0.636,3/18/2020 12:00:00 AM,0206,1,1,0,0,CLEAR,DRY,False,COLLISION WITH FIXED OBJECT IN INTERSECTION - FIRST EVENT COLLISION 09 - 32,SINGLE VEHICLE,CURVE & HILLCREST,DARK-HWY LIGHTED/OFF,,,3/18/2020 8:18:01 AM,False,7725,Accepted,
26590051,0568000,LOUISVILLE METRO POLICE DEPT,Accepted,JEFFERSON,,,26TH,ST,S,,,,,,,38.258954403,-85.793869378,0.124,3/18/2020 12:00:00 AM,1120,2,2,0,1,RAINING,WET,False,1 VEHICLE ENTERING/LEAVING ENTRANCE,ANGLE,STRAIGHT & LEVEL,DAYLIGHT,,,4/9/2020 8:28:40 AM,False,7305,Accepted,
26684715,0568000,LOUISVILLE METRO POLICE DEPT,Accepted,JEFFERSON,KY0061,,PRESTON,HWY,,,TRIO,,,,,38.129892347,-85.682023447,3.324,3/17/2020 12:00:00 AM,1746,2,2,0,0,CLEAR,DRY,False,ANGLE COLLISION - ONE VEHICLE TURNING LEFT,ANGLE,STRAIGHT & LEVEL,DAYLIGHT,,,5/12/2020 8:34:41 AM,False,7269,Accepted,
26529112,0568000,LOUISVILLE METRO POLICE DEPT,Accepted,JEFFERSON,,,JEFFERSON,ST,W,,18TH,,,,,38.256382574,-85.780255310,1.543,3/17/2020 12:00:00 AM,1709,2,2,0,0,CLEAR,DRY,False,ANGLE COLLISION - OTHER,ANGLE,STRAIGHT & LEVEL,DAYLIGHT,,,3/18/2020 8:16:56 AM,False,7361,Accepted,
26529123,0568000,LOUISVILLE METRO POLICE DEPT,Accepted,JEFFERSON,,,CHESTNUT,ST,W,,27TH,,,,,38.253112724,-85.795951399,0.270,3/17/2020 12:00:00 AM,1827,3,3,0,2,CLOUDY,DRY,True,ANGLE COLLISION - OTHER,ANGLE,STRAIGHT & LEVEL,DAYLIGHT,,,3/18/2020 8:17:40 AM,False,7805,Accepted,
26529113,0568000,LOUISVILLE METRO POLICE DEPT,Accepted,JEFFERSON,,,HALE,AVE,,,36TH,,,,,38.240445856,-85.813590170,1.906,3/17/2020 12:00:00 AM,1656,2,2,0,2,CLEAR,MUD-DIRT,False,COLLISION WITH PARKED VEHICLE,ANGLE,STRAIGHT & LEVEL,DAYLIGHT,,,3/18/2020 8:17:01 AM,False,7460,Accepted,
26529114,0568000,LOUISVILLE METRO POLICE DEPT,Accepted,JEFFERSON,KY1931,,ST ANDREWS CHURCH,RD,,,,,,,,38.143416069,-85.837921126,3.255,3/17/2020 12:00:00 AM,1814,2,2,0,1,CLEAR,DRY,False,OTHER ROADWAY OR MID-BLOCK COLLISION,REAR END,STRAIGHT & LEVEL,DAYLIGHT,,,3/18/2020 8:17:06 AM,False,7496,Accepted,
26529115,0568000,LOUISVILLE METRO POLICE DEPT,Accepted,JEFFERSON,,,HILL,ST,W,US0031W,22ND,,,,,38.228897432,-85.792880361,1.977,3/17/2020 12:00:00 AM,0134,2,2,0,0,CLEAR,DRY,True,ANGLE COLLISION - OTHER,ANGLE,STRAIGHT & LEVEL,DARK-HWY LIGHTED/ON,,,3/18/2020 8:17:09 AM,False,5039,Accepted,
26533072,0568000,LOUISVILLE METRO POLICE DEPT,Accepted,JEFFERSON,,,BLUEGRASS,AVE,,KY1865,TAYLOR,,,,,38.179609696,-85.783263395,0.852,3/17/2020 12:00:00 AM,2052,2,2,0,1,CLEAR,DRY,False,ANGLE COLLISION - OTHER,ANGLE,STRAIGHT & LEVEL,DUSK,,,3/19/2020 8:25:36 AM,False,7400,Accepted,
26533071,0568000,LOUISVILLE METRO POLICE DEPT,Accepted,JEFFERSON,,701,OAK,ST,W,,7TH,,,,,38.235482820,-85.765080880,0.532,3/17/2020 12:00:00 AM,0225,2,2,0,2,CLEAR,DRY,False,ANGLE COLLISION - OTHER,ANGLE,STRAIGHT & LEVEL,DUSK,,,3/19/2020 8:25:32 AM,False,7400,Accepted,
26524101,0568000,LOUISVILLE METRO POLICE DEPT,Accepted,JEFFERSON,I 0071,,I71 N,,,,,,,,,38.327455272,-85.546629410,11.227,3/17/2020 12:00:00 AM,0402,2,2,0,0,CLOUDY,DRY,False,SIDESWIPE COLLISION - SAME DIRECTION,SIDESWIPE-SAME DIRECTION,STRAIGHT & LEVEL,DARK (UNKNOWN ROADWAY LIGHTING),,,3/17/2020 8:27:25 AM,False,5155,Accepted,
26529096,0568000,LOUISVILLE METRO POLICE DEPT,Accepted,JEFFERSON,KY1447,,WESTPORT,RD,,,,,FREYS HILL,,ASSEMBLY,38.293488031,-85.559773771,5.994,3/17/2020 12:00:00 AM,0934,2,2,0,0,CLOUDY,WET,False,1 VEHICLE ENTERING/LEAVING ENTRANCE,ANGLE,STRAIGHT & LEVEL,DAYLIGHT,,,3/18/2020 8:16:18 AM,False,6929,Accepted,
26536755,0568000,LOUISVILLE METRO POLICE DEPT,Accepted,JEFFERSON,,,GARLAND,AVE,,,28TH,,,,,38.245013541,-85.799119678,1.716,3/17/2020 12:00:00 AM,1633,2,2,0,0,CLEAR,DRY,False,OPPOSING LEFT TURN,OPPOSING LEFT TURN,STRAIGHT & LEVEL,DAYLIGHT,,,3/20/2020 10:25:01 AM,False,7326,Accepted,
26536754,0568000,LOUISVILLE METRO POLICE DEPT,Accepted,JEFFERSON,KY1865,,NEW CUT,RD,,,,,,,,38.161338822,-85.779107033,3.756,3/17/2020 12:00:00 AM,1531,2,2,0,1,CLEAR,DRY,False,REAR END IN TRAFFIC LANES BOTH VEHICLES MOVING,REAR END,STRAIGHT & LEVEL,DAYLIGHT,,,3/20/2020 10:24:57 AM,False,7053,Accepted,
26529124,0568000,LOUISVILLE METRO POLICE DEPT,Accepted,JEFFERSON,KY1142,,PALATKA,RD,,,,,SOUTHDALE,,SUNNYBROOK,38.151005215,-85.779202722,1.288,3/17/2020 12:00:00 AM,0339,1,1,0,1,CLOUDY,WET,False,OTHER COLLISIONS ON SHOULDER,SINGLE VEHICLE,CURVE & GRADE,DARK-HWY NOT LIGHTED,,,3/18/2020 8:17:44 AM,False,7072,Accepted,
26524102,0568000,LOUISVILLE METRO POLICE DEPT,Accepted,JEFFERSON,KY1142,,PALATKA,RD,,,,,SOUTHVIEW,,SOUTHVIEW,38.151429465,-85.781326350,1.167,3/17/2020 12:00:00 AM,0532,1,1,0,0,RAINING,WET,False,COLLISION WITH FIXED OBJECT NON - INTERSECTION - FIRST EVENT COLLISION 09 - 32 EXCLUDING 16,SINGLE VEHICLE,CURVE & HILLCREST,DARK-HWY LIGHTED/ON,,,3/17/2020 8:27:29 AM,False,5110,Accepted,
26524103,0568000,LOUISVILLE METRO POLICE DEPT,Accepted,JEFFERSON,KY1142,,PALATKA,RD,,,SOUTHDALE,,,,,38.151050174,-85.779058481,1.294,3/17/2020 12:00:00 AM,0543,1,1,0,1,RAINING,WET,False,OTHER INTERSECTION COLLISIONS,SINGLE VEHICLE,CURVE & GRADE,DARK-HWY NOT LIGHTED,,,3/17/2020 8:27:33 AM,False,5276,Accepted,
26524096,0568000,LOUISVILLE METRO POLICE DEPT,Accepted,JEFFERSON,KY1931,3617,MANSLICK,RD,,,,,CONN,,NICHOLS,38.195223360,-85.799306642,8.392,3/17/2020 12:00:00 AM,0058,2,2,0,0,RAINING,WET,False,1 VEHICLE PARKED POSITION (NOT PARKING LOT/DRIVEWAY),HEAD ON,CURVE & LEVEL,DUSK,,,3/17/2020 8:27:11 AM,False,7400,Accepted,
26524105,0568000,LOUISVILLE METRO POLICE DEPT,Accepted,JEFFERSON,,,HUNSINGER,LN,,,HUNSINGER WOODS,,,,,38.213024749,-85.619963409,0.568,3/17/2020 12:00:00 AM,0444,1,1,0,0,RAINING,WET,True,COLLISION WITH FIXED OBJECT IN INTERSECTION - FIRST EVENT COLLISION 09 - 32,SINGLE VEHICLE,CURVE & HILLCREST,DARK-HWY LIGHTED/OFF,,,3/17/2020 8:27:39 AM,False,5146,Accepted,
26529101,0568000,LOUISVILLE METRO POLICE DEPT,Accepted,JEFFERSON,,,26TH,ST,S,,,,,,,38.245612856,-85.795343697,1.048,3/17/2020 12:00:00 AM,1117,2,2,0,0,CLOUDY,WET,True,1 VEHICLE PARKED POSITION (NOT PARKING LOT/DRIVEWAY),SIDESWIPE-OPPOSITE DIRECTION,STRAIGHT & LEVEL,DAYLIGHT,,,3/18/2020 8:16:26 AM,False,7326,Accepted,
26529109,0568000,LOUISVILLE METRO POLICE DEPT,Accepted,JEFFERSON,KY1065,4504,OUTER,LOOP,,,,,,,,38.138031659,-85.677671202,6.555,3/17/2020 12:00:00 AM,0831,2,2,0,1,RAINING,WET,False,1 VEHICLE ENTERING/LEAVING ENTRANCE,ANGLE,STRAIGHT & LEVEL,DAYLIGHT,,,3/18/2020 8:16:48 AM,False,7379,Accepted,
26529118,0568000,LOUISVILLE METRO POLICE DEPT,Accepted,JEFFERSON,KY1020,,NATIONAL,TPKE,,,ENTERPRISE,,,,,38.147459977,-85.759438985,5.177,3/17/2020 12:00:00 AM,1605,3,3,0,1,CLEAR,DRY,False,OTHER INTERSECTION COLLISIONS,REAR END,STRAIGHT & LEVEL,DAYLIGHT,,,3/18/2020 8:17:23 AM,False,7483,Accepted,
26529119,0568000,LOUISVILLE METRO POLICE DEPT,Accepted,JEFFERSON,,,9TH,ST,S,US0150,BROADWAY,,,,,38.246800322,-85.766382644,,3/17/2020 12:00:00 AM,1638,2,2,0,0,CLEAR,DRY,False,SIDESWIPE-SAME DIRECTION,SIDESWIPE-SAME DIRECTION,STRAIGHT & LEVEL,DAYLIGHT,,,3/18/2020 8:17:28 AM,False,5187,Accepted,
26529125,0568000,LOUISVILLE METRO POLICE DEPT,Accepted,JEFFERSON,KY1450,,BLUE LICK,RD,,,,,MOODY,,WHITEOAK PARK,38.119778052,-85.689489508,2.412,3/17/2020 12:00:00 AM,2216,1,1,0,1,CLEAR,DRY,False,RAN OFF ROADWAY (1 VEHICLE WITH/EARTH EMBANKMENT/DITCH),SINGLE VEHICLE,CURVE & LEVEL,DARK-HWY NOT LIGHTED,,,3/18/2020 8:17:49 AM,False,7735,Accepted,
26529126,0568000,LOUISVILLE METRO POLICE DEPT,Accepted,JEFFERSON,KY1065,,OUTER,LOOP,,KY1865,NEW CUT,,,,,38.126401925,-85.776074418,1.026,3/17/2020 12:00:00 AM,2112,2,2,0,0,CLEAR,DRY,False,ANGLE COLLISION - OTHER,ANGLE,STRAIGHT & LEVEL,DARK-HWY LIGHTED/ON,,,3/18/2020 8:17:53 AM,False,5110,Accepted,
26529127,0568000,LOUISVILLE METRO POLICE DEPT,Accepted,JEFFERSON,,,MACHUPE,DR,,,DAVCO,,,,,38.308986454,-85.600243392,0.155,3/17/2020 12:00:00 AM,2140,4,2,0,2,CLOUDY,DRY,False,COLLISION WITH PARKED VEHICLE,ANGLE,STRAIGHT & GRADE,DARK-HWY LIGHTED/ON,,,3/18/2020 8:17:57 AM,False,7944,Accepted,
26533068,0568000,LOUISVILLE METRO POLICE DEPT,Accepted,JEFFERSON,,,CENTRAL,AVE,,US0060A,TAYLOR,,,,,38.206797071,-85.776606687,1.067,3/17/2020 12:00:00 AM,0834,2,2,0,0,CLEAR,DRY,False,VEHICLE BACKING IN INTERSECTION,BACKING,STRAIGHT & LEVEL,DAYLIGHT,,,3/19/2020 8:25:23 AM,False,5123,Accepted,
26543429,0568000,LOUISVILLE METRO POLICE DEPT,Accepted,JEFFERSON,KY1931,,GREENWOOD,RD,,,COLUMBINE,,,,,38.144505281,-85.864111704,1.797,3/17/2020 12:00:00 AM,2133,2,1,0,2,CLEAR,DRY,False,COLLISION WITH PEDESTRIAN IN INTERSECTION,SINGLE VEHICLE,STRAIGHT & LEVEL,DARK-HWY NOT LIGHTED,,,3/23/2020 11:35:26 AM,False,5212,Accepted,
26555975,0568000,LOUISVILLE METRO POLICE DEPT,Accepted,JEFFERSON,US0031,,CLARK MEMORIAL,BRG,,US0031E,MAIN,,,,,38.256269089,-85.753309044,,3/16/2020 12:00:00 AM,0733,3,3,0,0,CLOUDY,DRY,False,OTHER INTERSECTION COLLISIONS,REAR END,STRAIGHT & GRADE,DAWN,,,3/27/2020 8:04:25 AM,False,7216,Accepted,
26543420,0568000,LOUISVILLE METRO POLICE DEPT,Accepted,JEFFERSON,KY0864,,POPLAR LEVEL,RD,,,SHADY VILLA,,,,,38.163131143,-85.678774869,8.547,3/16/2020 12:00:00 AM,1122,2,2,0,0,CLOUDY,DRY,False,SIDESWIPE-SAME DIRECTION,SIDESWIPE-SAME DIRECTION,STRAIGHT & LEVEL,DAYLIGHT,,,3/23/2020 11:34:54 AM,False,5027,Accepted,
26543460,0568000,LOUISVILLE METRO POLICE DEPT,Accepted,JEFFERSON,,,19TH,ST,N,,CROP,,,,,38.260062193,-85.781226830,0.048,3/16/2020 12:00:00 AM,1947,2,2,0,1,RAINING,WET,False,ANGLE COLLISION - OTHER,ANGLE,STRAIGHT & LEVEL,DUSK,,,3/23/2020 11:37:37 AM,False,5199,Accepted,
26543446,0568000,LOUISVILLE METRO POLICE DEPT,Accepted,JEFFERSON,,,LIBERTY,ST,W,KY1020,2ND,,,,,38.252791853,-85.753990586,0.797,3/16/2020 12:00:00 AM,1440,2,2,0,0,CLOUDY,DRY,False,ANGLE COLLISION - OTHER,ANGLE,STRAIGHT & GRADE,DAYLIGHT,,,3/23/2020 11:36:34 AM,False,2661,Accepted,
26533038,0568000,LOUISVILLE METRO POLICE DEPT,Accepted,JEFFERSON,KY2056,,BELLS,LN,,,,,,,,38.222923113,-85.822623661,1.019,3/16/2020 12:00:00 AM,1311,2,2,0,1,CLOUDY,DRY,False,1 VEHICLE ENTERING/LEAVING ENTRANCE,ANGLE,STRAIGHT & LEVEL,DAYLIGHT,,,3/19/2020 8:24:11 AM,False,8278,Accepted,
26533062,0568000,LOUISVILLE METRO POLICE DEPT,Accepted,JEFFERSON,KY1447,,WESTPORT,RD,,,STONEHURST,,,,,38.281769020,-85.587191400,4.312,3/16/2020 12:00:00 AM,0330,2,2,0,0,CLOUDY,DRY,False,ANGLE COLLISION - OTHER,ANGLE,STRAIGHT & LEVEL,DARK (UNKNOWN ROADWAY LIGHTING),,,3/19/2020 8:25:11 AM,False,5228,Accepted,
26519179,0568000,LOUISVILLE METRO POLICE DEPT,Accepted,JEFFERSON,KY1703,,BAXTER,AVE,,,,,,,,38.228006234,-85.714544478,4.690,3/16/2020 12:00:00 AM,0336,1,1,0,0,CLEAR,DRY,True,COLLISION WITH FIXED OBJECT NON - INTERSECTION - FIRST EVENT COLLISION 09 - 32 EXCLUDING 16,SINGLE VEHICLE,STRAIGHT & LEVEL,DARK-HWY LIGHTED/ON,,,3/16/2020 9:13:23 AM,False,2976,Accepted,
26529108,0568000,LOUISVILLE METRO POLICE DEPT,Accepted,JEFFERSON,KY2251,,BARDSTOWN,RD,,,SIX MILE,,,,,38.195054502,-85.652578036,0.564,3/16/2020 12:00:00 AM,1519,2,2,0,0,CLOUDY,DRY,False,ANGLE COLLISION - ONE VEHICLE TURNING LEFT,ANGLE,STRAIGHT & LEVEL,DAYLIGHT,,,3/18/2020 8:16:43 AM,False,7482,Accepted,