IncidentID,AgencyORI,AgencyName,IncidentStatusDesc,County,RdwyNumber,Street,RoadwayName,StreetSfx,StreetDir,IntersectionRdwy,IntersectionRdwyName,BetweenStRdwy1,BetweenStRdwyName1,BetweenStRdwy2,BetweenStRdwyName2,Latitude,Longitude,Milepoint,CollisionDate,CollisionTime,UnitsInvolved,MotorVehiclesInvolved,NumberKilled,NumberInjured,Weather,RdwyConditionCode,HitandRun,DirAnalysisCode,MannerofCollision,RdwyCharacter,LightCondition,RampFromRdwyId,RampToRdwyId,AcceptedDate,IsSecondaryCollision,OwnerBadge,IncidentStatus,
26524088,0568000,LOUISVILLE METRO POLICE DEPT,Accepted,JEFFERSON,,,GRINSTEAD,DR,,US0031E,BARDSTOWN,,,,,38.238361305,-85.721133115,0.009,3/16/2020 12:00:00 AM,1202,2,2,0,0,CLEAR,DRY,False,VEHICLE BACKING IN INTERSECTION,BACKING,STRAIGHT & LEVEL,DAYLIGHT,,,3/17/2020 8:26:44 AM,False,5006,Accepted,
26524095,0568000,LOUISVILLE METRO POLICE DEPT,Accepted,JEFFERSON,KY1065,4840,OUTER,LOOP,,,,,,,,38.137613431,-85.670494357,6.945,3/16/2020 12:00:00 AM,2037,2,2,0,1,CLEAR,DRY,False,COLLISION IN PARKING LOT,ANGLE,STRAIGHT & LEVEL,DARK-HWY LIGHTED/ON,,,3/17/2020 8:27:07 AM,False,5214,Accepted,
26524053,0568000,LOUISVILLE METRO POLICE DEPT,Accepted,JEFFERSON,,,CHAMBERLAIN,LN,,,OLD LA GRANGE,,,,,38.289673868,-85.512778833,0.034,3/16/2020 12:00:00 AM,1229,2,2,0,0,CLOUDY,DRY,False,SIDESWIPE-SAME DIRECTION,SIDESWIPE-SAME DIRECTION,STRAIGHT & LEVEL,DAYLIGHT,,,3/17/2020 8:25:17 AM,False,7337,Accepted,
26524054,0568000,LOUISVILLE METRO POLICE DEPT,Accepted,JEFFERSON,KY0022,,BROWNSBORO,RD,,,LIME KILN,,,,,38.284797205,-85.626200498,0.541,3/16/2020 12:00:00 AM,1019,2,2,0,1,CLOUDY,DRY,False,OPPOSING LEFT TURN,OPPOSING LEFT TURN,STRAIGHT & LEVEL,DAYLIGHT,,,3/17/2020 8:25:20 AM,False,7839,Accepted,
26524062,0568000,LOUISVILLE METRO POLICE DEPT,Accepted,JEFFERSON,KY1631,,CRITTENDEN,DR,,,BOXLEY,,,,,38.205307113,-85.750799413,1.198,3/16/2020 12:00:00 AM,1220,2,2,0,0,CLEAR,DRY,False,SIDESWIPE-SAME DIRECTION,SIDESWIPE-SAME DIRECTION,STRAIGHT & LEVEL,DAYLIGHT,,,3/17/2020 8:25:38 AM,False,7418,Accepted,
26524069,0568000,LOUISVILLE METRO POLICE DEPT,Accepted,JEFFERSON,,,7TH,ST,S,,11TH,,,,,38.222473205,-85.773741786,0.259,3/16/2020 12:00:00 AM,1310,2,2,0,0,CLOUDY,DRY,True,SIDESWIPE-SAME DIRECTION,SIDESWIPE-SAME DIRECTION,STRAIGHT & LEVEL,DAYLIGHT,,,3/17/2020 8:25:55 AM,False,2745,Accepted,
26524077,0568000,LOUISVILLE METRO POLICE DEPT,Accepted,JEFFERSON,,,GRAND,AVE,,,25TH,,,,,38.240691955,-85.794290388,0.463,3/16/2020 12:00:00 AM,1704,3,3,0,2,CLOUDY,DRY,False,ANGLE COLLISION - OTHER,ANGLE,STRAIGHT & LEVEL,DAYLIGHT,,,3/17/2020 8:26:13 AM,False,7326,Accepted,
26524094,0568000,LOUISVILLE METRO POLICE DEPT,Accepted,JEFFERSON,US0031E,,BARDSTOWN,RD,,,LITTLE SPRING,,,,,38.095947746,-85.562607434,1.526,3/16/2020 12:00:00 AM,2008,2,2,0,2,RAINING,WET,False,ANGLE COLLISION - OTHER,ANGLE,STRAIGHT & GRADE,DARK-HWY LIGHTED/ON,,,3/17/2020 8:27:04 AM,False,7315,Accepted,
26524068,0568000,LOUISVILLE METRO POLICE DEPT,Accepted,JEFFERSON,,,JEFFERSON,ST,W,KY1020,2ND,,,,,38.253476692,-85.753707339,0.091,3/16/2020 12:00:00 AM,1519,2,2,0,0,CLOUDY,DRY,False,SIDESWIPE-SAME DIRECTION,SIDESWIPE-SAME DIRECTION,STRAIGHT & LEVEL,DAYLIGHT,,,3/17/2020 8:25:52 AM,False,7848,Accepted,
26524072,0568000,LOUISVILLE METRO POLICE DEPT,Accepted,JEFFERSON,,,GRAND,AVE,,,,,,,,38.242821696,-85.817466618,1.437,3/16/2020 12:00:00 AM,1614,2,2,0,0,CLEAR,DRY,False,1 VEHICLE ENTERING/LEAVING ENTRANCE,ANGLE,STRAIGHT & GRADE,DAYLIGHT,,,3/17/2020 8:26:02 AM,False,7357,Accepted,
26524085,0568000,LOUISVILLE METRO POLICE DEPT,Accepted,JEFFERSON,,,SOUTHWESTERN,PKWY,,,,,,,,38.238287707,-85.830757438,2.098,3/16/2020 12:00:00 AM,1813,1,1,0,1,CLOUDY,WET,False,COLLISION WITH FIXED OBJECT NON - INTERSECTION - FIRST EVENT COLLISION 09 - 32 EXCLUDING 16,SINGLE VEHICLE,STRAIGHT & LEVEL,DAYLIGHT,,,3/17/2020 8:26:34 AM,False,7326,Accepted,
26524086,0568000,LOUISVILLE METRO POLICE DEPT,Accepted,JEFFERSON,KY1865,,TAYLOR,BLVD,,,BLUEGRASS,,,,,38.179604284,-85.783288997,5.029,3/16/2020 12:00:00 AM,1443,2,2,0,0,CLEAR,DRY,False,ANGLE COLLISION - OTHER,ANGLE,STRAIGHT & LEVEL,DAYLIGHT,,,3/17/2020 8:26:37 AM,False,5123,Accepted,
26524051,0568000,LOUISVILLE METRO POLICE DEPT,Accepted,JEFFERSON,,,HANCOCK,ST,S,,,,,,,38.245549544,-85.743476975,0.658,3/16/2020 12:00:00 AM,0928,2,2,0,0,CLOUDY,DRY,False,1 VEHICLE ENTERING/LEAVING ENTRANCE,ANGLE,STRAIGHT & LEVEL,DAYLIGHT,,,3/17/2020 8:25:14 AM,False,7786,Accepted,
26524056,0568000,LOUISVILLE METRO POLICE DEPT,Accepted,JEFFERSON,US0031E,,BARDSTOWN,RD,,,,,BROOKRIDGE VILLAGE,,CEDARLOOK,38.146970646,-85.585853550,5.327,3/16/2020 12:00:00 AM,1313,3,3,0,2,CLOUDY,DRY,False,REAR END IN TRAFFIC LANES BOTH VEHICLES MOVING,REAR END,STRAIGHT & LEVEL,DAYLIGHT,,,3/17/2020 8:25:27 AM,False,6494,Accepted,
26524058,0568000,LOUISVILLE METRO POLICE DEPT,Accepted,JEFFERSON,US0031E,,BARDSTOWN,RD,,,CEDAR SPRINGS,,,,,38.145176786,-85.584936170,5.193,3/16/2020 12:00:00 AM,1430,2,2,0,0,CLOUDY,DRY,False,SIDESWIPE-SAME DIRECTION,SIDESWIPE-SAME DIRECTION,STRAIGHT & LEVEL,DAYLIGHT,,,3/17/2020 8:25:31 AM,False,7486,Accepted,
26524059,0568000,LOUISVILLE METRO POLICE DEPT,Accepted,JEFFERSON,,,MAGNOLIA,AVE,W,,,,4TH,KY1020,3RD,38.229092386,-85.760545311,0.229,3/16/2020 12:00:00 AM,0825,2,2,0,0,CLOUDY,DRY,False,SIDESWIPE COLLISION - OPPOSITE DIRECTION,SIDESWIPE-OPPOSITE DIRECTION,STRAIGHT & LEVEL,DAYLIGHT,,,3/17/2020 8:25:34 AM,False,7418,Accepted,
26524066,0568000,LOUISVILLE METRO POLICE DEPT,Accepted,JEFFERSON,I 0264,,I264 E EXIT20 TRANSIT,,,,,,,,,38.248064918,-85.619738016,0.129,3/16/2020 12:00:00 AM,1440,2,2,0,0,CLEAR,DRY,False,REAR END IN TRAFFIC LANES BOTH VEHICLES MOVING,REAR END,STRAIGHT & LEVEL,DAYLIGHT,,,3/17/2020 8:25:45 AM,False,7358,Accepted,
26524073,0568000,LOUISVILLE METRO POLICE DEPT,Accepted,JEFFERSON,KY3084,,OLD HENRY,RD,,,,,,,,38.270320451,-85.500254078,1.201,3/16/2020 12:00:00 AM,1339,2,2,0,0,CLOUDY,DRY,False,REAR END IN TRAFFIC LANES BOTH VEHICLES MOVING,REAR END,STRAIGHT & LEVEL,DAYLIGHT,,,3/17/2020 8:26:06 AM,False,2218,Accepted,
26524075,0568000,LOUISVILLE METRO POLICE DEPT,Accepted,JEFFERSON,,,WHITTINGTON,PKWY,,,,,,,,38.242104283,-85.576823374,0.463,3/16/2020 12:00:00 AM,1639,2,2,0,0,CLOUDY,DRY,False,OTHER ROADWAY OR MID-BLOCK COLLISION,OPPOSING LEFT TURN,STRAIGHT & LEVEL,DAYLIGHT,,,3/17/2020 8:26:09 AM,False,2218,Accepted,
26524091,0568000,LOUISVILLE METRO POLICE DEPT,Accepted,JEFFERSON,,,MUHAMMAD ALI,BLVD,W,,30TH,,,,,38.255912481,-85.800524979,2.636,3/16/2020 12:00:00 AM,1902,2,2,0,0,CLOUDY,DRY,False,ANGLE COLLISION - OTHER,ANGLE,STRAIGHT & LEVEL,DAYLIGHT,,,3/17/2020 8:26:52 AM,False,5021,Accepted,
26524092,0568000,LOUISVILLE METRO POLICE DEPT,Accepted,JEFFERSON,,,DIXIE,HWY,,,STANDARD,,,,,38.230949278,-85.789374687,1.304,3/16/2020 12:00:00 AM,1400,2,2,0,0,CLOUDY,DRY,False,OTHER INTERSECTION COLLISIONS,REAR END,STRAIGHT & LEVEL,DAYLIGHT,,,3/17/2020 8:26:56 AM,False,5273,Accepted,
26524100,0568000,LOUISVILLE METRO POLICE DEPT,Accepted,JEFFERSON,I 0065,,I65 S,,,,,,,,,38.124780531,-85.702298678,125.835,3/16/2020 12:00:00 AM,2024,2,2,0,1,CLOUDY,WET,False,1 VEHICLE PARKED POSITION (NOT PARKING LOT/DRIVEWAY),REAR END,STRAIGHT & LEVEL,DARK-HWY NOT LIGHTED,,,3/17/2020 8:27:21 AM,False,5138,Accepted,
26536756,0568000,LOUISVILLE METRO POLICE DEPT,Accepted,JEFFERSON,US0031W,,DIXIE,HWY,,,STONESTREET,,,,,38.121203461,-85.855689918,9.749,3/16/2020 12:00:00 AM,1750,2,2,0,0,CLOUDY,DRY,False,OTHER INTERSECTION COLLISIONS,REAR END,STRAIGHT & LEVEL,DAYLIGHT,,,3/20/2020 10:25:05 AM,False,2311,Accepted,
26519186,0568000,LOUISVILLE METRO POLICE DEPT,Accepted,JEFFERSON,,,CHAMBERLAIN,LN,,,,,WINCHESTER ACRES,,COLLINS,38.287693640,-85.520573025,0.518,3/16/2020 12:00:00 AM,0613,1,1,0,0,CLOUDY,DRY,True,OTHER COLLISIONS ON SHOULDER,SINGLE VEHICLE,CURVE & LEVEL,DARK-HWY LIGHTED/ON,,,3/16/2020 9:13:52 AM,False,7159,Accepted,
26533040,0568000,LOUISVILLE METRO POLICE DEPT,Accepted,JEFFERSON,I 0065,,I65 N,,,,,,,,,38.157147391,-85.717921572,128.248,3/16/2020 12:00:00 AM,1620,2,2,0,0,CLOUDY,DRY,False,SIDESWIPE COLLISION - SAME DIRECTION,SIDESWIPE-SAME DIRECTION,STRAIGHT & GRADE,DAYLIGHT,,,3/19/2020 8:24:15 AM,False,8278,Accepted,
26524082,0568000,LOUISVILLE METRO POLICE DEPT,Accepted,JEFFERSON,,,BROOK,ST,S,,LIBERTY,,,,,38.252343385,-85.750644185,3.338,3/16/2020 12:00:00 AM,1320,2,2,0,0,CLOUDY,DRY,False,SIDESWIPE-SAME DIRECTION,SIDESWIPE-SAME DIRECTION,STRAIGHT & LEVEL,DAYLIGHT,,,3/17/2020 8:26:17 AM,False,6360,Accepted,
26524090,0568000,LOUISVILLE METRO POLICE DEPT,Accepted,JEFFERSON,KY1703,,NEWBURG,RD,,,DEERWOOD,,,,,38.225014963,-85.712186282,4.447,3/16/2020 12:00:00 AM,1519,2,2,0,0,CLEAR,DRY,False,OTHER INTERSECTION COLLISIONS,REAR END,STRAIGHT & GRADE,DAYLIGHT,,,3/17/2020 8:26:47 AM,False,7960,Accepted,
26529098,0568000,LOUISVILLE METRO POLICE DEPT,Accepted,JEFFERSON,KY1065,175,OUTER,LOOP,,,,,,,,38.126538659,-85.778053623,0.922,3/16/2020 12:00:00 AM,1310,2,2,0,0,CLOUDY,WET,False,1 VEHICLE ENTERING/LEAVING ENTRANCE,ANGLE,STRAIGHT & LEVEL,DAYLIGHT,,,3/18/2020 8:16:22 AM,False,7080,Accepted,
26524048,0568000,LOUISVILLE METRO POLICE DEPT,Accepted,JEFFERSON,,,OAK,ST,W,,,,,,,38.235893360,-85.770340007,0.822,3/16/2020 12:00:00 AM,0945,2,2,0,0,CLOUDY,DRY,False,1 VEHICLE ENTERING/LEAVING ENTRANCE,ANGLE,STRAIGHT & LEVEL,DAYLIGHT,,,3/17/2020 8:25:02 AM,False,7326,Accepted,
26524064,0568000,LOUISVILLE METRO POLICE DEPT,Accepted,JEFFERSON,,,ST CATHERINE,ST,W,,,,,,,38.236882537,-85.755000226,0.004,3/16/2020 12:00:00 AM,1140,2,2,0,1,CLEAR,DRY,False,SIDESWIPE COLLISION - SAME DIRECTION,SIDESWIPE-SAME DIRECTION,STRAIGHT & LEVEL,DAYLIGHT,,,3/17/2020 8:25:41 AM,False,5258,Accepted,
26519182,0568000,LOUISVILLE METRO POLICE DEPT,Accepted,JEFFERSON,,,LOWER HUNTERS,TRCE,,,,,,,,38.158177617,-85.848456363,0.776,3/16/2020 12:00:00 AM,0541,1,1,0,0,CLEAR,DRY,False,COLLISION WITH FIXED OBJECT NON - INTERSECTION - FIRST EVENT COLLISION 09 - 32 EXCLUDING 16,SINGLE VEHICLE,STRAIGHT & HILLCREST,DARK-HWY NOT LIGHTED,,,3/16/2020 9:13:36 AM,False,7365,Accepted,
27196643,0568000,LOUISVILLE METRO POLICE DEPT,Accepted,JEFFERSON,,,CHESTNUT,ST,W,,17TH,,,,,38.251342763,-85.779331794,1.178,3/16/2020 12:00:00 AM,1421,2,2,0,0,CLOUDY,DRY,False,SIDESWIPE-SAME DIRECTION,SIDESWIPE-SAME DIRECTION,STRAIGHT & LEVEL,DAYLIGHT,,,9/11/2020 8:09:38 AM,False,5124,Accepted,
26623886,0568000,LOUISVILLE METRO POLICE DEPT,Accepted,JEFFERSON,,,WOODLAWN,AVE,W,,3RD,,,,,38.181568520,-85.766219108,0.778,3/16/2020 12:00:00 AM,1519,2,2,0,1,CLOUDY,DRY,False,ANGLE COLLISION - OTHER,ANGLE,STRAIGHT & LEVEL,DAYLIGHT,,,4/22/2020 11:47:04 AM,False,7301,Accepted,
26592755,0568000,LOUISVILLE METRO POLICE DEPT,Accepted,JEFFERSON,,7612,COOPER CHAPEL,RD,,,,,,,,38.109299611,-85.620232296,3.327,3/16/2020 12:00:00 AM,1200,2,2,0,0,CLEAR,DRY,False,1 VEHICLE ENTERING/LEAVING ENTRANCE,ANGLE,STRAIGHT & GRADE,DAYLIGHT,,,4/10/2020 8:39:04 AM,False,7991,Accepted,
26519157,0568000,LOUISVILLE METRO POLICE DEPT,Accepted,JEFFERSON,I 0071,,I71 S,,,,,,,,,38.296271301,-85.627012117,6.276,3/15/2020 12:00:00 AM,1242,1,1,0,0,CLOUDY,DRY,False,OTHER COLLISIONS ON SHOULDER,SINGLE VEHICLE,STRAIGHT & LEVEL,DAYLIGHT,,,3/16/2020 9:12:08 AM,False,7751,Accepted,
26519166,0568000,LOUISVILLE METRO POLICE DEPT,Accepted,JEFFERSON,KY1865,,TAYLOR,BLVD,,,WOODLAWN,,,,,38.181400444,-85.783514194,5.160,3/15/2020 12:00:00 AM,1446,2,2,0,0,CLOUDY,DRY,False,SIDESWIPE-SAME DIRECTION,SIDESWIPE-SAME DIRECTION,STRAIGHT & LEVEL,DAYLIGHT,,,3/16/2020 9:12:27 AM,False,5260,Accepted,
26519172,0568000,LOUISVILLE METRO POLICE DEPT,Accepted,JEFFERSON,,2900,SUMMERFIELD,DR,,,,,,,,38.205912554,-85.608807626,0.593,3/15/2020 12:00:00 AM,1856,2,2,0,0,CLOUDY,DRY,True,REAR END IN TRAFFIC LANES BOTH VEHICLES MOVING,REAR END,STRAIGHT & LEVEL,DAYLIGHT,,,3/16/2020 9:12:55 AM,False,7864,Accepted,
26519148,0568000,LOUISVILLE METRO POLICE DEPT,Accepted,JEFFERSON,KY0061,,PRESTON,HWY,,,COOPER CHAPEL,,,,,38.103360148,-85.672377707,1.387,3/15/2020 12:00:00 AM,1634,2,2,0,0,CLEAR,DRY,False,OTHER INTERSECTION COLLISIONS,REAR END,STRAIGHT & LEVEL,DAYLIGHT,,,3/16/2020 9:11:36 AM,False,7989,Accepted,
26519116,0568000,LOUISVILLE METRO POLICE DEPT,Accepted,JEFFERSON,,1820,RUSSELL LEE,DR,,,,,,,,38.226861733,-85.818244198,0.099,3/15/2020 12:00:00 AM,0112,1,1,0,1,CLOUDY,WET,True,OTHER ROADWAY OR MID-BLOCK COLLISION,SINGLE VEHICLE,STRAIGHT & LEVEL,DARK-HWY LIGHTED/ON,,,3/16/2020 9:10:14 AM,False,7466,Accepted,
26519138,0568000,LOUISVILLE METRO POLICE DEPT,Accepted,JEFFERSON,,7105,RAINBOW,DR,,,,,SANDRAY,,PETWOOD,38.055409758,-85.897643147,0.182,3/15/2020 12:00:00 AM,0936,1,1,0,0,CLOUDY,WET,False,COLLISION WITH FIXED OBJECT NON - INTERSECTION - FIRST EVENT COLLISION 09 - 32 EXCLUDING 16,SINGLE VEHICLE,CURVE & LEVEL,DAYLIGHT,,,3/16/2020 9:10:56 AM,False,7634,Accepted,
26516702,0566900,LOUISVILLE AIRPORT POLICE,Accepted,JEFFERSON,,,AIRFREIGHT,DR,,,,,,,,38.183853802,-85.744277052,0.439,3/15/2020 12:00:00 AM,0925,2,2,0,0,CLEAR,DRY,False,COLLISION IN PARKING LOT,BACKING,STRAIGHT & GRADE,DAYLIGHT,,,3/15/2020 11:16:16 PM,False,5856,Accepted,
26536741,0568000,LOUISVILLE METRO POLICE DEPT,Accepted,JEFFERSON,KY0864,,POPLAR LEVEL,RD,,,,,TAYLOR,,REDWOOD,38.197837291,-85.707970484,11.478,3/15/2020 12:00:00 AM,1147,3,3,0,0,CLOUDY,DRY,False,REAR END IN TRAFFIC LANES BOTH VEHICLES MOVING,REAR END,STRAIGHT & LEVEL,DAYLIGHT,,,3/20/2020 10:24:05 AM,False,5036,Accepted,
26519178,0568000,LOUISVILLE METRO POLICE DEPT,Accepted,JEFFERSON,KY1631,,CRITTENDEN,DR,,,,,FARMINGTON,,KFEC GATE4 DR,38.202223413,-85.750885303,0.987,3/15/2020 12:00:00 AM,0445,2,2,0,0,CLEAR,DRY,False,COLLISION IN PARKING LOT,REAR END,STRAIGHT & LEVEL,DARK-HWY LIGHTED/ON,,,3/16/2020 9:13:18 AM,False,7543,Accepted,
26519184,0568000,LOUISVILLE METRO POLICE DEPT,Accepted,JEFFERSON,US0031W,,22ND,ST,S,,MADISON,,,,,38.253413938,-85.787528131,19.841,3/15/2020 12:00:00 AM,2230,2,2,0,0,CLEAR,DRY,False,ANGLE COLLISION - OTHER,ANGLE,STRAIGHT & LEVEL,DARK-HWY LIGHTED/ON,,,3/16/2020 9:13:43 AM,False,5162,Accepted,
26519185,0568000,LOUISVILLE METRO POLICE DEPT,Accepted,JEFFERSON,,1526,BEECH,ST,,,,,,,,38.232932004,-85.805023441,0.384,3/15/2020 12:00:00 AM,2015,2,2,0,0,CLEAR,DRY,True,SIDESWIPE COLLISION - SAME DIRECTION,SIDESWIPE-SAME DIRECTION,STRAIGHT & LEVEL,DARK-HWY LIGHTED/ON,,,3/16/2020 9:13:48 AM,False,7466,Accepted,
26529103,0568000,LOUISVILLE METRO POLICE DEPT,Accepted,JEFFERSON,KY1694,,BROWNSBORO,RD,,KY0022,BALLARDSVILLE,,,,,38.315540182,-85.561371585,0.013,3/15/2020 12:00:00 AM,1701,2,2,0,2,CLOUDY,DRY,False,ANGLE COLLISION - OTHER,ANGLE,STRAIGHT & LEVEL,DAYLIGHT,,,3/18/2020 8:16:30 AM,False,7751,Accepted,
26519180,0568000,LOUISVILLE METRO POLICE DEPT,Accepted,JEFFERSON,,1244,WALTER,AVE,,,,KY1865,TAYLOR,,HUNTER,38.176141363,-85.780847930,0.192,3/15/2020 12:00:00 AM,2230,2,2,0,0,CLEAR,DRY,True,1 VEHICLE PARKED POSITION (NOT PARKING LOT/DRIVEWAY),BACKING,STRAIGHT & LEVEL,DARK-HWY LIGHTED/ON,,,3/16/2020 9:13:29 AM,False,5245,Accepted,
26529094,0568000,LOUISVILLE METRO POLICE DEPT,Accepted,JEFFERSON,KY2251,,BARDSTOWN,RD,,,ACTION,,,,,38.193248331,-85.649204980,0.339,3/15/2020 12:00:00 AM,1820,2,1,0,0,CLEAR,DRY,False,COLLISION WITH TRAIN,SINGLE VEHICLE,STRAIGHT & HILLCREST,DAYLIGHT,,,3/18/2020 8:16:13 AM,False,5119,Accepted,
26533035,0568000,LOUISVILLE METRO POLICE DEPT,Accepted,JEFFERSON,I 0265,,,,,,,,,,,38.123727308,-85.615340171,0.219,3/15/2020 12:00:00 AM,1631,2,2,0,0,CLOUDY,DRY,True,OTHER RAMP RELATED COLLISIONS NOT LISTED ABOVE,REAR END,STRAIGHT & LEVEL,DAYLIGHT,I 0265,KY0864,3/19/2020 8:23:57 AM,False,2308,Accepted,
26533037,0568000,LOUISVILLE METRO POLICE DEPT,Accepted,JEFFERSON,KY1931,6000,MANSLICK,RD,,,,,,,,38.169301791,-85.797144568,6.505,3/15/2020 12:00:00 AM,1856,2,2,0,0,CLEAR,DRY,False,1 VEHICLE ENTERING/LEAVING ENTRANCE,ANGLE,CURVE & GRADE,DAYLIGHT,,,3/19/2020 8:24:07 AM,False,7471,Accepted,
26524046,0568000,LOUISVILLE METRO POLICE DEPT,Accepted,JEFFERSON,KY1932,,BRECKENRIDGE,LN,,,,,,,,38.221565964,-85.631902601,2.989,3/15/2020 12:00:00 AM,1810,2,2,0,0,CLOUDY,DRY,False,REAR END IN TRAFFIC LANES BOTH VEHICLES MOVING,REAR END,STRAIGHT & LEVEL,DAYLIGHT,,,3/17/2020 8:24:58 AM,False,7560,Accepted,
26519159,0568000,LOUISVILLE METRO POLICE DEPT,Accepted,JEFFERSON,KY0146,,LA GRANGE,RD,,,,,REAMERS,,SADDLECREEK,38.296859373,-85.506230982,8.236,3/15/2020 12:00:00 AM,1622,2,2,0,0,CLOUDY,DRY,False,OTHER ROADWAY OR MID-BLOCK COLLISION,REAR END,STRAIGHT & LEVEL,DAYLIGHT,,,3/16/2020 9:12:12 AM,False,7751,Accepted,
26519167,0568000,LOUISVILLE METRO POLICE DEPT,Accepted,JEFFERSON,,,SOUTHERN,AVE,,,32ND,,,,,38.232077661,-85.808359521,0.350,3/15/2020 12:00:00 AM,1250,2,2,0,0,CLOUDY,DRY,False,ANGLE COLLISION - OTHER,ANGLE,STRAIGHT & LEVEL,DAYLIGHT,,,3/16/2020 9:12:32 AM,False,5151,Accepted,
26519168,0568000,LOUISVILLE METRO POLICE DEPT,Accepted,JEFFERSON,US0060A,,3RD,ST,S,US0060A,EASTERN,,,,,38.213786652,-85.762290644,3.406,3/15/2020 12:00:00 AM,1747,3,3,0,0,CLEAR,DRY,True,ANGLE COLLISION - ONE VEHICLE TURNING LEFT,ANGLE,STRAIGHT & GRADE,DAYLIGHT,,,3/16/2020 9:12:39 AM,False,7429,Accepted,
26519169,0568000,LOUISVILLE METRO POLICE DEPT,Accepted,JEFFERSON,US0060A,,TAYLOR,BLVD,,,LONGFIELD,,,,,38.198569416,-85.782778501,1.618,3/15/2020 12:00:00 AM,1437,2,2,0,0,CLOUDY,DRY,False,SIDESWIPE-SAME DIRECTION,SIDESWIPE-SAME DIRECTION,STRAIGHT & LEVEL,DAYLIGHT,,,3/16/2020 9:12:48 AM,False,5052,Accepted,
26519153,0568000,LOUISVILLE METRO POLICE DEPT,Accepted,JEFFERSON,US0031E,,BAXTER,AVE,,,CHRISTY,,,,,38.242087064,-85.725754786,15.784,3/15/2020 12:00:00 AM,1449,2,2,0,0,CLOUDY,DRY,False,ANGLE COLLISION - OTHER,ANGLE,STRAIGHT & LEVEL,DAYLIGHT,,,3/16/2020 9:11:53 AM,False,5020,Accepted,
26519118,0568000,LOUISVILLE METRO POLICE DEPT,Accepted,JEFFERSON,US0031W,5244,DIXIE,HWY,,,,,,,,38.161925433,-85.831683447,12.864,3/15/2020 12:00:00 AM,0007,2,1,0,1,CLEAR,WET,False,COLLISION WITH PEDESTRIAN NON - INTERSECTION,SINGLE VEHICLE,STRAIGHT & LEVEL,DARK-HWY LIGHTED/ON,,,3/16/2020 9:10:18 AM,False,7365,Accepted,
26519143,0568000,LOUISVILLE METRO POLICE DEPT,Accepted,JEFFERSON,,,FLOWERVALE,LN,,,,,DEERING,,LEWIS,38.088613275,-85.872757866,0.663,3/15/2020 12:00:00 AM,1159,2,2,0,0,CLEAR,DRY,False,1 VEHICLE ENTERING/LEAVING ENTRANCE,ANGLE,STRAIGHT & LEVEL,DAYLIGHT,,,3/16/2020 9:11:19 AM,False,6141,Accepted,
26519144,0568000,LOUISVILLE METRO POLICE DEPT,Accepted,JEFFERSON,,2034,WOODFORD,PL,,,,US0031E,BARDSTOWN,,SPRING,38.226618918,-85.693795364,0.128,3/15/2020 12:00:00 AM,1241,2,2,0,1,CLOUDY,DRY,False,1 VEHICLE PARKED POSITION (NOT PARKING LOT/DRIVEWAY),REAR END,STRAIGHT & GRADE,DAYLIGHT,,,3/16/2020 9:11:24 AM,False,2100,Accepted,
26519145,0568000,LOUISVILLE METRO POLICE DEPT,Accepted,JEFFERSON,I 0264,,,,,,,,,,,38.211124573,-85.671299305,,3/15/2020 12:00:00 AM,1100,2,2,0,0,CLEAR,DRY,False,OTHER RAMP RELATED COLLISIONS NOT LISTED ABOVE,OPPOSING LEFT TURN,STRAIGHT & LEVEL,DAYLIGHT,US31E N,I 0264,3/16/2020 9:11:28 AM,False,2673,Accepted,
26519151,0568000,LOUISVILLE METRO POLICE DEPT,Accepted,JEFFERSON,,3200,INDIAN,TRL,E,,,,,,,38.168660877,-85.701296065,0.287,3/15/2020 12:00:00 AM,1549,2,2,0,0,CLOUDY,DRY,True,1 VEHICLE ENTERING/LEAVING ENTRANCE,ANGLE,STRAIGHT & LEVEL,DAYLIGHT,,,3/16/2020 9:11:45 AM,False,2796,Accepted,
26519152,0568000,LOUISVILLE METRO POLICE DEPT,Accepted,JEFFERSON,KY0061,9800,PRESTON,HWY,,,,,,,,38.102042107,-85.671624536,1.288,3/15/2020 12:00:00 AM,1534,2,2,0,0,CLEAR,DRY,False,SIDESWIPE COLLISION - SAME DIRECTION,SIDESWIPE-SAME DIRECTION,STRAIGHT & LEVEL,DAYLIGHT,,,3/16/2020 9:11:49 AM,False,7799,Accepted,