IncidentID,AgencyORI,AgencyName,IncidentStatusDesc,County,RdwyNumber,Street,RoadwayName,StreetSfx,StreetDir,IntersectionRdwy,IntersectionRdwyName,BetweenStRdwy1,BetweenStRdwyName1,BetweenStRdwy2,BetweenStRdwyName2,Latitude,Longitude,Milepoint,CollisionDate,CollisionTime,UnitsInvolved,MotorVehiclesInvolved,NumberKilled,NumberInjured,Weather,RdwyConditionCode,HitandRun,DirAnalysisCode,MannerofCollision,RdwyCharacter,LightCondition,RampFromRdwyId,RampToRdwyId,AcceptedDate,IsSecondaryCollision,OwnerBadge,IncidentStatus,
26549728,0568000,LOUISVILLE METRO POLICE DEPT,Accepted,JEFFERSON,US0031W,,MAIN,ST,W,,,,,,,38.257185091,-85.761541810,21.663,3/13/2020 12:00:00 AM,2029,2,2,0,0,CLEAR,DRY,False,1 VEHICLE PARKED POSITION (NOT PARKING LOT/DRIVEWAY),SIDESWIPE-SAME DIRECTION,STRAIGHT & LEVEL,DUSK,,,3/25/2020 9:15:44 AM,False,5148,Accepted,
26562353,0568000,LOUISVILLE METRO POLICE DEPT,Accepted,JEFFERSON,KY0155,,TAYLORSVILLE LAKE,RD,,,,KY1531,KY1531 TURN LANE,KY0155,KY155,38.190198392,-85.475909899,4.216,3/13/2020 12:00:00 AM,2047,2,2,0,0,CLOUDY,DRY,False,SIDESWIPE COLLISION - SAME DIRECTION,SIDESWIPE-SAME DIRECTION,STRAIGHT & LEVEL,DARK-HWY NOT LIGHTED,,,3/30/2020 8:22:06 AM,False,7838,Accepted,
26549718,0568000,LOUISVILLE METRO POLICE DEPT,Accepted,JEFFERSON,,2525,FLOYD,ST,S,,,,,,,38.209715002,-85.755954657,3.168,3/12/2020 12:00:00 AM,0051,2,2,0,3,CLEAR,DRY,False,REAR END IN TRAFFIC LANES BOTH VEHICLES MOVING,REAR END,STRAIGHT & HILLCREST,DARK-HWY LIGHTED/ON,,,3/25/2020 9:14:57 AM,False,6886,Accepted,
26549752,0568000,LOUISVILLE METRO POLICE DEPT,Accepted,JEFFERSON,,,DIXIE,HWY,,,OAK,,,,,38.237427760,-85.786765247,0.835,3/12/2020 12:00:00 AM,1800,2,2,0,0,RAINING,WET,True,OTHER INTERSECTION COLLISIONS,REAR END,STRAIGHT & LEVEL,DAYLIGHT,,,3/25/2020 9:16:16 AM,False,7326,Accepted,
26569250,0568000,LOUISVILLE METRO POLICE DEPT,Accepted,JEFFERSON,KY0155,,TAYLORSVILLE,RD,,KY2048,DUTCHMANS,,,,,38.222186269,-85.658685017,15.121,3/12/2020 12:00:00 AM,1540,2,2,0,0,RAINING,WET,False,OTHER INTERSECTION COLLISIONS,REAR END,STRAIGHT & LEVEL,DAYLIGHT,,,4/1/2020 8:01:21 AM,False,7793,Accepted,
26567204,0568000,LOUISVILLE METRO POLICE DEPT,Accepted,JEFFERSON,,1706,DEERWOOD,AVE,,,,,,,,38.226631810,-85.709762217,0.184,3/12/2020 12:00:00 AM,0800,2,2,0,0,CLOUDY,DRY,False,SIDESWIPE COLLISION - SAME DIRECTION,SIDESWIPE-SAME DIRECTION,STRAIGHT & LEVEL,DAYLIGHT,,,3/31/2020 2:00:29 PM,False,7570,Accepted,
26552876,0568000,LOUISVILLE METRO POLICE DEPT,Accepted,JEFFERSON,,,PEE WEE REESE,RD,,,CHEROKEE GARDENS,,,,,38.241259417,-85.674094613,1.499,3/12/2020 12:00:00 AM,1646,2,2,0,0,RAINING,WET,False,OTHER INTERSECTION COLLISIONS,REAR END,CURVE & LEVEL,DAYLIGHT,,,3/26/2020 8:02:18 AM,False,7180,Accepted,
26536731,0568000,LOUISVILLE METRO POLICE DEPT,Accepted,JEFFERSON,I 0065,,I65 S,,,,,I 0065,I65 S EXIT130 ON RAMP FROM  GRADE LN,I 0065,I65 S EXIT128 OFF RAMP TO KY1631,38.169594115,-85.720896831,129.135,3/12/2020 12:00:00 AM,1825,2,2,0,0,RAINING,WET,False,1 VEHICLE ENTERING/LEAVING ENTRANCE,ANGLE,CURVE & GRADE,DAYLIGHT,,,3/20/2020 10:23:31 AM,False,7830,Accepted,
26524097,0568000,LOUISVILLE METRO POLICE DEPT,Accepted,JEFFERSON,,,34TH,ST,S,,,,,,,38.245948506,-85.808789353,1.158,3/12/2020 12:00:00 AM,2115,2,2,0,0,RAINING,WET,False,OTHER ROADWAY OR MID-BLOCK COLLISION,REAR TO REAR,STRAIGHT & LEVEL,DARK-HWY LIGHTED/ON,,,3/17/2020 8:27:14 AM,False,7626,Accepted,
26524087,0568000,LOUISVILLE METRO POLICE DEPT,Accepted,JEFFERSON,KY1747,,HURSTBOURNE,PKWY,N,KY1447,WESTPORT,,,,,38.288181565,-85.572826934,17.093,3/12/2020 12:00:00 AM,1829,3,3,0,0,RAINING,WET,False,OTHER INTERSECTION COLLISIONS,REAR END,STRAIGHT & LEVEL,DUSK,,,3/17/2020 8:26:41 AM,False,7207,Accepted,
26524093,0568000,LOUISVILLE METRO POLICE DEPT,Accepted,JEFFERSON,KY1450,,BLUE LICK,RD,,,RIPPLE CREEK,,,,,38.100092356,-85.694907753,1.006,3/12/2020 12:00:00 AM,1702,2,2,0,0,RAINING,WET,False,ANGLE COLLISION - OTHER,ANGLE,STRAIGHT & GRADE,DAYLIGHT,,,3/17/2020 8:27:00 AM,False,7829,Accepted,
26529117,0568000,LOUISVILLE METRO POLICE DEPT,Accepted,JEFFERSON,I 0064,,I64 E,,,,,,,,,38.258794919,-85.757574037,4.491,3/12/2020 12:00:00 AM,0947,2,2,0,0,CLEAR,DRY,False,REAR END IN TRAFFIC LANES BOTH VEHICLES MOVING,REAR END,STRAIGHT & LEVEL,DAYLIGHT,,,3/18/2020 8:17:18 AM,False,5173,Accepted,
26508171,0568000,LOUISVILLE METRO POLICE DEPT,Accepted,JEFFERSON,,,ASHLAND,AVE,W,KY1865,TAYLOR,,,,,38.186586972,-85.783658819,0.984,3/12/2020 12:00:00 AM,2354,2,2,0,0,RAINING,WET,False,OTHER INTERSECTION COLLISIONS,REAR END,STRAIGHT & LEVEL,DUSK,,,3/13/2020 9:14:04 AM,False,7400,Accepted,
26508173,0568000,LOUISVILLE METRO POLICE DEPT,Accepted,JEFFERSON,US0031W,,DIXIE,HWY,,,,,BONNYVILLE,,MEYERS,38.166904703,-85.829398765,13.184,3/12/2020 12:00:00 AM,2230,2,2,0,0,RAINING,WET,False,1 VEHICLE ENTERING/LEAVING ENTRANCE,ANGLE,STRAIGHT & LEVEL,DARK-HWY LIGHTED/ON,,,3/13/2020 9:14:12 AM,False,7992,Accepted,
26508155,0568000,LOUISVILLE METRO POLICE DEPT,Accepted,JEFFERSON,I 0264,,I264 E,,,,,,,,,38.221595802,-85.650548832,17.006,3/12/2020 12:00:00 AM,1613,2,2,0,0,RAINING,WET,False,SIDESWIPE COLLISION - SAME DIRECTION,SIDESWIPE-SAME DIRECTION,STRAIGHT & HILLCREST,DAYLIGHT,,,3/13/2020 9:13:05 AM,False,7482,Accepted,
26508156,0568000,LOUISVILLE METRO POLICE DEPT,Accepted,JEFFERSON,US0031W,,DIXIE,HWY,,US0031W,US31W RAMP FROM KY841,,,,,38.093670402,-85.874964524,7.592,3/12/2020 12:00:00 AM,1603,2,2,0,0,RAINING,WET,False,OTHER INTERSECTION COLLISIONS,REAR END,STRAIGHT & GRADE,DAYLIGHT,,,3/13/2020 9:13:08 AM,False,7483,Accepted,
26508162,0568000,LOUISVILLE METRO POLICE DEPT,Accepted,JEFFERSON,US0060A,2505,GRINSTEAD,DR,,,,,,,,38.243986981,-85.704323928,7.823,3/12/2020 12:00:00 AM,0415,1,1,0,0,CLEAR,DRY,False,COLLISION WITH FIXED OBJECT NON - INTERSECTION - FIRST EVENT COLLISION 09 - 32 EXCLUDING 16,SINGLE VEHICLE,STRAIGHT & LEVEL,DARK-HWY LIGHTED/ON,,,3/13/2020 9:13:30 AM,False,2192,Accepted,
26508163,0568000,LOUISVILLE METRO POLICE DEPT,Accepted,JEFFERSON,KY1703,,BAXTER,AVE,,,CASTLEWOOD,,,,,38.230243483,-85.716288062,4.870,3/12/2020 12:00:00 AM,1934,3,3,0,0,RAINING,WET,False,ANGLE COLLISION - OTHER,ANGLE,STRAIGHT & GRADE,DARK-HWY LIGHTED/ON,,,3/13/2020 9:13:34 AM,False,7049,Accepted,
26508164,0568000,LOUISVILLE METRO POLICE DEPT,Accepted,JEFFERSON,US0150,801,BROADWAY,,W,,,,,,,38.246812186,-85.765786632,1.976,3/12/2020 12:00:00 AM,2102,2,2,0,0,RAINING,WET,True,COLLISION IN PARKING LOT,REAR TO REAR,,DARK-HWY LIGHTED/ON,,,3/13/2020 9:13:38 AM,False,7823,Accepted,
26508104,0568000,LOUISVILLE METRO POLICE DEPT,Accepted,JEFFERSON,,,BRENTLINGER,LN,,,WINDGATE,,,,,38.134512433,-85.564827105,0.815,3/12/2020 12:00:00 AM,1511,2,2,0,0,CLOUDY,DRY,False,ANGLE COLLISION - OTHER,ANGLE,STRAIGHT & LEVEL,DAYLIGHT,,,3/13/2020 9:10:15 AM,False,7698,Accepted,
26508105,0568000,LOUISVILLE METRO POLICE DEPT,Accepted,JEFFERSON,,,MUHAMMAD ALI,BLVD,W,,26TH,,,,,38.255192637,-85.794266613,2.291,3/12/2020 12:00:00 AM,1435,2,2,0,1,CLOUDY,DRY,True,ANGLE COLLISION - OTHER,ANGLE,STRAIGHT & LEVEL,DAYLIGHT,,,3/13/2020 9:10:20 AM,False,7479,Accepted,
26508112,0568000,LOUISVILLE METRO POLICE DEPT,Accepted,JEFFERSON,,,1ST,ST,S,,GARRETT,,,,,38.199522557,-85.761634982,2.672,3/12/2020 12:00:00 AM,1651,2,2,0,0,RAINING,WET,True,ANGLE COLLISION - OTHER,ANGLE,STRAIGHT & LEVEL,DAWN,,,3/13/2020 9:10:36 AM,False,5045,Accepted,
26508113,0568000,LOUISVILLE METRO POLICE DEPT,Accepted,JEFFERSON,US0031,,CLARK MEMORIAL,BRG,,,,,,,,38.260191460,-85.752435022,0.277,3/12/2020 12:00:00 AM,1601,3,3,0,0,RAINING,WET,False,SIDESWIPE COLLISION - SAME DIRECTION,SIDESWIPE-SAME DIRECTION,STRAIGHT & HILLCREST,DAYLIGHT,,,3/13/2020 9:10:39 AM,False,5187,Accepted,
26508114,0568000,LOUISVILLE METRO POLICE DEPT,Accepted,JEFFERSON,,,7TH,ST,S,,ST CATHERINE,,,,,38.237728578,-85.764744561,1.413,3/12/2020 12:00:00 AM,0725,2,2,0,1,CLEAR,DRY,False,ANGLE COLLISION - OTHER,ANGLE,STRAIGHT & LEVEL,DAWN,,,3/13/2020 9:10:43 AM,False,7132,Accepted,
26508137,0568000,LOUISVILLE METRO POLICE DEPT,Accepted,JEFFERSON,KY1447,,WESTPORT,RD,,,,,,,,38.296145103,-85.553388721,6.392,3/12/2020 12:00:00 AM,1800,2,2,0,0,RAINING,WET,True,OTHER ROADWAY OR MID-BLOCK COLLISION,REAR END,STRAIGHT & LEVEL,DAYLIGHT,,,3/13/2020 9:11:56 AM,False,7839,Accepted,
26508138,0568000,LOUISVILLE METRO POLICE DEPT,Accepted,JEFFERSON,I 0264,,I264 W,,,,,,,,,38.190736147,-85.724660824,12.360,3/12/2020 12:00:00 AM,1105,2,2,0,0,CLOUDY,DRY,False,SIDESWIPE COLLISION - SAME DIRECTION,SIDESWIPE-SAME DIRECTION,STRAIGHT & LEVEL,DAYLIGHT,,,3/13/2020 9:11:59 AM,False,7398,Accepted,
26508147,0568000,LOUISVILLE METRO POLICE DEPT,Accepted,JEFFERSON,,,7TH,ST,S,US0031W,MARKET,,,,,38.255770062,-85.761872631,2.665,3/12/2020 12:00:00 AM,1538,2,2,0,1,CLOUDY,DRY,False,SIDESWIPE-SAME DIRECTION,SIDESWIPE-SAME DIRECTION,STRAIGHT & LEVEL,DAYLIGHT,,,3/13/2020 9:12:41 AM,False,7786,Accepted,
26508148,0568000,LOUISVILLE METRO POLICE DEPT,Accepted,JEFFERSON,I 0065,,,,,,,,,,,38.256080177,-85.742506019,0.245,3/12/2020 12:00:00 AM,1713,2,2,0,0,RAINING,WATER (STANDING OR MOVING),False,OTHER RAMP RELATED COLLISIONS NOT LISTED ABOVE,REAR END,STRAIGHT & LEVEL,DAYLIGHT,I 0065,E JEFFERSON ST,3/13/2020 9:12:44 AM,False,7786,Accepted,
26508124,0568000,LOUISVILLE METRO POLICE DEPT,Accepted,JEFFERSON,KY0146,,LA GRANGE,RD,,,SPRINGS STATION,,,,,38.292241312,-85.510016942,7.807,3/12/2020 12:00:00 AM,1701,2,2,0,0,RAINING,WET,False,OTHER INTERSECTION COLLISIONS,REAR END,STRAIGHT & LEVEL,DAYLIGHT,,,3/13/2020 9:11:19 AM,False,6334,Accepted,
26508132,0568000,LOUISVILLE METRO POLICE DEPT,Accepted,JEFFERSON,,,CHESTNUT,ST,W,,16TH,,,,,38.251169181,-85.777745701,1.270,3/12/2020 12:00:00 AM,0833,2,2,0,4,CLEAR,DRY,False,ANGLE COLLISION - OTHER,ANGLE,STRAIGHT & LEVEL,DAYLIGHT,,,3/13/2020 9:11:43 AM,False,7805,Accepted,
26512345,0560400,SHIVELY POLICE DEPARTMENT,Accepted,JEFFERSON,I 0264,,I264 E,,,,,,,,,38.187318638,-85.828575339,6.601,3/12/2020 12:00:00 AM,2126,1,1,0,2,RAINING,WATER (STANDING OR MOVING),False,OTHER ROADWAY OR MID-BLOCK COLLISION,SINGLE VEHICLE,CURVE & GRADE,DARK-HWY LIGHTED/ON,,,3/14/2020 4:43:55 AM,False,7107,Accepted,
26504070,0568000,LOUISVILLE METRO POLICE DEPT,Accepted,JEFFERSON,US0031E,,BARDSTOWN,RD,,,,,,,,38.210402134,-85.670729923,11.998,3/12/2020 12:00:00 AM,0820,2,2,0,0,CLEAR,DRY,False,REAR END IN TRAFFIC LANES BOTH VEHICLES MOVING,REAR END,STRAIGHT & LEVEL,DAYLIGHT,,,3/12/2020 1:56:23 PM,False,7793,Accepted,
26508095,0568000,LOUISVILLE METRO POLICE DEPT,Accepted,JEFFERSON,US0031E,,BARDSTOWN,RD,,,,,,,,38.147444332,-85.587113489,5.294,3/12/2020 12:00:00 AM,1334,2,2,0,0,CLOUDY,DRY,False,COLLISION IN PARKING LOT,ANGLE,STRAIGHT & LEVEL,DAYLIGHT,,,3/13/2020 9:09:47 AM,False,4693,Accepted,
26508089,0568000,LOUISVILLE METRO POLICE DEPT,Accepted,JEFFERSON,,,7TH,ST,S,,JEFFERSON,,,,,38.254279631,-85.762028844,2.567,3/12/2020 12:00:00 AM,0908,2,2,0,0,CLEAR,DRY,False,SIDESWIPE-SAME DIRECTION,SIDESWIPE-SAME DIRECTION,STRAIGHT & LEVEL,DAYLIGHT,,,3/13/2020 9:09:26 AM,False,5168,Accepted,
26508090,0568000,LOUISVILLE METRO POLICE DEPT,Accepted,JEFFERSON,,719,4TH,ST,S,,,,,,,38.244693328,-85.758646168,0.831,3/12/2020 12:00:00 AM,1101,2,2,0,1,CLEAR,DRY,False,1 VEHICLE PARKED POSITION (NOT PARKING LOT/DRIVEWAY),REAR END,STRAIGHT & LEVEL,DAYLIGHT,,,3/13/2020 9:09:30 AM,False,5168,Accepted,
26508099,0568000,LOUISVILLE METRO POLICE DEPT,Accepted,JEFFERSON,,,WINGFIELD,RD,,US0031E,BARDSTOWN,,,,,38.138342029,-85.581301911,0.026,3/12/2020 12:00:00 AM,0900,2,2,0,0,CLOUDY,DRY,False,OPPOSING LEFT TURN,OPPOSING LEFT TURN,STRAIGHT & LEVEL,DAYLIGHT,,,3/13/2020 9:09:54 AM,False,7545,Accepted,
26508107,0568000,LOUISVILLE METRO POLICE DEPT,Accepted,JEFFERSON,,432,18TH,ST,S,,,,,,,38.252056752,-85.780938066,0.496,3/12/2020 12:00:00 AM,1051,2,2,0,0,CLEAR,DRY,True,1 VEHICLE PARKED POSITION (NOT PARKING LOT/DRIVEWAY),SIDESWIPE-SAME DIRECTION,STRAIGHT & LEVEL,DAYLIGHT,,,3/13/2020 9:10:23 AM,False,7479,Accepted,
26508115,0568000,LOUISVILLE METRO POLICE DEPT,Accepted,JEFFERSON,,,4TH,ST,S,,MAGNOLIA,,,,,38.229159945,-85.761373413,1.914,3/12/2020 12:00:00 AM,1217,2,2,0,2,CLEAR,DRY,False,OPPOSITE DIRECTION - BOTH VEHICLES GOING STRAIGHT AHEAD,SIDESWIPE-OPPOSITE DIRECTION,STRAIGHT & LEVEL,DAYLIGHT,,,3/13/2020 9:10:47 AM,False,7132,Accepted,
26508121,0568000,LOUISVILLE METRO POLICE DEPT,Accepted,JEFFERSON,KY1747,,HURSTBOURNE,PKWY,N,KY1447,WESTPORT,,,,,38.287577261,-85.572400890,17.035,3/12/2020 12:00:00 AM,1653,2,2,0,0,RAINING,WET,False,OTHER INTERSECTION COLLISIONS,REAR END,STRAIGHT & LEVEL,DAYLIGHT,,,3/13/2020 9:11:09 AM,False,6929,Accepted,
26508122,0568000,LOUISVILLE METRO POLICE DEPT,Accepted,JEFFERSON,,,CLIFTON,AVE,N,,,,,,,38.254432850,-85.705884950,0.336,3/12/2020 12:00:00 AM,1710,2,2,0,0,RAINING,WET,False,1 VEHICLE ENTERING/LEAVING ENTRANCE,ANGLE,STRAIGHT & LEVEL,DAYLIGHT,,,3/13/2020 9:11:12 AM,False,7023,Accepted,
26508123,0568000,LOUISVILLE METRO POLICE DEPT,Accepted,JEFFERSON,KY0061,,PRESTON,HWY,,,GRADE,,,,,38.179798960,-85.718189316,7.337,3/12/2020 12:00:00 AM,0734,2,2,0,0,CLEAR,DRY,False,SIDESWIPE-SAME DIRECTION,SIDESWIPE-SAME DIRECTION,STRAIGHT & LEVEL,DAWN,,,3/13/2020 9:11:16 AM,False,5027,Accepted,
26508129,0568000,LOUISVILLE METRO POLICE DEPT,Accepted,JEFFERSON,,,JEFFERSON,ST,E,,FLOYD,,,,,38.252889051,-85.748392336,0.847,3/12/2020 12:00:00 AM,1655,2,2,0,0,RAINING,WET,False,ANGLE COLLISION - OTHER,ANGLE,STRAIGHT & LEVEL,DAYLIGHT,,,3/13/2020 9:11:32 AM,False,6360,Accepted,
26508130,0568000,LOUISVILLE METRO POLICE DEPT,Accepted,JEFFERSON,KY1932,,BRECKENRIDGE,LN,,,COUNTRY ACRES,,,,,38.183915331,-85.626354058,0.189,3/12/2020 12:00:00 AM,1742,2,2,0,0,RAINING,WET,False,OTHER INTERSECTION COLLISIONS,REAR END,STRAIGHT & LEVEL,DAYLIGHT,,,3/13/2020 9:11:35 AM,False,7338,Accepted,
26508157,0568000,LOUISVILLE METRO POLICE DEPT,Accepted,JEFFERSON,KY0907,,VALLEY STATION,RD,,,DEERING,,,,,38.105672285,-85.861400641,0.322,3/12/2020 12:00:00 AM,1902,3,3,0,0,RAINING,WET,False,OTHER INTERSECTION COLLISIONS,REAR END,STRAIGHT & LEVEL,DAYLIGHT,,,3/13/2020 9:13:12 AM,False,7483,Accepted,
26508165,0568000,LOUISVILLE METRO POLICE DEPT,Accepted,JEFFERSON,,,MARKET,ST,W,,,,,,,38.261149196,-85.808356690,1.199,3/12/2020 12:00:00 AM,2211,2,2,0,0,RAINING,WET,True,1 VEHICLE ENTERING/LEAVING ENTRANCE,ANGLE,STRAIGHT & LEVEL,DARK-HWY LIGHTED/ON,,,3/13/2020 9:13:41 AM,False,7481,Accepted,
26508166,0568000,LOUISVILLE METRO POLICE DEPT,Accepted,JEFFERSON,,,MUHAMMAD ALI,BLVD,E,KY0061,PRESTON,,,,,38.249959424,-85.746834490,0.722,3/12/2020 12:00:00 AM,0730,2,1,0,1,CLEAR,DRY,False,COLLISION WITH PEDESTRIAN IN INTERSECTION,SINGLE VEHICLE,STRAIGHT & LEVEL,DAYLIGHT,,,3/13/2020 9:13:44 AM,False,5135,Accepted,
26508174,0568000,LOUISVILLE METRO POLICE DEPT,Accepted,JEFFERSON,,,RANGELAND,RD,,KY0864,POPLAR LEVEL,,,,,38.167365443,-85.681685401,0.006,3/12/2020 12:00:00 AM,2155,2,2,0,0,RAINING,WET,True,OTHER INTERSECTION COLLISIONS,REAR END,STRAIGHT & LEVEL,DARK-HWY LIGHTED/ON,,,3/13/2020 9:14:15 AM,False,5165,Accepted,
26509878,0568000,LOUISVILLE METRO POLICE DEPT,Accepted,JEFFERSON,I 0071,,I71 S,,,,,,,,,38.316068574,-85.579615559,9.232,3/12/2020 12:00:00 AM,2002,2,2,0,0,RAINING,WET,False,SIDESWIPE COLLISION - SAME DIRECTION,SIDESWIPE-SAME DIRECTION,STRAIGHT & LEVEL,DARK-HWY LIGHTED/OFF,,,3/13/2020 2:53:43 PM,False,7369,Accepted,
26519071,0568000,LOUISVILLE METRO POLICE DEPT,Accepted,JEFFERSON,,,ST CATHERINE,ST,E,,1ST,,,,,38.236876534,-85.754928284,1.317,3/12/2020 12:00:00 AM,1139,2,2,0,2,CLOUDY,DRY,False,ANGLE COLLISION - OTHER,ANGLE,STRAIGHT & LEVEL,DAYLIGHT,,,3/16/2020 9:08:09 AM,False,7441,Accepted,
26519175,0568000,LOUISVILLE METRO POLICE DEPT,Accepted,JEFFERSON,,,BISHOP,LN,,,JENNINGS,,,,,38.192029067,-85.687073383,0.850,3/12/2020 12:00:00 AM,1254,2,2,0,0,CLEAR,DRY,False,ANGLE COLLISION - OTHER,ANGLE,STRAIGHT & LEVEL,DAYLIGHT,,,3/16/2020 9:13:06 AM,False,7283,Accepted,
26519072,0568000,LOUISVILLE METRO POLICE DEPT,Accepted,JEFFERSON,,,SHELBY,ST,S,,KESWICK,,,,,38.218229062,-85.743955324,0.886,3/12/2020 12:00:00 AM,0902,2,2,0,0,CLEAR,DRY,False,ANGLE COLLISION - OTHER,ANGLE,STRAIGHT & LEVEL,DAYLIGHT,,,3/16/2020 9:08:14 AM,False,7441,Accepted,
26519074,0568000,LOUISVILLE METRO POLICE DEPT,Accepted,JEFFERSON,US0060A,,EASTERN,PKWY,,KY0061,SHELBY,,,,,38.214993440,-85.742403302,4.599,3/12/2020 12:00:00 AM,1643,2,2,0,0,RAINING,WET,True,OTHER INTERSECTION COLLISIONS,REAR END,STRAIGHT & LEVEL,DAYLIGHT,,,3/16/2020 9:08:18 AM,False,7441,Accepted,
26509873,0568000,LOUISVILLE METRO POLICE DEPT,Accepted,JEFFERSON,,,BRADFORD,DR,,,GLEN OAK,,,,,38.199537267,-85.645817490,0.513,3/12/2020 12:00:00 AM,1022,2,2,0,0,CLOUDY,DRY,False,ANGLE COLLISION - OTHER,ANGLE,STRAIGHT & LEVEL,DAYLIGHT,,,3/13/2020 2:53:30 PM,False,4693,Accepted,
26508177,0568000,LOUISVILLE METRO POLICE DEPT,Accepted,JEFFERSON,I 0264,,I264 W,,,,,,,,,38.200899844,-85.695711695,14.134,3/12/2020 12:00:00 AM,1924,2,2,0,0,RAINING,WET,False,REAR END IN TRAFFIC LANES BOTH VEHICLES MOVING,REAR END,STRAIGHT & HILLCREST,DAYLIGHT,,,3/13/2020 9:14:30 AM,False,5001,Accepted,
26508119,0568000,LOUISVILLE METRO POLICE DEPT,Accepted,JEFFERSON,,4607,LOWE,RD,,,,,REGENCY WOODS,,OXMOOR GLEN,38.224718534,-85.611065156,0.458,3/12/2020 12:00:00 AM,1507,1,1,0,0,CLOUDY,DRY,False,COLLISION WITH FIXED OBJECT NON - INTERSECTION - FIRST EVENT COLLISION 09 - 32 EXCLUDING 16,SINGLE VEHICLE,CURVE & LEVEL,DAYLIGHT,,,3/13/2020 9:11:01 AM,False,5247,Accepted,
26508120,0568000,LOUISVILLE METRO POLICE DEPT,Accepted,JEFFERSON,I 0265,,I265 S,,,,,,,,,38.283525711,-85.501722149,29.670,3/12/2020 12:00:00 AM,1645,3,3,0,0,RAINING,WET,False,OTHER ROADWAY OR MID-BLOCK COLLISION,REAR END,STRAIGHT & LEVEL,DAYLIGHT,,,3/13/2020 9:11:05 AM,False,6953,Accepted,
26508128,0568000,LOUISVILLE METRO POLICE DEPT,Accepted,JEFFERSON,,,BROOK,ST,S,,CHESTNUT,,,,,38.248392224,-85.751848385,3.049,3/12/2020 12:00:00 AM,1546,1,1,0,0,RAINING,WET,False,COLLISION WITH FIXED OBJECT IN INTERSECTION - FIRST EVENT COLLISION 09 - 32,SINGLE VEHICLE,STRAIGHT & LEVEL,DAYLIGHT,,,3/13/2020 9:11:29 AM,False,6360,Accepted,
26508144,0568000,LOUISVILLE METRO POLICE DEPT,Accepted,JEFFERSON,KY1747,,HURSTBOURNE,PKWY,S,,BUNSEN,,,,,38.218988585,-85.584204469,11.455,3/12/2020 12:00:00 AM,1815,2,2,0,0,RAINING,WET,False,SIDESWIPE-SAME DIRECTION,SIDESWIPE-SAME DIRECTION,STRAIGHT & LEVEL,DAYLIGHT,,,3/13/2020 9:12:27 AM,False,5247,Accepted,
26508153,0568000,LOUISVILLE METRO POLICE DEPT,Accepted,JEFFERSON,I 0065,,,,,,,,,,,38.189096910,-85.726093998,0.351,3/12/2020 12:00:00 AM,1845,1,1,0,0,RAINING,WET,False,OTHER RAMP RELATED COLLISIONS NOT LISTED ABOVE,SINGLE VEHICLE,CURVE & HILLCREST,DUSK,I 0065,I 0264,3/13/2020 9:13:01 AM,False,7294,Accepted,
26508161,0568000,LOUISVILLE METRO POLICE DEPT,Accepted,JEFFERSON,,,WINNROSE,WAY,,,,,,,,38.239010359,-85.826762318,0.266,3/12/2020 12:00:00 AM,1750,1,1,0,0,RAINING,WET,False,COLLISION WITH FIXED OBJECT NON - INTERSECTION - FIRST EVENT COLLISION 09 - 32 EXCLUDING 16,SINGLE VEHICLE,CURVE & LEVEL,DAYLIGHT,,,3/13/2020 9:13:27 AM,False,7357,Accepted,
26508169,0568000,LOUISVILLE METRO POLICE DEPT,Accepted,JEFFERSON,KY0864,,POPLAR LEVEL,RD,,,,,,,,38.219557154,-85.728698597,13.390,3/12/2020 12:00:00 AM,2329,1,1,0,0,RAINING,WET,False,COLLISION WITH FIXED OBJECT NON - INTERSECTION - FIRST EVENT COLLISION 09 - 32 EXCLUDING 16,SINGLE VEHICLE,CURVE & GRADE,DARK-HWY LIGHTED/ON,,,3/13/2020 9:13:56 AM,False,5203,Accepted,
26508170,0568000,LOUISVILLE METRO POLICE DEPT,Accepted,JEFFERSON,KY1020,,3RD,ST,S,,CENTRAL,,,,,38.204826835,-85.763966275,9.476,3/12/2020 12:00:00 AM,2038,2,2,0,0,RAINING,WET,True,OTHER INTERSECTION COLLISIONS,REAR END,STRAIGHT & LEVEL,DUSK,,,3/13/2020 9:14:00 AM,False,7400,Accepted,