IncidentID,AgencyORI,AgencyName,IncidentStatusDesc,County,RdwyNumber,Street,RoadwayName,StreetSfx,StreetDir,IntersectionRdwy,IntersectionRdwyName,BetweenStRdwy1,BetweenStRdwyName1,BetweenStRdwy2,BetweenStRdwyName2,Latitude,Longitude,Milepoint,CollisionDate,CollisionTime,UnitsInvolved,MotorVehiclesInvolved,NumberKilled,NumberInjured,Weather,RdwyConditionCode,HitandRun,DirAnalysisCode,MannerofCollision,RdwyCharacter,LightCondition,RampFromRdwyId,RampToRdwyId,AcceptedDate,IsSecondaryCollision,OwnerBadge,IncidentStatus,
26508178,0568000,LOUISVILLE METRO POLICE DEPT,Accepted,JEFFERSON,,4921,SHASTA,TRL,,,,,,,,38.179755307,-85.670154884,0.627,3/12/2020 12:00:00 AM,1925,2,2,0,0,RAINING,WET,False,1 VEHICLE PARKED POSITION (NOT PARKING LOT/DRIVEWAY),SIDESWIPE-OPPOSITE DIRECTION,STRAIGHT & LEVEL,DAYLIGHT,,,3/13/2020 9:14:36 AM,False,5001,Accepted,
26502532,0568000,LOUISVILLE METRO POLICE DEPT,Accepted,JEFFERSON,I 0065,,I65 N EXIT133A OFF RAMP TO  EASTERN PKWY,,,,,,,,,38.211658743,-85.751826138,0.100,3/12/2020 12:00:00 AM,0413,2,2,0,0,CLEAR,DRY,False,OTHER RAMP RELATED COLLISIONS NOT LISTED ABOVE,REAR END,STRAIGHT & LEVEL,DARK-HWY LIGHTED/ON,I 0065,EASTERN PKWY,3/12/2020 8:51:52 AM,False,5196,Accepted,
26508125,0568000,LOUISVILLE METRO POLICE DEPT,Accepted,JEFFERSON,I 0265,,I265 N,,,,,I 0265,I265 N EXIT30 ON RAMP FROM KY146,I 0265,I265 N EXIT33 OFF RAMP TO KY1447,38.287702073,-85.526038201,31.115,3/12/2020 12:00:00 AM,1654,2,2,0,0,RAINING,WET,False,SIDESWIPE COLLISION - SAME DIRECTION,SIDESWIPE-SAME DIRECTION,STRAIGHT & LEVEL,DAYLIGHT,,,3/13/2020 9:11:22 AM,False,2969,Accepted,
26508127,0568000,LOUISVILLE METRO POLICE DEPT,Accepted,JEFFERSON,,,BROOK,ST,S,US0150,BROADWAY,,,,,38.245586383,-85.751717863,2.851,3/12/2020 12:00:00 AM,1514,2,2,0,0,CLOUDY,DRY,False,ANGLE COLLISION - ONE VEHICLE TURNING RIGHT,ANGLE,STRAIGHT & LEVEL,DAYLIGHT,,,3/13/2020 9:11:26 AM,False,6360,Accepted,
26508134,0568000,LOUISVILLE METRO POLICE DEPT,Accepted,JEFFERSON,KY0022,,BROWNSBORO,RD,,,,,,,,38.309371212,-85.572184846,4.110,3/12/2020 12:00:00 AM,1542,2,2,0,0,RAINING,WET,False,SIDESWIPE COLLISION - SAME DIRECTION,SIDESWIPE-SAME DIRECTION,STRAIGHT & LEVEL,DAYLIGHT,,,3/13/2020 9:11:49 AM,False,7839,Accepted,
26508135,0568000,LOUISVILLE METRO POLICE DEPT,Accepted,JEFFERSON,KY0022,,BROWNSBORO,RD,,,,,,,,38.283832249,-85.628074845,0.445,3/12/2020 12:00:00 AM,1501,2,2,0,0,CLEAR,DRY,False,OTHER ROADWAY OR MID-BLOCK COLLISION,REAR END,STRAIGHT & LEVEL,DAYLIGHT,,,3/13/2020 9:11:53 AM,False,7839,Accepted,
26508141,0568000,LOUISVILLE METRO POLICE DEPT,Accepted,JEFFERSON,,,35TH,ST,N,,DUNCAN,,,,,38.264984268,-85.807919460,0.638,3/12/2020 12:00:00 AM,1710,2,2,0,0,RAINING,WATER (STANDING OR MOVING),False,ANGLE COLLISION - OTHER,ANGLE,STRAIGHT & LEVEL,DAYLIGHT,,,3/13/2020 9:12:09 AM,False,5000,Accepted,
26508142,0568000,LOUISVILLE METRO POLICE DEPT,Accepted,JEFFERSON,KY1932,,BRECKENRIDGE,LN,,,,,BERKSHIRE,KY0155,TAYLORSVILLE,38.220290248,-85.630638795,2.873,3/12/2020 12:00:00 AM,1736,2,2,0,0,RAINING,WET,False,1 VEHICLE ENTERING/LEAVING ENTRANCE,ANGLE,STRAIGHT & LEVEL,DAYLIGHT,,,3/13/2020 9:12:16 AM,False,7448,Accepted,
26508143,0568000,LOUISVILLE METRO POLICE DEPT,Accepted,JEFFERSON,KY0061,,PRESTON,HWY,,,GLEN ROSE,,,,,38.113949822,-85.675947775,2.124,3/12/2020 12:00:00 AM,1709,2,2,0,2,RAINING,WET,False,ANGLE COLLISION - ONE VEHICLE TURNING LEFT,ANGLE,STRAIGHT & LEVEL,DAYLIGHT,,,3/13/2020 9:12:22 AM,False,7465,Accepted,
26508150,0568000,LOUISVILLE METRO POLICE DEPT,Accepted,JEFFERSON,KY1931,,MANSLICK,RD,,,VISTA JOHN,,,,,38.156112121,-85.801274908,5.545,3/12/2020 12:00:00 AM,1700,2,2,0,0,RAINING,WET,False,OTHER INTERSECTION COLLISIONS,REAR END,STRAIGHT & GRADE,DAYLIGHT,,,3/13/2020 9:12:51 AM,False,7340,Accepted,
26502539,0568000,LOUISVILLE METRO POLICE DEPT,Accepted,JEFFERSON,,,6TH,ST,S,,MUHAMMAD ALI,,,,,38.251622160,-85.760859089,0.373,3/12/2020 12:00:00 AM,0615,2,2,0,0,CLEAR,DRY,False,ANGLE COLLISION - OTHER,ANGLE,STRAIGHT & LEVEL,DARK-HWY LIGHTED/ON,,,3/12/2020 8:52:13 AM,False,5271,Accepted,
26504077,0568000,LOUISVILLE METRO POLICE DEPT,Accepted,JEFFERSON,,,MUHAMMAD ALI,BLVD,W,,,,,,,38.255006380,-85.792768831,2.210,3/12/2020 12:00:00 AM,0112,4,4,0,1,CLEAR,DRY,False,1 VEHICLE PARKED POSITION (NOT PARKING LOT/DRIVEWAY),SIDESWIPE-SAME DIRECTION,STRAIGHT & LEVEL,DAYLIGHT,,,3/12/2020 1:56:55 PM,False,7988,Accepted,
26508151,0568000,LOUISVILLE METRO POLICE DEPT,Accepted,JEFFERSON,,,NORRIS,PL,,,SPEED,,,,,38.225091870,-85.706789657,0.550,3/12/2020 12:00:00 AM,1125,2,2,0,0,CLOUDY,DRY,False,ANGLE COLLISION - OTHER,ANGLE,STRAIGHT & LEVEL,DAYLIGHT,,,3/13/2020 9:12:54 AM,False,7570,Accepted,
26508159,0568000,LOUISVILLE METRO POLICE DEPT,Accepted,JEFFERSON,,,34TH,ST,S,,,,,,,38.240115386,-85.810086659,1.530,3/12/2020 12:00:00 AM,1038,2,2,0,2,CLEAR,DRY,True,REAR END IN TRAFFIC LANES BOTH VEHICLES MOVING,REAR END,STRAIGHT & GRADE,DAYLIGHT,,,3/13/2020 9:13:19 AM,False,7357,Accepted,
26508160,0568000,LOUISVILLE METRO POLICE DEPT,Accepted,JEFFERSON,,,HALE,AVE,,,,,,,,38.240949096,-85.816930586,2.015,3/12/2020 12:00:00 AM,1538,2,2,0,0,RAINING,WATER (STANDING OR MOVING),False,SIDESWIPE COLLISION - SAME DIRECTION,SIDESWIPE-SAME DIRECTION,STRAIGHT & GRADE,DAYLIGHT,,,3/13/2020 9:13:23 AM,False,7357,Accepted,
26502544,0568000,LOUISVILLE METRO POLICE DEPT,Accepted,JEFFERSON,I 0065,,I65 N,,,,,,,,,38.174668090,-85.719629922,129.492,3/12/2020 12:00:00 AM,0722,3,3,0,1,CLEAR,DRY,True,REAR END IN TRAFFIC LANES BOTH VEHICLES MOVING,REAR END,STRAIGHT & LEVEL,DARK (UNKNOWN ROADWAY LIGHTING),,,3/12/2020 8:53:07 AM,False,4693,Accepted,
26508168,0568000,LOUISVILLE METRO POLICE DEPT,Accepted,JEFFERSON,I 0265,,I265 E,,,,,I 0265,I265 E EXIT23 OFF RAMP TO KY155,I 0265,I265 E EXIT19 ON RAMP FROM KY1819,38.178521029,-85.510863430,22.384,3/12/2020 12:00:00 AM,2251,1,1,0,0,RAINING,WET,False,OTHER COLLISIONS ON SHOULDER,SINGLE VEHICLE,STRAIGHT & HILLCREST,DARK-HWY NOT LIGHTED,,,3/13/2020 9:13:52 AM,False,6028,Accepted,
26508175,0568000,LOUISVILLE METRO POLICE DEPT,Accepted,JEFFERSON,I 0064,,I64 W,,,,,I 0064,I64 W EXIT1 RAMP TO I264 E,I 0064,I64 W EXIT3 ON RAMP FROM US31W,38.277235657,-85.806989415,1.084,3/12/2020 12:00:00 AM,,2,2,0,0,RAINING,WET,True,SIDESWIPE COLLISION - SAME DIRECTION,SIDESWIPE-SAME DIRECTION,STRAIGHT & LEVEL,DARK-HWY LIGHTED/ON,,,3/13/2020 9:14:20 AM,False,5199,Accepted,
26504075,0568000,LOUISVILLE METRO POLICE DEPT,Accepted,JEFFERSON,,,NORRIS,PL,,,SPEED,,,,,38.225096751,-85.706786929,0.550,3/12/2020 12:00:00 AM,1125,2,2,0,0,CLOUDY,DRY,False,ANGLE COLLISION - OTHER,ANGLE,STRAIGHT & LEVEL,DAYLIGHT,,,3/12/2020 1:56:46 PM,False,7570,Accepted,
26508091,0568000,LOUISVILLE METRO POLICE DEPT,Accepted,JEFFERSON,,,ARCADE,AVE,,,WEYLER,,,,,38.204638762,-85.783367423,0.201,3/12/2020 12:00:00 AM,1329,2,2,0,0,CLEAR,DRY,False,ANGLE COLLISION - OTHER,ANGLE,STRAIGHT & LEVEL,DAYLIGHT,,,3/13/2020 9:09:34 AM,False,7433,Accepted,
26508092,0568000,LOUISVILLE METRO POLICE DEPT,Accepted,JEFFERSON,KY3084,,OLD HENRY,RD,,,BUSH FARM,,,,,38.274204653,-85.490464948,1.800,3/12/2020 12:00:00 AM,1355,2,2,0,0,CLOUDY,DRY,False,ANGLE COLLISION - ONE VEHICLE TURNING LEFT,ANGLE,STRAIGHT & LEVEL,DAYLIGHT,,,3/13/2020 9:09:37 AM,False,6334,Accepted,
26508100,0568000,LOUISVILLE METRO POLICE DEPT,Accepted,JEFFERSON,,725,LOGAN,ST,,,,,,,,38.243556665,-85.738397800,0.021,3/12/2020 12:00:00 AM,1354,2,2,0,0,CLEAR,DRY,False,1 VEHICLE PARKED POSITION (NOT PARKING LOT/DRIVEWAY),BACKING,STRAIGHT & LEVEL,DAYLIGHT,,,3/13/2020 9:09:57 AM,False,5258,Accepted,
26508101,0568000,LOUISVILLE METRO POLICE DEPT,Accepted,JEFFERSON,,,NEW CHAMBERLAIN,LN,,,CHAMBERLAIN,,,,,38.309304837,-85.560063239,0.004,3/12/2020 12:00:00 AM,1426,2,2,0,0,CLOUDY,DRY,False,ANGLE COLLISION - OTHER,ANGLE,STRAIGHT & LEVEL,DAYLIGHT,,,3/13/2020 9:10:01 AM,False,2969,Accepted,
26508110,0568000,LOUISVILLE METRO POLICE DEPT,Accepted,JEFFERSON,,,POPE,ST,,US0042,BROWNSBORO,,,,,38.259837232,-85.714867628,0.001,3/12/2020 12:00:00 AM,1458,2,2,0,0,CLEAR,DRY,False,OTHER INTERSECTION COLLISIONS,REAR END,STRAIGHT & LEVEL,DAYLIGHT,,,3/13/2020 9:10:27 AM,False,7028,Accepted,
26502170,0566900,LOUISVILLE AIRPORT POLICE,Accepted,JEFFERSON,,600,TERMINAL,DR,,,,,,,,38.186488204,-85.741970035,0.294,3/12/2020 12:00:00 AM,0040,1,1,0,0,CLEAR,DRY,True,COLLISION IN PARKING LOT,SINGLE VEHICLE,STRAIGHT & LEVEL,DARK-HWY LIGHTED/ON,,,3/12/2020 7:44:00 AM,False,5870,Accepted,
26502534,0568000,LOUISVILLE METRO POLICE DEPT,Accepted,JEFFERSON,,,SOUTH,ST,,,,KY2054,ALGONQUIN,,EUCLID,38.218660681,-85.776629079,0.146,3/12/2020 12:00:00 AM,0541,2,2,0,0,CLEAR,DRY,False,1 VEHICLE PARKED POSITION (NOT PARKING LOT/DRIVEWAY),SIDESWIPE-SAME DIRECTION,STRAIGHT & LEVEL,DARK-HWY LIGHTED/ON,,,3/12/2020 8:51:56 AM,False,5287,Accepted,
26502537,0568000,LOUISVILLE METRO POLICE DEPT,Accepted,JEFFERSON,,,ENTERPRISE,DR,,KY1020,NATIONAL,,,,,38.147544095,-85.759291866,0.014,3/12/2020 12:00:00 AM,0646,2,2,0,0,CLEAR,DRY,False,COLLISION WITH PARKED VEHICLE,BACKING,STRAIGHT & LEVEL,DARK-HWY LIGHTED/ON,,,3/12/2020 8:52:03 AM,False,5220,Accepted,
26504073,0568000,LOUISVILLE METRO POLICE DEPT,Accepted,JEFFERSON,,,INDIAN,TRL,E,,,,INDIAN OAKS,,LODEMA,38.170981957,-85.687153783,1.077,3/12/2020 12:00:00 AM,0909,3,3,0,0,CLEAR,DRY,False,1 VEHICLE PARKED POSITION (NOT PARKING LOT/DRIVEWAY),HEAD ON,STRAIGHT & LEVEL,DAYLIGHT,,,3/12/2020 1:56:37 PM,False,7830,Accepted,
26504074,0568000,LOUISVILLE METRO POLICE DEPT,Accepted,JEFFERSON,US0031E,,BAXTER,AVE,,,,,BARRET,,HULL,38.247592449,-85.730016845,16.233,3/12/2020 12:00:00 AM,0929,2,2,0,0,CLEAR,DRY,False,SIDESWIPE COLLISION - SAME DIRECTION,SIDESWIPE-SAME DIRECTION,STRAIGHT & LEVEL,DAYLIGHT,,,3/12/2020 1:56:43 PM,False,5274,Accepted,
26508093,0568000,LOUISVILLE METRO POLICE DEPT,Accepted,JEFFERSON,I 0265,,I265 W,,,,,,,,,38.148980679,-85.540881929,19.703,3/12/2020 12:00:00 AM,1210,2,2,0,0,CLOUDY,DRY,False,REAR END IN TRAFFIC LANES BOTH VEHICLES MOVING,REAR END,STRAIGHT & LEVEL,DAYLIGHT,,,3/13/2020 9:09:40 AM,False,4693,Accepted,
26508094,0568000,LOUISVILLE METRO POLICE DEPT,Accepted,JEFFERSON,,,FOX CHASE,PL,,,,,,,,38.115967082,-85.609031748,0.153,3/12/2020 12:00:00 AM,1127,2,2,0,0,CLOUDY,DRY,False,VEHICLE BACKING NON INTERSECTION,BACKING,STRAIGHT & LEVEL,DAYLIGHT,,,3/13/2020 9:09:44 AM,False,4693,Accepted,
26508103,0568000,LOUISVILLE METRO POLICE DEPT,Accepted,JEFFERSON,KY1447,,WESTPORT,RD,,,,,SHELBURN PARK,,SPRINGHURST,38.293777345,-85.559186467,6.032,3/12/2020 12:00:00 AM,1508,3,3,0,0,CLOUDY,DRY,False,REAR END IN TRAFFIC LANES BOTH VEHICLES MOVING,REAR END,STRAIGHT & GRADE,DAYLIGHT,,,3/13/2020 9:10:10 AM,False,6929,Accepted,
26508111,0568000,LOUISVILLE METRO POLICE DEPT,Accepted,JEFFERSON,,,BRECKINRIDGE,ST,E,,BROOK,,,,,38.241181062,-85.752484170,1.509,3/12/2020 12:00:00 AM,1511,2,2,0,0,RAINING,WET,False,SIDESWIPE-SAME DIRECTION,SIDESWIPE-SAME DIRECTION,STRAIGHT & LEVEL,DAYLIGHT,,,3/13/2020 9:10:32 AM,False,7391,Accepted,
26508116,0568000,LOUISVILLE METRO POLICE DEPT,Accepted,JEFFERSON,,,4TH,ST,S,,OAK,,,,,38.235019791,-85.760328787,1.505,3/12/2020 12:00:00 AM,1358,2,2,0,0,CLEAR,DRY,True,SIDESWIPE-SAME DIRECTION,SIDESWIPE-SAME DIRECTION,STRAIGHT & LEVEL,DAYLIGHT,,,3/13/2020 9:10:51 AM,False,7132,Accepted,
26508117,0568000,LOUISVILLE METRO POLICE DEPT,Accepted,JEFFERSON,KY0907,,3RD ST,RD,,,,,,,,38.130581580,-85.792455899,4.875,3/12/2020 12:00:00 AM,1502,2,2,0,0,CLOUDY,DRY,False,1 VEHICLE ENTERING/LEAVING ENTRANCE,ANGLE,STRAIGHT & LEVEL,DAYLIGHT,,,3/13/2020 9:10:54 AM,False,7234,Accepted,
26508118,0568000,LOUISVILLE METRO POLICE DEPT,Accepted,JEFFERSON,,,STONESTREET,RD,,,,,,,,38.105535635,-85.832505866,1.822,3/12/2020 12:00:00 AM,0155,2,2,0,0,RAINING,WET,False,OTHER ROADWAY OR MID-BLOCK COLLISION,REAR END,STRAIGHT & LEVEL,DAYLIGHT,,,3/13/2020 9:10:58 AM,False,7234,Accepted,
26684690,0568000,LOUISVILLE METRO POLICE DEPT,Accepted,JEFFERSON,I 0264,,I264 E,,,I 0064,I64 W EXIT1 RAMP TO I264 E,,,,,38.273504686,-85.809058060,0.252,3/12/2020 12:00:00 AM,0901,2,2,0,0,CLEAR,DRY,True,SIDESWIPE-SAME DIRECTION,SIDESWIPE-SAME DIRECTION,CURVE & HILLCREST,DAYLIGHT,,,5/12/2020 8:33:10 AM,False,5108,Accepted,
28370808,0568000,LOUISVILLE METRO POLICE DEPT,Accepted,JEFFERSON,,,MARKET,ST,W,,,,,,,38.263314838,-85.818551953,1.765,3/12/2020 12:00:00 AM,0851,2,2,0,0,CLEAR,DRY,False,1 VEHICLE ENTERING/LEAVING ENTRANCE,ANGLE,STRAIGHT & GRADE,DAYLIGHT,,,7/15/2021 8:55:09 AM,False,7357,Accepted,
26502523,0568000,LOUISVILLE METRO POLICE DEPT,Accepted,JEFFERSON,KY0061,9216,PRESTON,HWY,,,,,,,,38.116754514,-85.676964074,2.348,3/11/2020 12:00:00 AM,1744,2,2,0,0,CLEAR,DRY,False,REAR END IN TRAFFIC LANES BOTH VEHICLES MOVING,REAR END,STRAIGHT & LEVEL,DAYLIGHT,,,3/12/2020 8:51:10 AM,False,5214,Accepted,
26502524,0568000,LOUISVILLE METRO POLICE DEPT,Accepted,JEFFERSON,,,LIBERTY,ST,E,,FLOYD,,,,,38.252147669,-85.748506667,0.202,3/11/2020 12:00:00 AM,2207,2,2,0,0,CLEAR,DRY,False,ANGLE COLLISION - OTHER,ANGLE,STRAIGHT & LEVEL,DARK-HWY LIGHTED/ON,,,3/12/2020 8:51:14 AM,False,5135,Accepted,
26502543,0568000,LOUISVILLE METRO POLICE DEPT,Accepted,JEFFERSON,,,HUNSINGER,LN,,,,,,,,38.219456595,-85.625982174,0.011,3/11/2020 12:00:00 AM,1439,2,2,0,0,CLOUDY,DRY,False,REAR END IN TRAFFIC LANES BOTH VEHICLES MOVING,REAR END,STRAIGHT & LEVEL,DAYLIGHT,,,3/12/2020 8:53:03 AM,False,4693,Accepted,
26502486,0568000,LOUISVILLE METRO POLICE DEPT,Accepted,JEFFERSON,I 0071,,I71 N,,,,,,,,,38.269588146,-85.705201950,1.195,3/11/2020 12:00:00 AM,0603,2,2,0,0,CLEAR,DRY,False,SIDESWIPE COLLISION - SAME DIRECTION,SIDESWIPE-SAME DIRECTION,STRAIGHT & LEVEL,DARK-HWY NOT LIGHTED,,,3/12/2020 8:48:35 AM,True,7772,Accepted,
26502475,0568000,LOUISVILLE METRO POLICE DEPT,Accepted,JEFFERSON,I 0265,,I265 N,,,I 0071,I71 N EXIT9B RAMP TO I265 E,,,,,38.314336377,-85.580610339,34.642,3/11/2020 12:00:00 AM,0705,4,4,0,1,CLOUDY,DRY,False,OTHER INTERSECTION COLLISIONS,REAR END,STRAIGHT & GRADE,DARK-HWY LIGHTED/ON,,,3/12/2020 8:47:51 AM,False,7159,Accepted,
26502483,0568000,LOUISVILLE METRO POLICE DEPT,Accepted,JEFFERSON,US0031W,,DIXIE,HWY,,,,,WITTEN,,ELZIE,38.124279890,-85.853172482,10.001,3/11/2020 12:00:00 AM,1239,2,2,0,0,CLEAR,DRY,False,1 VEHICLE ENTERING/LEAVING ENTRANCE,ANGLE,STRAIGHT & LEVEL,DAYLIGHT,,,3/12/2020 8:48:23 AM,False,6318,Accepted,
26502492,0568000,LOUISVILLE METRO POLICE DEPT,Accepted,JEFFERSON,I 0264,,,,,,,,,,,38.194581736,-85.707528364,0.302,3/11/2020 12:00:00 AM,1041,2,2,0,0,CLOUDY,DRY,False,OTHER RAMP RELATED COLLISIONS NOT LISTED ABOVE,REAR END,CURVE & GRADE,DAYLIGHT,I 0264,KY0864,3/12/2020 8:48:59 AM,False,4693,Accepted,
26502527,0568000,LOUISVILLE METRO POLICE DEPT,Accepted,JEFFERSON,KY1065,,OUTER,LOOP,,KY0061,PRESTON,,,,,38.138398345,-85.686775338,6.062,3/11/2020 12:00:00 AM,2030,2,2,0,0,CLEAR,DRY,True,SIDESWIPE-SAME DIRECTION,SIDESWIPE-SAME DIRECTION,STRAIGHT & LEVEL,DARK-HWY LIGHTED/ON,,,3/12/2020 8:51:28 AM,False,5040,Accepted,
26496468,0568000,LOUISVILLE METRO POLICE DEPT,Accepted,JEFFERSON,KY0841,,GENE SNYDER,FWY,,,,,,,,38.117194531,-85.753680536,7.392,3/11/2020 12:00:00 AM,0225,2,2,0,0,CLEAR,DRY,False,SIDESWIPE COLLISION - SAME DIRECTION,SIDESWIPE-SAME DIRECTION,STRAIGHT & LEVEL,DARK-HWY LIGHTED/ON,,,3/11/2020 8:31:53 AM,False,5170,Accepted,
26496470,0568000,LOUISVILLE METRO POLICE DEPT,Accepted,JEFFERSON,I 0064,,I64 E,,,,,,,,,38.260934546,-85.769921760,3.735,3/11/2020 12:00:00 AM,0626,2,2,0,0,CLEAR,DRY,False,SIDESWIPE COLLISION - SAME DIRECTION,SIDESWIPE-SAME DIRECTION,STRAIGHT & LEVEL,DARK-HWY LIGHTED/ON,,,3/11/2020 8:32:00 AM,False,7243,Accepted,
26496471,0568000,LOUISVILLE METRO POLICE DEPT,Accepted,JEFFERSON,KY1865,,NEW CUT,RD,,,,,,,,38.117843463,-85.775590531,0.629,3/11/2020 12:00:00 AM,0654,2,2,0,0,CLEAR,DRY,True,REAR END IN TRAFFIC LANES BOTH VEHICLES MOVING,REAR END,STRAIGHT & LEVEL,DARK-HWY LIGHTED/ON,,,3/11/2020 8:32:04 AM,False,5266,Accepted,
26502479,0568000,LOUISVILLE METRO POLICE DEPT,Accepted,JEFFERSON,I 0265,,I265 E,,,,,I 0265,I265 E EXIT19 ON RAMP FROM KY1819,I 0265,I265 E EXIT23 OFF RAMP TO KY155,38.174967131,-85.515277240,22.048,3/11/2020 12:00:00 AM,1010,2,2,0,0,CLOUDY,DRY,False,SIDESWIPE COLLISION - SAME DIRECTION,SIDESWIPE-SAME DIRECTION,CURVE & LEVEL,DAYLIGHT,,,3/12/2020 8:48:09 AM,False,2017,Accepted,
26508176,0568000,LOUISVILLE METRO POLICE DEPT,Accepted,JEFFERSON,KY3064,,PORTLAND,AVE,,,,,27TH,,28TH,38.271860373,-85.792195316,0.578,3/11/2020 12:00:00 AM,2229,2,2,0,0,CLEAR,DRY,True,1 VEHICLE ENTERING/LEAVING ENTRANCE,ANGLE,STRAIGHT & LEVEL,DARK-HWY LIGHTED/ON,,,3/13/2020 9:14:25 AM,False,5199,Accepted,
26504072,0568000,LOUISVILLE METRO POLICE DEPT,Accepted,JEFFERSON,I 0265,,I265 W,,,,,I 0065,I65 S EXIT10 RAMP TO I65,I 0265,I265 W EXIT12 ON RAMP FROM KY61,38.111666741,-85.688175499,11.011,3/11/2020 12:00:00 AM,0740,3,3,0,0,CLEAR,DRY,False,REAR END IN TRAFFIC LANES BOTH VEHICLES MOVING,REAR END,STRAIGHT & LEVEL,DARK-HWY LIGHTED/ON,,,3/12/2020 1:56:33 PM,False,7720,Accepted,
26508167,0568000,LOUISVILLE METRO POLICE DEPT,Accepted,JEFFERSON,I 0064,,I64 W,,,I 0064,I64 W EXIT1 RAMP TO I264 E,,,,,38.277229852,-85.807038696,1.081,3/11/2020 12:00:00 AM,2055,2,2,0,0,CLOUDY,DRY,False,SIDESWIPE-SAME DIRECTION,SIDESWIPE-SAME DIRECTION,STRAIGHT & LEVEL,DARK-HWY LIGHTED/ON,,,3/13/2020 9:13:48 AM,False,5021,Accepted,
26502540,0568000,LOUISVILLE METRO POLICE DEPT,Accepted,JEFFERSON,KY1747,,HURSTBOURNE,PKWY,S,,STONY BROOK,,,,,38.173005867,-85.605408355,7.779,3/11/2020 12:00:00 AM,1930,2,2,0,0,CLEAR,DRY,False,OTHER INTERSECTION COLLISIONS,REAR END,STRAIGHT & LEVEL,DAYLIGHT,,,3/12/2020 8:52:17 AM,False,7486,Accepted,
26503167,0563800,NORTHFIELD POLICE DEPARTMENT,Accepted,JEFFERSON,I 0264,,,,,,,,,,,38.280486365,-85.635509466,0.129,3/11/2020 12:00:00 AM,1120,2,2,0,0,CLOUDY,DRY,True,OTHER RAMP RELATED COLLISIONS NOT LISTED ABOVE,REAR END,CURVE & LEVEL,DAYLIGHT,I 0264,US0042,3/12/2020 10:38:22 AM,False,1377,Accepted,
26504068,0568000,LOUISVILLE METRO POLICE DEPT,Accepted,JEFFERSON,I 0264,,I264 W,,,,,I 0264,I264 W EXIT17B OFF RAMP TO KY155 N,I 0264,I264 W EXIT18 ON RAMP FROM KY1932,38.225828266,-85.641710281,17.558,3/11/2020 12:00:00 AM,1430,2,2,0,0,CLOUDY,DRY,False,SIDESWIPE COLLISION - SAME DIRECTION,SIDESWIPE-SAME DIRECTION,STRAIGHT & LEVEL,DAYLIGHT,,,3/12/2020 1:56:16 PM,False,7793,Accepted,
26504069,0568000,LOUISVILLE METRO POLICE DEPT,Accepted,JEFFERSON,,,SIDNEY PARK,DR,,KY2048,CANNONS,,,,,38.229090298,-85.653148482,0.004,3/11/2020 12:00:00 AM,1740,2,1,0,0,CLOUDY,DRY,False,COLLISION WITH BICYCLE IN INTERSECTION,SINGLE VEHICLE,STRAIGHT & LEVEL,DAYLIGHT,,,3/12/2020 1:56:20 PM,False,7793,Accepted,
26509798,0560000,JEFFERSON COUNTY SHERIFF DEPT.,Accepted,JEFFERSON,I 0064,,I64 E,,,,,,,,,38.260289865,-85.768620924,3.823,3/11/2020 12:00:00 AM,0620,2,2,0,0,CLOUDY,DRY,True,REAR END IN TRAFFIC LANES BOTH VEHICLES MOVING,REAR END,STRAIGHT & LEVEL,DARK-HWY LIGHTED/ON,,,3/13/2020 2:40:26 PM,False,3259,Accepted,
26496472,0568000,LOUISVILLE METRO POLICE DEPT,Accepted,JEFFERSON,,,GRADE,LN,,,GRADE LN CONN,,,,,38.168069742,-85.721309096,0.912,3/11/2020 12:00:00 AM,0555,2,2,0,3,CLEAR,DRY,False,HEAD-ON COLLISION,HEAD ON,STRAIGHT & LEVEL,DARK (UNKNOWN ROADWAY LIGHTING),,,3/11/2020 8:32:07 AM,False,5286,Accepted,
26502493,0568000,LOUISVILLE METRO POLICE DEPT,Accepted,JEFFERSON,I 0264,,I264 E,,,,,I 0264,I264 E EXIT1 OFF RAMP TO,I 0264,I264 E EXIT2 OFF RAMP TO  MUHAMMAD ALI BLVD,38.263878506,-85.805497770,0.940,3/11/2020 12:00:00 AM,0955,1,1,0,0,CLOUDY,DRY,False,OTHER ROADWAY OR MID-BLOCK COLLISION,SINGLE VEHICLE,CURVE & GRADE,DAYLIGHT,,,3/12/2020 8:49:03 AM,False,2000,Accepted,