IncidentID,AgencyORI,AgencyName,IncidentStatusDesc,County,RdwyNumber,Street,RoadwayName,StreetSfx,StreetDir,IntersectionRdwy,IntersectionRdwyName,BetweenStRdwy1,BetweenStRdwyName1,BetweenStRdwy2,BetweenStRdwyName2,Latitude,Longitude,Milepoint,CollisionDate,CollisionTime,UnitsInvolved,MotorVehiclesInvolved,NumberKilled,NumberInjured,Weather,RdwyConditionCode,HitandRun,DirAnalysisCode,MannerofCollision,RdwyCharacter,LightCondition,RampFromRdwyId,RampToRdwyId,AcceptedDate,IsSecondaryCollision,OwnerBadge,IncidentStatus,
26502494,0568000,LOUISVILLE METRO POLICE DEPT,Accepted,JEFFERSON,KY1747,,HURSTBOURNE,PKWY,N,KY1447,WESTPORT,,,,,38.287711568,-85.572474004,17.026,3/11/2020 12:00:00 AM,1518,2,2,0,0,CLOUDY,DRY,False,OTHER INTERSECTION COLLISIONS,REAR END,STRAIGHT & LEVEL,DAYLIGHT,,,3/12/2020 8:49:07 AM,False,2969,Accepted,
26502495,0568000,LOUISVILLE METRO POLICE DEPT,Accepted,JEFFERSON,KY0864,,BEULAH CHURCH,RD,,I 0265,I265 W EXIT15 OFF RAMP TO KY864,,,,,38.125955933,-85.614503859,3.455,3/11/2020 12:00:00 AM,1630,2,2,0,0,CLEAR,DRY,False,REAR END - ONE VEHICLE TURNING RIGHT,REAR END,STRAIGHT & LEVEL,DAYLIGHT,,,3/12/2020 8:49:11 AM,False,7486,Accepted,
26502502,0568000,LOUISVILLE METRO POLICE DEPT,Accepted,JEFFERSON,I 0264,,I264 E,,,,,I 0264,I264 E EXIT10 ON RAMP FROM KY1020,I 0264,I264 E EXIT11 OFF RAMP,38.190066899,-85.758531083,10.498,3/11/2020 12:00:00 AM,1654,1,1,0,0,CLOUDY,DRY,False,OTHER COLLISIONS ON SHOULDER,SINGLE VEHICLE,STRAIGHT & HILLCREST,DAYLIGHT,,,3/12/2020 8:49:34 AM,False,7840,Accepted,
26502503,0568000,LOUISVILLE METRO POLICE DEPT,Accepted,JEFFERSON,US0150,,BROADWAY,,E,US0031E,BAXTER,,,,,38.243737090,-85.727004855,4.094,3/11/2020 12:00:00 AM,1647,2,2,0,0,CLEAR,DRY,False,REAR END - ONE VEHICLE TURNING LEFT,REAR END,STRAIGHT & LEVEL,DAYLIGHT,,,3/12/2020 8:49:39 AM,False,7129,Accepted,
26502510,0568000,LOUISVILLE METRO POLICE DEPT,Accepted,JEFFERSON,,,BARRET,AVE,,,,,,,,38.243872029,-85.733968799,0.037,3/11/2020 12:00:00 AM,1138,2,2,0,0,CLOUDY,DRY,False,SIDESWIPE COLLISION - SAME DIRECTION,SIDESWIPE-SAME DIRECTION,CURVE & LEVEL,DAYLIGHT,,,3/12/2020 8:50:08 AM,False,5274,Accepted,
26502511,0568000,LOUISVILLE METRO POLICE DEPT,Accepted,JEFFERSON,US0031E,,BARDSTOWN,RD,,,,,LANCASHIRE,,HAWTHORNE,38.216594567,-85.675845913,12.472,3/11/2020 12:00:00 AM,1803,2,2,0,0,CLEAR,DRY,False,REAR END IN TRAFFIC LANES BOTH VEHICLES MOVING,REAR END,STRAIGHT & LEVEL,DAYLIGHT,,,3/12/2020 8:50:11 AM,False,5274,Accepted,
26502518,0568000,LOUISVILLE METRO POLICE DEPT,Accepted,JEFFERSON,I 0264,,I264 W,,,,,,,,,38.193528883,-85.711178810,13.125,3/11/2020 12:00:00 AM,1623,2,2,0,0,CLOUDY,DRY,False,REAR END IN TRAFFIC LANES BOTH VEHICLES MOVING,REAR END,STRAIGHT & LEVEL,DAYLIGHT,,,3/12/2020 8:50:45 AM,False,6148,Accepted,
26502519,0568000,LOUISVILLE METRO POLICE DEPT,Accepted,JEFFERSON,,3600,CHAMBERLAIN,LN,,,,,,,,38.296346683,-85.540914163,1.889,3/11/2020 12:00:00 AM,1640,2,2,0,1,CLEAR,DRY,False,1 VEHICLE ENTERING/LEAVING ENTRANCE,ANGLE,STRAIGHT & LEVEL,DAYLIGHT,,,3/12/2020 8:50:49 AM,False,2489,Accepted,
26502520,0568000,LOUISVILLE METRO POLICE DEPT,Accepted,JEFFERSON,US0150,,BROADWAY,,W,,12TH ST CONN,,,,,38.247587734,-85.771592173,1.652,3/11/2020 12:00:00 AM,1215,2,2,0,0,CLOUDY,DRY,False,OTHER INTERSECTION COLLISIONS,REAR END,STRAIGHT & LEVEL,DAYLIGHT,,,3/12/2020 8:50:54 AM,False,7940,Accepted,
26502526,0568000,LOUISVILLE METRO POLICE DEPT,Accepted,JEFFERSON,KY0061,,PRESTON,HWY,,KY1065,OUTER,,,,,38.138398285,-85.686709165,3.944,3/11/2020 12:00:00 AM,2045,2,2,0,2,CLEAR,DRY,False,ANGLE COLLISION - OTHER,ANGLE,STRAIGHT & LEVEL,DARK-HWY LIGHTED/ON,,,3/12/2020 8:51:22 AM,False,5040,Accepted,
26502480,0568000,LOUISVILLE METRO POLICE DEPT,Accepted,JEFFERSON,I 0071,,I71 N,,,,,,,,,38.301236016,-85.609191192,7.326,3/11/2020 12:00:00 AM,1042,1,1,0,0,CLOUDY,DRY,False,OTHER COLLISIONS ON SHOULDER,SINGLE VEHICLE,STRAIGHT & LEVEL,DAYLIGHT,,,3/12/2020 8:48:13 AM,False,4903,Accepted,
26502481,0568000,LOUISVILLE METRO POLICE DEPT,Accepted,JEFFERSON,,5306,HAVENTREE,PL,,,,,,,,38.097663809,-85.663310670,0.125,3/11/2020 12:00:00 AM,1130,2,2,0,0,CLOUDY,DRY,False,1 VEHICLE PARKED POSITION (NOT PARKING LOT/DRIVEWAY),BACKING,STRAIGHT & LEVEL,DAYLIGHT,,,3/12/2020 8:48:17 AM,False,2017,Accepted,
26502482,0568000,LOUISVILLE METRO POLICE DEPT,Accepted,JEFFERSON,KY0155,,TAYLORSVILLE,RD,,,TUCKER STATION,,,,,38.186984697,-85.524298015,6.914,3/11/2020 12:00:00 AM,1239,2,2,0,0,CLOUDY,DRY,False,OTHER INTERSECTION COLLISIONS,REAR END,STRAIGHT & LEVEL,DAYLIGHT,,,3/12/2020 8:48:20 AM,False,2017,Accepted,
26502489,0568000,LOUISVILLE METRO POLICE DEPT,Accepted,JEFFERSON,KY0061,,PRESTON,HWY,,KY1450,BLUE LICK,,,,,38.133764619,-85.684167327,3.617,3/11/2020 12:00:00 AM,0638,2,2,0,0,CLOUDY,DRY,False,ANGLE COLLISION - OTHER,ANGLE,STRAIGHT & LEVEL,DARK (UNKNOWN ROADWAY LIGHTING),,,3/12/2020 8:48:43 AM,False,4693,Accepted,
26502490,0568000,LOUISVILLE METRO POLICE DEPT,Accepted,JEFFERSON,KY0061,,PRESTON,HWY,,,,,,,,38.184781799,-85.722991530,7.765,3/11/2020 12:00:00 AM,0737,2,2,0,0,CLOUDY,DRY,False,OTHER ROADWAY OR MID-BLOCK COLLISION,OPPOSING LEFT TURN,STRAIGHT & LEVEL,DARK (UNKNOWN ROADWAY LIGHTING),,,3/12/2020 8:48:47 AM,False,4693,Accepted,
26502491,0568000,LOUISVILLE METRO POLICE DEPT,Accepted,JEFFERSON,,,SMYRNA,PKWY,,,,,,,,38.114271342,-85.644125043,1.640,3/11/2020 12:00:00 AM,0900,2,2,0,0,CLOUDY,DRY,False,COLLISION IN PARKING LOT,SIDESWIPE-OPPOSITE DIRECTION,STRAIGHT & LEVEL,DAYLIGHT,,,3/12/2020 8:48:55 AM,False,4693,Accepted,
26502497,0568000,LOUISVILLE METRO POLICE DEPT,Accepted,JEFFERSON,,,APPLEGATE,LN,,,ACME,,,,,38.133336408,-85.647742830,0.626,3/11/2020 12:00:00 AM,1641,2,2,0,0,CLEAR,DRY,False,ANGLE COLLISION - OTHER,ANGLE,STRAIGHT & HILLCREST,DAYLIGHT,,,3/12/2020 8:49:20 AM,False,7269,Accepted,
26502498,0568000,LOUISVILLE METRO POLICE DEPT,Accepted,JEFFERSON,,,RECOVERY,RD,,,,,,,,38.143751220,-85.756288156,0.002,3/11/2020 12:00:00 AM,1312,2,2,0,0,CLOUDY,DRY,False,VEHICLE BACKING NON INTERSECTION,BACKING,STRAIGHT & LEVEL,DAYLIGHT,,,3/12/2020 8:49:23 AM,False,7234,Accepted,
26502499,0568000,LOUISVILLE METRO POLICE DEPT,Accepted,JEFFERSON,,,RED OAK,LN,,,,,,,,38.172583246,-85.669128844,0.184,3/11/2020 12:00:00 AM,1445,2,2,0,0,CLEAR,DRY,False,VEHICLE BACKING NON INTERSECTION,BACKING,STRAIGHT & LEVEL,DAYLIGHT,,,3/12/2020 8:49:27 AM,False,7319,Accepted,
26502496,0568000,LOUISVILLE METRO POLICE DEPT,Accepted,JEFFERSON,,,HILLOCK,DR,,,OLD BARDSTOWN,,,,,38.130260116,-85.578004488,0.013,3/11/2020 12:00:00 AM,1552,2,2,0,0,CLEAR,DRY,False,ANGLE COLLISION - OTHER,ANGLE,STRAIGHT & LEVEL,DAYLIGHT,,,3/12/2020 8:49:15 AM,False,7465,Accepted,
26502504,0568000,LOUISVILLE METRO POLICE DEPT,Accepted,JEFFERSON,US0031W,,DIXIE,HWY,,,,,VESPER,,ASHBY,38.104979770,-85.868431903,8.428,3/11/2020 12:00:00 AM,1727,2,2,0,0,CLEAR,DRY,False,REAR END IN TRAFFIC LANES BOTH VEHICLES MOVING,REAR END,STRAIGHT & LEVEL,DAYLIGHT,,,3/12/2020 8:49:42 AM,False,6318,Accepted,
26502512,0568000,LOUISVILLE METRO POLICE DEPT,Accepted,JEFFERSON,I 0264,,I264 W,,,,,I 0264,I264 W EXIT15B OFF RAMP TO KY1703 S,I 0264,I264 W EXIT15 ON RAMP FROM KY1703,38.201774200,-85.690582265,14.420,3/11/2020 12:00:00 AM,1807,2,2,0,0,CLEAR,DRY,False,SIDESWIPE COLLISION - SAME DIRECTION,SIDESWIPE-SAME DIRECTION,STRAIGHT & LEVEL,DAYLIGHT,,,3/12/2020 8:50:15 AM,False,7570,Accepted,
26502521,0568000,LOUISVILLE METRO POLICE DEPT,Accepted,JEFFERSON,,,45TH,ST,S,,GREENWOOD,,,,,38.244783759,-85.827635254,0.399,3/11/2020 12:00:00 AM,1902,2,2,0,0,CLEAR,DRY,True,COLLISION WITH PARKED VEHICLE,REAR END,STRAIGHT & LEVEL,DAYLIGHT,,,3/12/2020 8:51:00 AM,False,7346,Accepted,
26502889,0561500,UNIV. OF LOUISVILLE POLICE,Accepted,JEFFERSON,,414,CHESTNUT,ST,E,,,KY0061,JACKSON,KY0061,PRESTON,38.247692879,-85.746224648,0.367,3/11/2020 12:00:00 AM,1145,1,1,0,0,CLOUDY,DRY,False,COLLISION IN PARKING LOT,SINGLE VEHICLE,STRAIGHT & GRADE,DAYLIGHT,,,3/12/2020 9:46:18 AM,False,5690,Accepted,
26502505,0568000,LOUISVILLE METRO POLICE DEPT,Accepted,JEFFERSON,KY1934,,CANE RUN,RD,,KY1727,TERRY,,,,,38.178245677,-85.861815313,7.194,3/11/2020 12:00:00 AM,1810,2,2,0,1,CLEAR,DRY,False,OTHER INTERSECTION COLLISIONS,REAR END,STRAIGHT & LEVEL,DAYLIGHT,,,3/12/2020 8:49:47 AM,False,7267,Accepted,
26502506,0568000,LOUISVILLE METRO POLICE DEPT,Accepted,JEFFERSON,US0031,,CLARK MEMORIAL,BRG,,,,,,,,38.260449198,-85.752437469,0.294,3/11/2020 12:00:00 AM,0758,2,2,0,0,CLOUDY,DRY,False,REAR END IN TRAFFIC LANES BOTH VEHICLES MOVING,REAR END,STRAIGHT & LEVEL,DAYLIGHT,,,3/12/2020 8:49:53 AM,False,5173,Accepted,
26502507,0568000,LOUISVILLE METRO POLICE DEPT,Accepted,JEFFERSON,,300,KENTUCKY,ST,W,KY1020,3RD,,,,,38.238749441,-85.757971997,3.651,3/11/2020 12:00:00 AM,1203,3,3,0,0,CLOUDY,DRY,False,OTHER INTERSECTION COLLISIONS,REAR END,STRAIGHT & LEVEL,DAYLIGHT,,,3/12/2020 8:49:58 AM,False,7689,Accepted,
26502514,0568000,LOUISVILLE METRO POLICE DEPT,Accepted,JEFFERSON,KY2054,,ALGONQUIN,PKWY,,,,,,,,38.222432497,-85.783896474,2.109,3/11/2020 12:00:00 AM,1632,2,2,0,0,CLEAR,DRY,False,OTHER ROADWAY OR MID-BLOCK COLLISION,REAR END,STRAIGHT & LEVEL,DAYLIGHT,,,3/12/2020 8:50:28 AM,False,5114,Accepted,
26502515,0568000,LOUISVILLE METRO POLICE DEPT,Accepted,JEFFERSON,US0060A,,TAYLOR,BLVD,,,ARCADE,,,,,38.202143416,-85.781502445,1.889,3/11/2020 12:00:00 AM,1308,2,2,0,0,CLOUDY,DRY,False,OTHER INTERSECTION COLLISIONS,REAR END,STRAIGHT & LEVEL,DAYLIGHT,,,3/12/2020 8:50:31 AM,False,7398,Accepted,
26502516,0568000,LOUISVILLE METRO POLICE DEPT,Accepted,JEFFERSON,,,CIRCLE OF CHAMPIONS,,,,,,,,,38.195634867,-85.742040199,2.176,3/11/2020 12:00:00 AM,1809,2,2,0,1,CLEAR,DRY,False,SIDESWIPE COLLISION - SAME DIRECTION,SIDESWIPE-SAME DIRECTION,CURVE & LEVEL,DAYLIGHT,,,3/12/2020 8:50:35 AM,False,7398,Accepted,
26504067,0568000,LOUISVILLE METRO POLICE DEPT,Accepted,JEFFERSON,,6100,DUTCHMANS,LN,,,,,,,,38.229495724,-85.638854131,0.863,3/11/2020 12:00:00 AM,1200,2,2,0,0,CLOUDY,DRY,True,1 VEHICLE PARKED POSITION (NOT PARKING LOT/DRIVEWAY),SIDESWIPE-OPPOSITE DIRECTION,STRAIGHT & LEVEL,DAYLIGHT,,,3/12/2020 1:56:13 PM,False,7793,Accepted,
26524043,0568000,LOUISVILLE METRO POLICE DEPT,Accepted,JEFFERSON,I 0065,,,,,,,,,,,38.115627230,-85.703418284,0.119,3/11/2020 12:00:00 AM,1135,2,2,0,0,CLOUDY,DRY,False,OTHER RAMP RELATED COLLISIONS NOT LISTED ABOVE,SIDESWIPE-SAME DIRECTION,CURVE & GRADE,DAYLIGHT,I 0065,I 0065,3/17/2020 8:24:48 AM,False,8278,Accepted,
26524044,0568000,LOUISVILLE METRO POLICE DEPT,Accepted,JEFFERSON,I 0265,,I265 N,,,,,,,,,38.302821209,-85.556701999,33.112,3/11/2020 12:00:00 AM,1337,2,2,0,0,CLOUDY,DRY,False,SIDESWIPE COLLISION - SAME DIRECTION,SIDESWIPE-SAME DIRECTION,CURVE & LEVEL,DAYLIGHT,,,3/17/2020 8:24:51 AM,False,8278,Accepted,
26519061,0568000,LOUISVILLE METRO POLICE DEPT,Accepted,JEFFERSON,,420,42ND,ST,S,,MARKET,,,,,38.261683973,-85.819461581,0.246,3/11/2020 12:00:00 AM,1600,2,2,0,0,CLEAR,DRY,True,COLLISION IN PARKING LOT,ANGLE,STRAIGHT & LEVEL,DAYLIGHT,,,3/16/2020 9:07:28 AM,False,5280,Accepted,
26508900,0568000,LOUISVILLE METRO POLICE DEPT,Accepted,JEFFERSON,I 0071,,I71 N,,,,,,,,,38.269588146,-85.705201950,1.195,3/11/2020 12:00:00 AM,0603,1,1,0,0,CLOUDY,DRY,False,OTHER ROADWAY OR MID-BLOCK COLLISION,SINGLE VEHICLE,STRAIGHT & LEVEL,DARK-HWY LIGHTED/ON,,,3/13/2020 11:44:24 AM,False,4656,Accepted,
26509985,0560000,JEFFERSON COUNTY SHERIFF DEPT.,Accepted,JEFFERSON,I 0265,,I265 W,,,,,,,,,38.114205558,-85.664559290,12.359,3/11/2020 12:00:00 AM,0700,3,3,0,0,CLEAR,DRY,False,REAR END IN TRAFFIC LANES BOTH VEHICLES MOVING,REAR END,STRAIGHT & GRADE,DARK-HWY NOT LIGHTED,,,3/13/2020 3:13:53 PM,False,3553,Accepted,
26508131,0568000,LOUISVILLE METRO POLICE DEPT,Accepted,JEFFERSON,I 0265,,I265 W,,,I 0265,I265 W EXIT14 OFF RAMP TO  SMYRNA PKWY,,,,,38.119099888,-85.638219298,13.831,3/11/2020 12:00:00 AM,1710,3,3,0,0,CLEAR,DRY,False,OTHER INTERSECTION COLLISIONS,REAR END,STRAIGHT & LEVEL,DAYLIGHT,,,3/13/2020 9:11:39 AM,False,2142,Accepted,
26508096,0568000,LOUISVILLE METRO POLICE DEPT,Accepted,JEFFERSON,,,BROOK,ST,S,,MUHAMMAD ALI,,,,,38.250466340,-85.751558816,3.196,3/11/2020 12:00:00 AM,1607,2,2,0,1,CLEAR,DRY,True,SIDESWIPE-SAME DIRECTION,SIDESWIPE-SAME DIRECTION,STRAIGHT & LEVEL,DAYLIGHT,,,3/13/2020 9:09:50 AM,False,6360,Accepted,
26504071,0568000,LOUISVILLE METRO POLICE DEPT,Accepted,JEFFERSON,I 0265,,I265 W,,,,,I 0065,I65 S EXIT10 RAMP TO I65,I 0265,I265 W EXIT12 ON RAMP FROM KY61,38.111905406,-85.689104038,10.958,3/11/2020 12:00:00 AM,0738,2,2,0,0,CLEAR,DRY,False,REAR END IN TRAFFIC LANES BOTH VEHICLES MOVING,REAR END,STRAIGHT & LEVEL,DARK-HWY LIGHTED/ON,,,3/12/2020 1:56:26 PM,False,7720,Accepted,
26504079,0568000,LOUISVILLE METRO POLICE DEPT,Accepted,JEFFERSON,,7103,YORKTOWN,RD,,,,,,,,38.139080988,-85.758048272,0.255,3/11/2020 12:00:00 AM,0645,1,1,0,0,CLEAR,DRY,False,COLLISION IN PARKING LOT,SINGLE VEHICLE,STRAIGHT & LEVEL,DAYLIGHT,,,3/12/2020 1:57:04 PM,False,7524,Accepted,
26502500,0568000,LOUISVILLE METRO POLICE DEPT,Accepted,JEFFERSON,US0060,,SHELBYVILLE,RD,,,BELLEMEADE,,,,,38.247550535,-85.591400018,7.068,3/11/2020 12:00:00 AM,1721,2,2,0,0,CLEAR,DRY,False,OPPOSITE DIRECTION - BOTH VEHICLES GOING STRAIGHT AHEAD,SIDESWIPE-OPPOSITE DIRECTION,STRAIGHT & LEVEL,DAYLIGHT,,,3/12/2020 8:49:30 AM,False,7358,Accepted,
26502508,0568000,LOUISVILLE METRO POLICE DEPT,Accepted,JEFFERSON,KY1065,,OUTER,LOOP,,,,,,,,38.126980080,-85.790515130,0.234,3/11/2020 12:00:00 AM,1828,2,2,0,0,CLEAR,DRY,False,REAR END IN TRAFFIC LANES BOTH VEHICLES MOVING,REAR END,STRAIGHT & LEVEL,DAYLIGHT,,,3/12/2020 8:50:02 AM,False,7331,Accepted,
26502517,0568000,LOUISVILLE METRO POLICE DEPT,Accepted,JEFFERSON,KY0864,,POPLAR LEVEL,RD,,,LINCOLN,,,,,38.196948745,-85.707938785,11.424,3/11/2020 12:00:00 AM,1458,2,2,0,0,CLOUDY,DRY,False,SIDESWIPE-SAME DIRECTION,SIDESWIPE-SAME DIRECTION,CURVE & LEVEL,DAYLIGHT,,,3/12/2020 8:50:41 AM,False,6148,Accepted,
26502525,0568000,LOUISVILLE METRO POLICE DEPT,Accepted,JEFFERSON,US0031E,,BARDSTOWN,RD,,,SPEED,,,,,38.228577309,-85.701236696,14.115,3/11/2020 12:00:00 AM,2010,2,2,0,0,CLEAR,DRY,True,OTHER INTERSECTION COLLISIONS,REAR END,STRAIGHT & LEVEL,DARK-HWY LIGHTED/ON,,,3/12/2020 8:51:18 AM,False,2192,Accepted,
26508149,0568000,LOUISVILLE METRO POLICE DEPT,Accepted,JEFFERSON,KY1065,6415,OUTER,LOOP,,,,,,,,38.137788472,-85.637732227,8.742,3/11/2020 12:00:00 AM,0747,3,3,0,0,CLEAR,DRY,False,OTHER ROADWAY OR MID-BLOCK COLLISION,OPPOSING LEFT TURN,STRAIGHT & LEVEL,DAYLIGHT,,,3/13/2020 9:12:47 AM,False,7484,Accepted,
26519187,0568000,LOUISVILLE METRO POLICE DEPT,Accepted,JEFFERSON,KY0061,,PRESTON,HWY,,KY6304,OLD PRESTON,,,,,38.096358683,-85.670085048,0.887,3/11/2020 12:00:00 AM,0616,2,2,0,0,CLEAR,DRY,False,SIDESWIPE-SAME DIRECTION,SIDESWIPE-SAME DIRECTION,STRAIGHT & HILLCREST,DARK-HWY LIGHTED/OFF,,,3/16/2020 9:13:56 AM,False,5169,Accepted,
26524045,0568000,LOUISVILLE METRO POLICE DEPT,Accepted,JEFFERSON,I 0065,,I65 S,,,,,,,,,38.137276274,-85.707159054,126.747,3/11/2020 12:00:00 AM,1552,2,2,0,0,CLOUDY,DRY,False,REAR END IN TRAFFIC LANES BOTH VEHICLES MOVING,REAR END,STRAIGHT & LEVEL,DAYLIGHT,,,3/17/2020 8:24:55 AM,False,8278,Accepted,
26529116,0568000,LOUISVILLE METRO POLICE DEPT,Accepted,JEFFERSON,,,LIBERTY,ST,W,KY1020,3RD,,,,,38.252895571,-85.755550410,0.696,3/11/2020 12:00:00 AM,1329,2,2,0,0,CLEAR,DRY,False,SIDESWIPE-SAME DIRECTION,SIDESWIPE-SAME DIRECTION,STRAIGHT & LEVEL,DAYLIGHT,,,3/18/2020 8:17:13 AM,False,5173,Accepted,
26529111,0568000,LOUISVILLE METRO POLICE DEPT,Accepted,JEFFERSON,KY1747,,HURSTBOURNE,PKWY,S,,,,,,,38.218223422,-85.585141781,11.405,3/11/2020 12:00:00 AM,0746,3,3,0,0,CLEAR,DRY,False,1 VEHICLE ENTERING/LEAVING ENTRANCE,ANGLE,STRAIGHT & LEVEL,DAYLIGHT,,,3/18/2020 8:16:52 AM,False,7283,Accepted,
26529122,0568000,LOUISVILLE METRO POLICE DEPT,Accepted,JEFFERSON,I 0265,,I265 W,,,,,I 0064,I64 E EXIT19A RAMP TO I265 S,I 0265,I265 W EXIT23 OFF RAMP TO KY155,38.218503589,-85.506124002,25.153,3/11/2020 12:00:00 AM,1752,3,3,0,1,CLOUDY,DRY,False,OTHER ROADWAY OR MID-BLOCK COLLISION,REAR END,STRAIGHT & LEVEL,DAYLIGHT,,,3/18/2020 8:17:35 AM,False,7840,Accepted,
26524041,0568000,LOUISVILLE METRO POLICE DEPT,Accepted,JEFFERSON,I 0265,,,,,,,,,,,38.309068538,-85.572991262,0.221,3/10/2020 12:00:00 AM,1238,2,2,0,0,CLOUDY,DRY,False,OTHER RAMP RELATED COLLISIONS NOT LISTED ABOVE,REAR END,STRAIGHT & GRADE,DAYLIGHT,I 0265,KY0022,3/17/2020 8:24:43 AM,False,8278,Accepted,
26524050,0568000,LOUISVILLE METRO POLICE DEPT,Accepted,JEFFERSON,I 0264,,I264 W,,,,,,,,,38.200927682,-85.695555987,14.143,3/10/2020 12:00:00 AM,1655,3,3,0,1,CLOUDY,DRY,False,OTHER ROADWAY OR MID-BLOCK COLLISION,REAR END,STRAIGHT & GRADE,DAYLIGHT,,,3/17/2020 8:25:09 AM,False,8278,Accepted,
26525918,0568000,LOUISVILLE METRO POLICE DEPT,Accepted,JEFFERSON,I 0064,,I64 W,,,,,,,,,38.235412947,-85.653149531,10.599,3/10/2020 12:00:00 AM,1809,2,1,0,0,CLOUDY,DRY,False,SIDESWIPE COLLISION - SAME DIRECTION,SIDESWIPE-SAME DIRECTION,CURVE & LEVEL,DAYLIGHT,,,3/17/2020 3:00:27 PM,True,8278,Accepted,
26524049,0568000,LOUISVILLE METRO POLICE DEPT,Accepted,JEFFERSON,I 0064,,I64 W,,,,,,,,,38.235416104,-85.653602758,10.574,3/10/2020 12:00:00 AM,1809,3,3,0,2,CLOUDY,DRY,False,SIDESWIPE COLLISION - SAME DIRECTION,SIDESWIPE-SAME DIRECTION,CURVE & LEVEL,DAYLIGHT,,,3/17/2020 8:25:05 AM,False,8278,Accepted,
26519135,0568000,LOUISVILLE METRO POLICE DEPT,Accepted,JEFFERSON,,,PARK,RD,S,,,,,,,38.117387855,-85.679699228,0.142,3/10/2020 12:00:00 AM,0800,2,2,0,1,RAINING,WET,False,1 VEHICLE ENTERING/LEAVING ENTRANCE,ANGLE,STRAIGHT & LEVEL,DAWN,,,3/16/2020 9:10:43 AM,False,7573,Accepted,
26519136,0568000,LOUISVILLE METRO POLICE DEPT,Accepted,JEFFERSON,KY1020,,2ND,ST,S,,ORMSBY,,,,,38.232560529,-85.757390213,11.171,3/10/2020 12:00:00 AM,1740,2,2,0,0,CLEAR,DRY,False,ANGLE COLLISION - OTHER,ANGLE,STRAIGHT & LEVEL,DAYLIGHT,,,3/16/2020 9:10:48 AM,False,7296,Accepted,
26519021,0568000,LOUISVILLE METRO POLICE DEPT,Accepted,JEFFERSON,US0031E,,BARDSTOWN,RD,,,,,,,,38.230148851,-85.703702969,14.302,3/10/2020 12:00:00 AM,2229,1,1,0,1,CLOUDY,DRY,False,COLLISION WITH FIXED OBJECT NON - INTERSECTION - FIRST EVENT COLLISION 09 - 32 EXCLUDING 16,SINGLE VEHICLE,STRAIGHT & LEVEL,DARK-HWY LIGHTED/ON,,,3/16/2020 9:04:29 AM,False,2976,Accepted,
26518928,0568000,LOUISVILLE METRO POLICE DEPT,Accepted,JEFFERSON,,,WOODLAWN,AVE,W,,2ND,,,,,38.181463023,-85.764529361,0.864,3/10/2020 12:00:00 AM,1145,2,2,0,0,CLEAR,DRY,False,OTHER INTERSECTION COLLISIONS,REAR END,STRAIGHT & LEVEL,DAYLIGHT,,,3/16/2020 9:02:03 AM,False,5052,Accepted,
26519008,0568000,LOUISVILLE METRO POLICE DEPT,Accepted,JEFFERSON,,,7TH,ST,S,,HILL,,,,,38.226718656,-85.769124612,0.596,3/10/2020 12:00:00 AM,1401,2,2,0,0,CLOUDY,DRY,False,SIDESWIPE-SAME DIRECTION,SIDESWIPE-SAME DIRECTION,STRAIGHT & LEVEL,DAYLIGHT,,,3/16/2020 9:03:52 AM,False,7468,Accepted,
26519013,0568000,LOUISVILLE METRO POLICE DEPT,Accepted,JEFFERSON,,,2ND,ST,S,,,,,,,38.179243533,-85.764792061,0.725,3/10/2020 12:00:00 AM,1116,2,2,0,0,CLEAR,WET,True,OTHER ROADWAY OR MID-BLOCK COLLISION,REAR END,STRAIGHT & LEVEL,DAYLIGHT,,,3/16/2020 9:04:08 AM,False,5127,Accepted,
26509879,0568000,LOUISVILLE METRO POLICE DEPT,Accepted,JEFFERSON,I 0264,,I264 E,,,,,I 0264,I264 E EXIT4 OFF RAMP TO KY2056,I 0264,I264 E EXIT4 ON RAMP FROM KY2056,38.223354740,-85.822226059,3.981,3/10/2020 12:00:00 AM,0925,2,2,0,1,CLOUDY,WET,False,SIDESWIPE COLLISION - SAME DIRECTION,SIDESWIPE-SAME DIRECTION,STRAIGHT & LEVEL,DAYLIGHT,,,3/13/2020 2:53:46 PM,False,7467,Accepted,
26519147,0568000,LOUISVILLE METRO POLICE DEPT,Accepted,JEFFERSON,US0150,,BROADWAY,,E,,BARRET,,,,,38.244237226,-85.733994684,3.723,3/10/2020 12:00:00 AM,1732,2,2,0,0,CLOUDY,DRY,False,ANGLE COLLISION - OTHER,ANGLE,STRAIGHT & GRADE,DAYLIGHT,,,3/16/2020 9:11:32 AM,False,2228,Accepted,