IncidentID,AgencyORI,AgencyName,IncidentStatusDesc,County,RdwyNumber,Street,RoadwayName,StreetSfx,StreetDir,IntersectionRdwy,IntersectionRdwyName,BetweenStRdwy1,BetweenStRdwyName1,BetweenStRdwy2,BetweenStRdwyName2,Latitude,Longitude,Milepoint,CollisionDate,CollisionTime,UnitsInvolved,MotorVehiclesInvolved,NumberKilled,NumberInjured,Weather,RdwyConditionCode,HitandRun,DirAnalysisCode,MannerofCollision,RdwyCharacter,LightCondition,RampFromRdwyId,RampToRdwyId,AcceptedDate,IsSecondaryCollision,OwnerBadge,IncidentStatus,
26518942,0568000,LOUISVILLE METRO POLICE DEPT,Accepted,JEFFERSON,KY0864,,SHELBY,ST,S,,OAK,,,,,38.233398359,-85.741478133,14.702,3/10/2020 12:00:00 AM,0658,2,2,0,0,RAINING,WET,False,ANGLE COLLISION - OTHER,ANGLE,STRAIGHT & LEVEL,DAWN,,,3/16/2020 9:02:57 AM,False,7334,Accepted,
26519173,0568000,LOUISVILLE METRO POLICE DEPT,Accepted,JEFFERSON,US0042,,STORY,AVE,,I 0064,I64 E EXIT7 OFF RAMP TO  STORY AVE,,,,,38.257843409,-85.723722311,0.532,3/10/2020 12:00:00 AM,1726,2,2,0,1,CLOUDY,DRY,False,OTHER INTERSECTION COLLISIONS,REAR END,CURVE & GRADE,DAYLIGHT,,,3/16/2020 9:12:59 AM,False,7038,Accepted,
26519174,0568000,LOUISVILLE METRO POLICE DEPT,Accepted,JEFFERSON,US0031E,,MARKET,ST,E,,SHELBY,,,,,38.253263208,-85.738758106,16.976,3/10/2020 12:00:00 AM,1730,3,3,0,0,CLEAR,DRY,False,OTHER INTERSECTION COLLISIONS,REAR END,STRAIGHT & LEVEL,DAYLIGHT,,,3/16/2020 9:13:02 AM,False,7037,Accepted,
26490910,0568000,LOUISVILLE METRO POLICE DEPT,Accepted,JEFFERSON,KY2052,,SHEPHERDSVILLE,RD,,KY0864,POPLAR LEVEL,,,,,38.159964995,-85.660056117,1.487,3/10/2020 12:00:00 AM,0700,2,2,0,1,RAINING,WET,False,ANGLE COLLISION - OTHER,ANGLE,STRAIGHT & LEVEL,DARK-HWY LIGHTED/ON,,,3/10/2020 8:23:55 AM,False,5207,Accepted,
26496355,0568000,LOUISVILLE METRO POLICE DEPT,Accepted,JEFFERSON,US0150,,BROADWAY,,W,,12TH ST CONN,,,,,38.247581068,-85.771642905,1.651,3/10/2020 12:00:00 AM,0753,2,2,0,2,RAINING,WET,False,ANGLE COLLISION - OTHER,ANGLE,STRAIGHT & LEVEL,DAWN,,,3/11/2020 8:26:21 AM,False,7937,Accepted,
26496357,0568000,LOUISVILLE METRO POLICE DEPT,Accepted,JEFFERSON,KY1747,,HURSTBOURNE,PKWY,,,WATTERSON,,,,,38.162765171,-85.612957499,6.848,3/10/2020 12:00:00 AM,0838,2,2,0,0,RAINING,WET,False,ANGLE COLLISION - OTHER,ANGLE,STRAIGHT & LEVEL,DAYLIGHT,,,3/11/2020 8:26:29 AM,False,6937,Accepted,
26496372,0568000,LOUISVILLE METRO POLICE DEPT,Accepted,JEFFERSON,US0031W,,MARKET,ST,W,KY1020,3RD,,,,,38.255062899,-85.755158917,21.942,3/10/2020 12:00:00 AM,1210,2,2,0,1,CLOUDY,WET,False,ANGLE COLLISION - OTHER,ANGLE,STRAIGHT & LEVEL,DAYLIGHT,,,3/11/2020 8:27:21 AM,False,7937,Accepted,
26496380,0568000,LOUISVILLE METRO POLICE DEPT,Accepted,JEFFERSON,KY2052,,SHEPHERDSVILLE,RD,,,YE OLD POST,,,,,38.151821486,-85.659738403,0.911,3/10/2020 12:00:00 AM,0742,2,2,0,0,RAINING,WET,False,ANGLE COLLISION - OTHER,ANGLE,STRAIGHT & LEVEL,DARK (UNKNOWN ROADWAY LIGHTING),,,3/11/2020 8:27:51 AM,False,4693,Accepted,
26496381,0568000,LOUISVILLE METRO POLICE DEPT,Accepted,JEFFERSON,KY1747,,HURSTBOURNE,PKWY,S,,STONY BROOK,,,,,38.171144013,-85.604341531,7.635,3/10/2020 12:00:00 AM,0941,2,2,0,0,RAINING,WET,False,ANGLE COLLISION - OTHER,ANGLE,STRAIGHT & GRADE,DAYLIGHT,,,3/11/2020 8:27:54 AM,False,4693,Accepted,
26496382,0568000,LOUISVILLE METRO POLICE DEPT,Accepted,JEFFERSON,,,PROGRESS,BLVD,,,,,,,,38.189610247,-85.653524597,0.795,3/10/2020 12:00:00 AM,0650,2,2,0,0,RAINING,WET,False,REAR END IN TRAFFIC LANES BOTH VEHICLES MOVING,REAR END,STRAIGHT & LEVEL,DARK (UNKNOWN ROADWAY LIGHTING),,,3/11/2020 8:27:57 AM,False,4693,Accepted,
26496388,0568000,LOUISVILLE METRO POLICE DEPT,Accepted,JEFFERSON,KY0841,,GENE SNYDER,FWY,,,,,WOODRIDGE,US0031W,US31W RAMP FROM KY841,38.089542320,-85.864192779,0.651,3/10/2020 12:00:00 AM,1328,1,1,0,0,CLOUDY,DRY,False,OTHER COLLISIONS ON SHOULDER,SINGLE VEHICLE,CURVE & LEVEL,DAYLIGHT,,,3/11/2020 8:28:18 AM,False,6877,Accepted,
26496389,0568000,LOUISVILLE METRO POLICE DEPT,Accepted,JEFFERSON,KY1747,,FERN VALLEY,RD,,,FERN VALLEY,,,,,38.156450968,-85.663399584,3.767,3/10/2020 12:00:00 AM,0725,2,2,0,4,RAINING,WET,False,ANGLE COLLISION - OTHER,ANGLE,STRAIGHT & LEVEL,DAWN,,,3/11/2020 8:28:22 AM,False,7442,Accepted,
26496354,0568000,LOUISVILLE METRO POLICE DEPT,Accepted,JEFFERSON,I 0265,,I265 E,,,,,,,,,38.193287953,-85.508549686,23.440,3/10/2020 12:00:00 AM,0736,2,2,0,0,CLOUDY,WET,False,OTHER ROADWAY OR MID-BLOCK COLLISION,REAR END,STRAIGHT & LEVEL,DAYLIGHT,,,3/11/2020 8:26:17 AM,False,4903,Accepted,
26496362,0568000,LOUISVILLE METRO POLICE DEPT,Accepted,JEFFERSON,I 0064,,I64 E,,,,,,,,,38.249475056,-85.708749230,7.600,3/10/2020 12:00:00 AM,0808,1,1,0,0,RAINING,WET,False,OTHER ROADWAY OR MID-BLOCK COLLISION,SINGLE VEHICLE,STRAIGHT & LEVEL,DAYLIGHT,,,3/11/2020 8:26:39 AM,False,4656,Accepted,
26496371,0568000,LOUISVILLE METRO POLICE DEPT,Accepted,JEFFERSON,KY0841,,GENE SNYDER,FWY,,,,,,,,38.093841090,-85.833923259,2.392,3/10/2020 12:00:00 AM,1142,2,2,0,0,CLOUDY,DRY,False,SIDESWIPE COLLISION - SAME DIRECTION,SIDESWIPE-SAME DIRECTION,STRAIGHT & LEVEL,DAYLIGHT,,,3/11/2020 8:27:17 AM,False,4903,Accepted,
26496401,0568000,LOUISVILLE METRO POLICE DEPT,Accepted,JEFFERSON,,6634,STRAWBERRY,LN,,,,,,,,38.158892712,-85.763772619,0.072,3/10/2020 12:00:00 AM,1552,2,2,0,0,CLOUDY,DRY,False,1 VEHICLE ENTERING/LEAVING ENTRANCE,ANGLE,STRAIGHT & LEVEL,DAYLIGHT,,,3/11/2020 8:29:02 AM,False,7234,Accepted,
26496390,0568000,LOUISVILLE METRO POLICE DEPT,Accepted,JEFFERSON,KY1934,,CANE RUN,RD,,KY1727,TERRY,,,,,38.178057862,-85.861915285,7.185,3/10/2020 12:00:00 AM,0651,2,2,0,0,CLOUDY,WET,False,OTHER INTERSECTION COLLISIONS,REAR END,STRAIGHT & LEVEL,DARK (UNKNOWN ROADWAY LIGHTING),,,3/11/2020 8:28:25 AM,False,7485,Accepted,
26496391,0568000,LOUISVILLE METRO POLICE DEPT,Accepted,JEFFERSON,KY1865,,TAYLOR,BLVD,,,,,,,,38.170568801,-85.781406959,4.395,3/10/2020 12:00:00 AM,1012,2,2,0,0,RAINING,WET,False,REAR END IN TRAFFIC LANES BOTH VEHICLES MOVING,REAR END,STRAIGHT & LEVEL,DAYLIGHT,,,3/11/2020 8:28:29 AM,False,7424,Accepted,
26496397,0568000,LOUISVILLE METRO POLICE DEPT,Accepted,JEFFERSON,US0031W,,DIXIE,HWY,,,,,FLOWERVALE,,ORELL,38.084059754,-85.880469040,6.844,3/10/2020 12:00:00 AM,1558,2,2,0,0,CLEAR,DRY,True,OTHER ROADWAY OR MID-BLOCK COLLISION,REAR END,STRAIGHT & LEVEL,DAYLIGHT,,,3/11/2020 8:28:50 AM,False,6141,Accepted,
26496400,0568000,LOUISVILLE METRO POLICE DEPT,Accepted,JEFFERSON,KY0907,4700,VALLEY STATION,RD,,,,,,,,38.105737429,-85.848454710,1.039,3/10/2020 12:00:00 AM,1135,3,3,0,3,CLOUDY,WET,False,REAR END IN TRAFFIC LANES BOTH VEHICLES MOVING,REAR END,CURVE & HILLCREST,DAYLIGHT,,,3/11/2020 8:28:58 AM,False,7234,Accepted,
26490913,0568000,LOUISVILLE METRO POLICE DEPT,Accepted,JEFFERSON,,,CHURCH,RD,,,,,,,,38.101563514,-85.852233283,0.418,3/10/2020 12:00:00 AM,0606,2,2,0,1,RAINING,WET,False,1 VEHICLE PARKED POSITION (NOT PARKING LOT/DRIVEWAY),HEAD ON,STRAIGHT & LEVEL,DARK-HWY LIGHTED/OFF,,,3/10/2020 8:24:03 AM,False,5170,Accepted,
26490914,0568000,LOUISVILLE METRO POLICE DEPT,Accepted,JEFFERSON,I 0264,,I264 W,,,,,,,,,38.207141250,-85.677855144,15.215,3/10/2020 12:00:00 AM,0646,1,1,0,0,RAINING,WET,False,OTHER ROADWAY OR MID-BLOCK COLLISION,SINGLE VEHICLE,STRAIGHT & LEVEL,DARK-HWY LIGHTED/ON,,,3/10/2020 8:24:10 AM,False,4656,Accepted,
26496370,0568000,LOUISVILLE METRO POLICE DEPT,Accepted,JEFFERSON,US0031W,,DIXIE,HWY,,,,KY1931,GREENWOOD,,SEIBEL,38.142727313,-85.840116868,11.623,3/10/2020 12:00:00 AM,1003,2,2,0,0,RAINING,WET,False,COLLISION IN PARKING LOT,BACKING,STRAIGHT & LEVEL,DAYLIGHT,,,3/11/2020 8:27:13 AM,False,6877,Accepted,
26496377,0568000,LOUISVILLE METRO POLICE DEPT,Accepted,JEFFERSON,KY0061,,PRESTON,HWY,,,PINECROFT,,,,,38.134427107,-85.684526475,3.664,3/10/2020 12:00:00 AM,0744,2,2,0,0,RAINING,WET,False,ANGLE COLLISION - ONE VEHICLE TURNING LEFT,ANGLE,STRAIGHT & LEVEL,DARK (UNKNOWN ROADWAY LIGHTING),,,3/11/2020 8:27:47 AM,False,4693,Accepted,
26496384,0568000,LOUISVILLE METRO POLICE DEPT,Accepted,JEFFERSON,KY1065,,OUTER,LOOP,,,,,,,,38.137725454,-85.670845479,6.926,3/10/2020 12:00:00 AM,1343,2,2,0,0,CLOUDY,DRY,False,REAR END IN TRAFFIC LANES BOTH VEHICLES MOVING,REAR END,STRAIGHT & LEVEL,DAYLIGHT,,,3/11/2020 8:28:04 AM,False,4693,Accepted,
26496385,0568000,LOUISVILLE METRO POLICE DEPT,Accepted,JEFFERSON,,,3RD,ST,S,,,,WHITNEY,,LANSING,38.192598748,-85.764943676,0.551,3/10/2020 12:00:00 AM,1303,2,2,0,0,CLOUDY,WET,False,1 VEHICLE ENTERING/LEAVING ENTRANCE,ANGLE,STRAIGHT & LEVEL,DAYLIGHT,,,3/11/2020 8:28:08 AM,False,2499,Accepted,
26496387,0568000,LOUISVILLE METRO POLICE DEPT,Accepted,JEFFERSON,,,JEFFERSON,ST,E,KY0061,JACKSON,,,,,38.252449639,-85.744331959,0.624,3/10/2020 12:00:00 AM,1250,2,2,0,0,CLOUDY,DRY,False,OTHER INTERSECTION COLLISIONS,REAR END,STRAIGHT & LEVEL,DAYLIGHT,,,3/11/2020 8:28:15 AM,False,5268,Accepted,
26496393,0568000,LOUISVILLE METRO POLICE DEPT,Accepted,JEFFERSON,US0031,,CLARK MEMORIAL,BRG,,,,,,,,38.259137529,-85.752674384,0.203,3/10/2020 12:00:00 AM,1340,2,2,0,0,CLOUDY,DRY,False,SIDESWIPE COLLISION - SAME DIRECTION,SIDESWIPE-SAME DIRECTION,STRAIGHT & GRADE,DAYLIGHT,,,3/11/2020 8:28:35 AM,False,5105,Accepted,
26496394,0568000,LOUISVILLE METRO POLICE DEPT,Accepted,JEFFERSON,KY0061,,PRESTON,HWY,,,,KY1747,FERN VALLEY,,OLD FERN VALLEY,38.155929792,-85.696414236,5.281,3/10/2020 12:00:00 AM,1443,2,2,0,0,CLOUDY,DRY,False,1 VEHICLE ENTERING/LEAVING ENTRANCE,ANGLE,STRAIGHT & LEVEL,DAYLIGHT,,,3/11/2020 8:28:40 AM,False,5026,Accepted,
26496395,0568000,LOUISVILLE METRO POLICE DEPT,Accepted,JEFFERSON,,,BROOK,ST,S,,,,,,,38.230857264,-85.754312629,1.825,3/10/2020 12:00:00 AM,0900,3,3,0,0,CLOUDY,DRY,False,1 VEHICLE PARKED POSITION (NOT PARKING LOT/DRIVEWAY),HEAD ON,STRAIGHT & LEVEL,DAYLIGHT,,,3/11/2020 8:28:46 AM,False,7296,Accepted,
26496402,0568000,LOUISVILLE METRO POLICE DEPT,Accepted,JEFFERSON,US0031E,,BARDSTOWN,RD,,,,,WOODFORD,,VILLAGE,38.225410423,-85.695796834,13.757,3/10/2020 12:00:00 AM,1707,2,2,0,0,CLOUDY,DRY,False,REAR END IN TRAFFIC LANES BOTH VEHICLES MOVING,REAR END,STRAIGHT & LEVEL,DAYLIGHT,,,3/11/2020 8:29:05 AM,False,2100,Accepted,
26496403,0568000,LOUISVILLE METRO POLICE DEPT,Accepted,JEFFERSON,KY0864,,BEULAH CHURCH,RD,,,,,ADAMS RUN,,ARBOR MANOR,38.118265172,-85.615193905,2.918,3/10/2020 12:00:00 AM,1645,2,2,0,0,CLEAR,DRY,False,REAR END IN TRAFFIC LANES BOTH VEHICLES MOVING,REAR END,STRAIGHT & LEVEL,DAYLIGHT,,,3/11/2020 8:29:09 AM,False,2321,Accepted,
26496411,0568000,LOUISVILLE METRO POLICE DEPT,Accepted,JEFFERSON,,,MURPHY,LN,,,,KY1447,WESTPORT,,NANSEMOND,38.302580537,-85.532832507,0.040,3/10/2020 12:00:00 AM,1541,3,3,0,0,CLOUDY,DRY,False,OTHER ROADWAY OR MID-BLOCK COLLISION,REAR END,STRAIGHT & HILLCREST,DAYLIGHT,,,3/11/2020 8:29:46 AM,False,7751,Accepted,
26496412,0568000,LOUISVILLE METRO POLICE DEPT,Accepted,JEFFERSON,US0060,,SHELBYVILLE,RD,,,WHIPPS MILL,,,,,38.248542971,-85.602646470,6.449,3/10/2020 12:00:00 AM,1244,2,2,0,0,CLOUDY,WET,False,OPPOSING LEFT TURN,OPPOSING LEFT TURN,STRAIGHT & LEVEL,DAYLIGHT,,,3/11/2020 8:29:50 AM,False,5223,Accepted,
26492021,0564500,PROSPECT POLICE DEPARTMENT,Accepted,JEFFERSON,KY3222,,ROSE ISLAND,RD,,,,,,,,38.362943930,-85.617453466,,3/10/2020 12:00:00 AM,0840,1,1,0,0,RAINING,WET,False,OTHER COLLISIONS ON SHOULDER,SINGLE VEHICLE,CURVE & LEVEL,DAYLIGHT,,,3/10/2020 11:30:48 AM,False,1120,Accepted,
26496358,0568000,LOUISVILLE METRO POLICE DEPT,Accepted,JEFFERSON,KY1020,8510,NATIONAL,TPKE,,,,,,,,38.111689679,-85.747461870,2.606,3/10/2020 12:00:00 AM,0846,2,2,0,0,RAINING,WET,True,COLLISION IN PARKING LOT,BACKING,STRAIGHT & LEVEL,DAYLIGHT,,,3/11/2020 8:26:32 AM,False,7252,Accepted,
26496383,0568000,LOUISVILLE METRO POLICE DEPT,Accepted,JEFFERSON,KY1450,,BLUE LICK,RD,,,,,,,,38.119844476,-85.689476185,2.416,3/10/2020 12:00:00 AM,0625,2,2,0,0,RAINING,WET,False,SIDESWIPE COLLISION - SAME DIRECTION,SIDESWIPE-SAME DIRECTION,STRAIGHT & LEVEL,DARK (UNKNOWN ROADWAY LIGHTING),,,3/11/2020 8:28:00 AM,False,4693,Accepted,
26496392,0568000,LOUISVILLE METRO POLICE DEPT,Accepted,JEFFERSON,,,ZORN,AVE,,,MELLWOOD,,,,,38.273641996,-85.696237052,1.439,3/10/2020 12:00:00 AM,1355,2,2,0,0,CLOUDY,WET,False,OTHER INTERSECTION COLLISIONS,REAR END,STRAIGHT & LEVEL,DAYLIGHT,,,3/11/2020 8:28:32 AM,False,5250,Accepted,
26496413,0568000,LOUISVILLE METRO POLICE DEPT,Accepted,JEFFERSON,,,SIX MILE,LN,,,,,CHEVY CHASE,,CRAWFORD,38.196588973,-85.649199324,0.215,3/10/2020 12:00:00 AM,0651,2,2,0,3,RAINING,WET,False,HEAD-ON COLLISION,HEAD ON,STRAIGHT & LEVEL,DARK-HWY LIGHTED/ON,,,3/11/2020 8:29:54 AM,False,7250,Accepted,
26496406,0568000,LOUISVILLE METRO POLICE DEPT,Accepted,JEFFERSON,US0150,,BROADWAY,,E,KY0864,SHELBY,,,,,38.244672723,-85.739494236,3.404,3/10/2020 12:00:00 AM,1725,2,2,0,0,CLOUDY,DRY,False,ANGLE COLLISION - OTHER,ANGLE,STRAIGHT & LEVEL,DAYLIGHT,,,3/11/2020 8:29:20 AM,False,7266,Accepted,
26496407,0568000,LOUISVILLE METRO POLICE DEPT,Accepted,JEFFERSON,,4812,IMPERIAL,TER,,,,,,,,38.176200978,-85.846027377,0.056,3/10/2020 12:00:00 AM,0808,2,1,0,1,RAINING,WET,False,COLLISION WITH PEDESTRIAN NON - INTERSECTION,SINGLE VEHICLE,STRAIGHT & LEVEL,DAYLIGHT,,,3/11/2020 8:29:26 AM,False,7177,Accepted,
26496408,0568000,LOUISVILLE METRO POLICE DEPT,Accepted,JEFFERSON,,,CREEK VIEW ESTATES,DR,,,,,,,,38.113527419,-85.602455747,0.195,3/10/2020 12:00:00 AM,1000,2,2,0,0,RAINING,WET,False,1 VEHICLE PARKED POSITION (NOT PARKING LOT/DRIVEWAY),BACKING,STRAIGHT & LEVEL,DAYLIGHT,,,3/11/2020 8:29:29 AM,False,6878,Accepted,
26496415,0568000,LOUISVILLE METRO POLICE DEPT,Accepted,JEFFERSON,,,TYLER,LN,,,ELEANOR,,,,,38.216508395,-85.679765506,0.673,3/10/2020 12:00:00 AM,1644,2,2,0,2,CLOUDY,DRY,False,ANGLE COLLISION - OTHER,ANGLE,STRAIGHT & LEVEL,DAYLIGHT,,,3/11/2020 8:29:57 AM,False,6813,Accepted,
26496409,0568000,LOUISVILLE METRO POLICE DEPT,Accepted,JEFFERSON,US0060,,SHELBYVILLE,RD,,,,KY1747,HURSTBOURNE,,EDEN,38.246516072,-85.578202103,7.786,3/10/2020 12:00:00 AM,0939,2,2,0,0,RAINING,WET,False,OTHER ROADWAY OR MID-BLOCK COLLISION,REAR END,STRAIGHT & LEVEL,DAYLIGHT,,,3/11/2020 8:29:36 AM,False,7751,Accepted,
26496418,0568000,LOUISVILLE METRO POLICE DEPT,Accepted,JEFFERSON,,,MARKET,ST,W,,41ST,,,,,38.262790842,-85.816415758,1.628,3/10/2020 12:00:00 AM,1605,2,2,0,0,CLEAR,DRY,False,ANGLE COLLISION - ONE VEHICLE TURNING LEFT,ANGLE,CURVE & GRADE,DAYLIGHT,,,3/11/2020 8:30:11 AM,False,5161,Accepted,
26496426,0568000,LOUISVILLE METRO POLICE DEPT,Accepted,JEFFERSON,,,LOGAN,ST,,,FINZER,,,,,38.243250005,-85.738405160,0.001,3/10/2020 12:00:00 AM,1834,2,2,0,0,CLEAR,DRY,False,ANGLE COLLISION - OTHER,ANGLE,STRAIGHT & LEVEL,DARK (UNKNOWN ROADWAY LIGHTING),,,3/11/2020 8:30:56 AM,False,7862,Accepted,
26496459,0568000,LOUISVILLE METRO POLICE DEPT,Accepted,JEFFERSON,KY0864,,LOGAN,ST,,,OAK,,,,,38.233253472,-85.739958293,14.612,3/10/2020 12:00:00 AM,0954,2,2,0,0,RAINING,WET,False,OTHER INTERSECTION COLLISIONS,REAR END,STRAIGHT & LEVEL,DAYLIGHT,,,3/11/2020 8:31:26 AM,False,7429,Accepted,
26496461,0568000,LOUISVILLE METRO POLICE DEPT,Accepted,JEFFERSON,,149,MOHAWK,AVE,,,,,,,,38.187112381,-85.759883710,0.107,3/10/2020 12:00:00 AM,1956,2,2,0,0,CLEAR,DRY,False,1 VEHICLE PARKED POSITION (NOT PARKING LOT/DRIVEWAY),REAR END,STRAIGHT & LEVEL,DARK (UNKNOWN ROADWAY LIGHTING),,,3/11/2020 8:31:30 AM,False,5284,Accepted,
26509881,0568000,LOUISVILLE METRO POLICE DEPT,Accepted,JEFFERSON,KY1065,,OUTER,LOOP,,,,,NOLTEMEYER WYNDE,,CAROL,38.138404661,-85.683197609,6.251,3/10/2020 12:00:00 AM,1545,3,3,0,0,CLOUDY,DRY,True,REAR END IN TRAFFIC LANES BOTH VEHICLES MOVING,REAR END,STRAIGHT & LEVEL,DAYLIGHT,,,3/13/2020 2:53:52 PM,False,2583,Accepted,
26518907,0568000,LOUISVILLE METRO POLICE DEPT,Accepted,JEFFERSON,US0031E,,MAIN,ST,W,,,,1ST,,2ND,38.256140103,-85.751853411,17.806,3/10/2020 12:00:00 AM,1710,3,3,0,0,CLOUDY,DRY,False,OTHER ROADWAY OR MID-BLOCK COLLISION,REAR END,STRAIGHT & LEVEL,DAYLIGHT,,,3/16/2020 9:01:13 AM,False,5251,Accepted,
26496416,0568000,LOUISVILLE METRO POLICE DEPT,Accepted,JEFFERSON,I 0064,,I64 E,,,,,I 0065,I65 N,I 0064,I64 N EXIT137 RAMP TO I71 N,38.260920295,-85.734460216,5.886,3/10/2020 12:00:00 AM,1653,2,2,0,0,CLOUDY,DRY,False,OTHER ROADWAY OR MID-BLOCK COLLISION,REAR END,STRAIGHT & LEVEL,DAYLIGHT,,,3/11/2020 8:30:01 AM,False,2764,Accepted,
26496417,0568000,LOUISVILLE METRO POLICE DEPT,Accepted,JEFFERSON,KY1865,,TAYLOR,BLVD,,,,,ASHLAND,,MANITAU,38.185933681,-85.783914000,5.481,3/10/2020 12:00:00 AM,0745,2,2,0,0,RAINING,WET,False,OTHER ROADWAY OR MID-BLOCK COLLISION,REAR END,STRAIGHT & LEVEL,DAWN,,,3/11/2020 8:30:07 AM,False,5289,Accepted,
26496424,0568000,LOUISVILLE METRO POLICE DEPT,Accepted,JEFFERSON,KY1020,,3RD,ST,S,US0060A,WINKLER,,,,,38.210612168,-85.762971924,9.847,3/10/2020 12:00:00 AM,0914,1,1,0,0,RAINING,WET,False,OTHER INTERSECTION COLLISIONS,SINGLE VEHICLE,STRAIGHT & GRADE,DAYLIGHT,,,3/11/2020 8:30:53 AM,False,7495,Accepted,
26496433,0568000,LOUISVILLE METRO POLICE DEPT,Accepted,JEFFERSON,KY0061,,PRESTON,ST,S,,,,CALDWELL,,KENTUCKY,38.238601484,-85.748658292,11.786,3/10/2020 12:00:00 AM,1800,1,1,0,1,CLEAR,DRY,False,COLLISION WITH FIXED OBJECT NON - INTERSECTION - FIRST EVENT COLLISION 09 - 32 EXCLUDING 16,SINGLE VEHICLE,STRAIGHT & LEVEL,DAYLIGHT,,,3/11/2020 8:31:05 AM,False,7116,Accepted,
26496467,0568000,LOUISVILLE METRO POLICE DEPT,Accepted,JEFFERSON,,,7TH,ST,S,KY2054,ALGONQUIN,,,,,38.219871389,-85.777635246,0.014,3/10/2020 12:00:00 AM,1959,2,2,0,0,CLOUDY,DRY,False,VEHICLE BACKING IN INTERSECTION,BACKING,STRAIGHT & LEVEL,DARK-HWY LIGHTED/ON,,,3/11/2020 8:31:49 AM,False,7461,Accepted,
26496428,0568000,LOUISVILLE METRO POLICE DEPT,Accepted,JEFFERSON,KY0864,,LOGAN,ST,,,BRECKINRIDGE,,,,,38.239658676,-85.739060067,15.064,3/10/2020 12:00:00 AM,1400,2,2,0,0,CLEAR,DRY,False,ANGLE COLLISION - OTHER,ANGLE,STRAIGHT & LEVEL,DAYLIGHT,,,3/11/2020 8:31:00 AM,False,7116,Accepted,
26496446,0568000,LOUISVILLE METRO POLICE DEPT,Accepted,JEFFERSON,US0060A,,TAYLOR,BLVD,,,LONGFIELD,,,,,38.198622770,-85.782808193,1.616,3/10/2020 12:00:00 AM,0910,4,4,0,0,RAINING,WET,False,OTHER INTERSECTION COLLISIONS,REAR END,STRAIGHT & LEVEL,DAYLIGHT,,,3/11/2020 8:31:09 AM,False,7360,Accepted,
26496422,0568000,LOUISVILLE METRO POLICE DEPT,Accepted,JEFFERSON,,,DIXIE,HWY,,,BERNHEIM,,,,,38.221434387,-85.793268606,1.993,3/10/2020 12:00:00 AM,1800,2,2,0,2,CLOUDY,DRY,False,ANGLE COLLISION - OTHER,ANGLE,STRAIGHT & LEVEL,DAYLIGHT,,,3/11/2020 8:30:47 AM,False,7387,Accepted,
26496458,0568000,LOUISVILLE METRO POLICE DEPT,Accepted,JEFFERSON,I 0065,,,,,,,,,,,38.227271776,-85.751287615,0.080,3/10/2020 12:00:00 AM,1010,1,1,0,0,RAINING,WET,False,OTHER RAMP RELATED COLLISIONS NOT LISTED ABOVE,SINGLE VEHICLE,CURVE & LEVEL,DAYLIGHT,I 0065,KY0061,3/11/2020 8:31:23 AM,False,7429,Accepted,
26496464,0568000,LOUISVILLE METRO POLICE DEPT,Accepted,JEFFERSON,US0031E,,BARDSTOWN,RD,,,,,,,,38.228596865,-85.701289124,14.131,3/10/2020 12:00:00 AM,2001,2,2,0,0,CLEAR,DRY,False,OTHER ROADWAY OR MID-BLOCK COLLISION,REAR TO REAR,STRAIGHT & GRADE,DARK-HWY LIGHTED/ON,,,3/11/2020 8:31:37 AM,False,7376,Accepted,
26496465,0568000,LOUISVILLE METRO POLICE DEPT,Accepted,JEFFERSON,US0031E,,BARDSTOWN,RD,,,,,OLD BARDSTOWN,,CAPTAIN,38.130463159,-85.577388234,4.086,3/10/2020 12:00:00 AM,0717,2,2,0,0,RAINING,WET,False,OTHER ROADWAY OR MID-BLOCK COLLISION,REAR END,STRAIGHT & LEVEL,DAWN,,,3/11/2020 8:31:41 AM,False,7838,Accepted,
26502477,0568000,LOUISVILLE METRO POLICE DEPT,Accepted,JEFFERSON,KY0146,11702,LA GRANGE,RD,,,,,,,,38.272882909,-85.521765510,6.185,3/10/2020 12:00:00 AM,1642,2,2,0,0,CLOUDY,DRY,False,VEHICLE BACKING NON INTERSECTION,BACKING,STRAIGHT & LEVEL,DAYLIGHT,,,3/12/2020 8:48:01 AM,False,7751,Accepted,